,Feature,POD_mean,F_mean,FAR_mean,CSI_mean,PSS_mean,HSS_mean,ORSS_mean,CSS_mean
0,FRICV_surface,0.52238806,0.017584452,0.520547945,0.333333333,0.504803608,0.483812033,0.967797037,0.464602867
1,FRICV_surface,0.507462687,0.017584452,0.527777778,0.323809524,0.489878235,0.472783992,0.965847813,0.4569161
2,FRICV_surface,0.507462687,0.017584452,0.527777778,0.323809524,0.489878235,0.472783992,0.965847813,0.4569161
3,FRICV_surface,0.52238806,0.015270708,0.485294118,0.35,0.507117352,0.503476556,0.972039822,0.499891068
4,UGRD_10maboveground,0.507462687,0.017121703,0.521126761,0.326923077,0.490340984,0.476556469,0.966747008,0.463574213
5,UGRD_10maboveground,0.507462687,0.017121703,0.521126761,0.326923077,0.490340984,0.476556469,0.966747008,0.463574213
6,UGRD_10maboveground,0.507462687,0.0180472,0.534246575,0.320754717,0.489415486,0.469063805,0.964948594,0.4504402
7,UGRD_10maboveground,0.507462687,0.017121703,0.521126761,0.326923077,0.490340984,0.476556469,0.966747008,0.463574213
8,UGRD_975mb,0.507462687,0.016658954,0.514285714,0.330097087,0.490803732,0.480382348,0.967646178,0.470422349
9,UGRD_975mb,0.507462687,0.016658954,0.514285714,0.330097087,0.490803732,0.480382348,0.967646178,0.470422349
10,UGRD_975mb,0.507462687,0.0180472,0.534246575,0.320754717,0.489415486,0.469063805,0.964948594,0.4504402
11,UGRD_975mb,0.507462687,0.015733457,0.5,0.336633663,0.49172923,0.488198911,0.969444444,0.484722222
12,UGRD_950mb,0.52238806,0.015270708,0.485294118,0.35,0.507117352,0.503476556,0.972039822,0.499891068
13,UGRD_950mb,0.52238806,0.014807959,0.47761194,0.353535354,0.5075801,0.5075801,0.972888177,0.5075801
14,UGRD_950mb,0.52238806,0.017121703,0.513888889,0.336538462,0.505266357,0.487635147,0.968645729,0.471268811
15,UGRD_950mb,0.52238806,0.015270708,0.485294118,0.35,0.507117352,0.503476556,0.972039822,0.499891068
16,UGRD_925mb,0.52238806,0.015733457,0.492753623,0.346534653,0.506654603,0.499431513,0.9711914,0.4924247
17,UGRD_925mb,0.52238806,0.016658954,0.507042254,0.339805825,0.505729106,0.491511999,0.969494353,0.478122327
18,UGRD_925mb,0.52238806,0.016196205,0.5,0.343137255,0.506191854,0.495443729,0.97034291,0.485171455
19,UGRD_925mb,0.52238806,0.016196205,0.5,0.343137255,0.506191854,0.495443729,0.97034291,0.485171455
20,UGRD_900mb,0.52238806,0.015733457,0.492753623,0.346534653,0.506654603,0.499431513,0.9711914,0.4924247
21,UGRD_900mb,0.52238806,0.015733457,0.492753623,0.346534653,0.506654603,0.499431513,0.9711914,0.4924247
22,UGRD_900mb,0.507462687,0.015733457,0.5,0.336633663,0.49172923,0.488198911,0.969444444,0.484722222
23,UGRD_900mb,0.52238806,0.015733457,0.492753623,0.346534653,0.506654603,0.499431513,0.9711914,0.4924247
24,UGRD_875mb,0.507462687,0.015733457,0.5,0.336633663,0.49172923,0.488198911,0.969444444,0.484722222
25,UGRD_875mb,0.507462687,0.015270708,0.492537313,0.34,0.492191979,0.492191979,0.970343541,0.492191979
26,UGRD_875mb,0.492537313,0.015270708,0.5,0.33,0.477266605,0.480743008,0.968547641,0.484273821
27,UGRD_875mb,0.462686567,0.016658954,0.537313433,0.300970874,0.446027613,0.446027613,0.961411919,0.446027613
28,UGRD_850mb,0.462686567,0.016196205,0.53030303,0.303921569,0.446490362,0.449742591,0.962481017,0.453045721
29,UGRD_850mb,0.462686567,0.016196205,0.53030303,0.303921569,0.446490362,0.449742591,0.962481017,0.453045721
30,UGRD_850mb,0.432835821,0.015733457,0.53968254,0.287128713,0.417102364,0.429526526,0.958967844,0.442765497
31,UGRD_850mb,0.447761194,0.015733457,0.53125,0.297029703,0.432027737,0.441607952,0.96133276,0.451652033
32,UGRD_825mb,0.432835821,0.015270708,0.532258065,0.29,0.417565113,0.433229191,0.96016898,0.450198076
33,UGRD_825mb,0.447761194,0.016196205,0.538461538,0.294117647,0.431564989,0.437898145,0.960199769,0.44443259
34,UGRD_825mb,0.432835821,0.015270708,0.532258065,0.29,0.417565113,0.433229191,0.96016898,0.450198076
35,UGRD_825mb,0.432835821,0.015270708,0.532258065,0.29,0.417565113,0.433229191,0.96016898,0.450198076
36,UGRD_800mb,0.432835821,0.015270708,0.532258065,0.29,0.417565113,0.433229191,0.96016898,0.450198076
37,UGRD_800mb,0.462686567,0.017584452,0.550724638,0.295238095,0.445102116,0.438756544,0.9592742,0.432600976
38,UGRD_800mb,0.432835821,0.015270708,0.532258065,0.29,0.417565113,0.433229191,0.96016898,0.450198076
39,UGRD_800mb,0.462686567,0.016658954,0.537313433,0.300970874,0.446027613,0.446027613,0.961411919,0.446027613
40,UGRD_775mb,0.447761194,0.015270708,0.523809524,0.3,0.432490486,0.445373011,0.962465993,0.459100407
41,UGRD_775mb,0.47761194,0.017121703,0.536231884,0.307692308,0.460490237,0.453925286,0.962606298,0.447556907
42,UGRD_775mb,0.432835821,0.013882462,0.508474576,0.298969072,0.418953359,0.444678215,0.963774448,0.474005829
43,UGRD_775mb,0.432835821,0.014807959,0.524590164,0.292929293,0.418027862,0.436987834,0.961370459,0.457874072
44,UGRD_750mb,0.462686567,0.015270708,0.515625,0.31,0.447415859,0.457337306,0.964619691,0.46773914
45,UGRD_750mb,0.462686567,0.016658954,0.537313433,0.300970874,0.446027613,0.446027613,0.961411919,0.446027613
46,UGRD_750mb,0.462686567,0.016658954,0.537313433,0.300970874,0.446027613,0.446027613,0.961411919,0.446027613
47,UGRD_750mb,0.462686567,0.016658954,0.537313433,0.300970874,0.446027613,0.446027613,0.961411919,0.446027613
48,UGRD_725mb,0.462686567,0.016658954,0.537313433,0.300970874,0.446027613,0.446027613,0.961411919,0.446027613
49,UGRD_725mb,0.462686567,0.016196205,0.53030303,0.303921569,0.446490362,0.449742591,0.962481017,0.453045721
50,UGRD_725mb,0.462686567,0.016658954,0.537313433,0.300970874,0.446027613,0.446027613,0.961411919,0.446027613
51,UGRD_725mb,0.462686567,0.016658954,0.537313433,0.300970874,0.446027613,0.446027613,0.961411919,0.446027613
52,UGRD_700mb,0.462686567,0.016658954,0.537313433,0.300970874,0.446027613,0.446027613,0.961411919,0.446027613
53,UGRD_700mb,0.447761194,0.017121703,0.552238806,0.288461538,0.430639491,0.430639491,0.95793452,0.430639491
54,UGRD_700mb,0.462686567,0.016658954,0.537313433,0.300970874,0.446027613,0.446027613,0.961411919,0.446027613
55,UGRD_700mb,0.462686567,0.016658954,0.537313433,0.300970874,0.446027613,0.446027613,0.961411919,0.446027613
56,VGRD_10maboveground,0.462686567,0.014807959,0.507936508,0.313131313,0.447878608,0.461219497,0.965689267,0.475435317
57,VGRD_10maboveground,0.447761194,0.014345211,0.508196721,0.306122449,0.433415983,0.453073896,0.964733193,0.474728982
58,VGRD_10maboveground,0.462686567,0.014807959,0.507936508,0.313131313,0.447878608,0.461219497,0.965689267,0.475435317
59,VGRD_10maboveground,0.462686567,0.014807959,0.507936508,0.313131313,0.447878608,0.461219497,0.965689267,0.475435317
60,VGRD_975mb,0.47761194,0.014807959,0.5,0.323232323,0.462803981,0.473066659,0.967652495,0.483826248
61,VGRD_975mb,0.47761194,0.014807959,0.5,0.323232323,0.462803981,0.473066659,0.967652495,0.483826248
62,VGRD_975mb,0.47761194,0.014807959,0.5,0.323232323,0.462803981,0.473066659,0.967652495,0.483826248
63,VGRD_975mb,0.47761194,0.014807959,0.5,0.323232323,0.462803981,0.473066659,0.967652495,0.483826248
64,VGRD_950mb,0.47761194,0.016196205,0.52238806,0.31372549,0.461415735,0.461415735,0.964624514,0.461415735
65,VGRD_950mb,0.47761194,0.014807959,0.5,0.323232323,0.462803981,0.473066659,0.967652495,0.483826248
66,VGRD_950mb,0.47761194,0.015733457,0.515151515,0.316831683,0.461878484,0.465242799,0.965633754,0.468659771
67,VGRD_950mb,0.47761194,0.013882462,0.483870968,0.329896907,0.463729478,0.481125315,0.969671587,0.499970214
68,VGRD_925mb,0.462686567,0.013882462,0.491803279,0.319587629,0.448804105,0.469159958,0.967828897,0.491583893
69,VGRD_925mb,0.47761194,0.012494216,0.457627119,0.340425532,0.465117725,0.493677196,0.97270088,0.526236413
70,VGRD_925mb,0.47761194,0.014345211,0.492063492,0.326530612,0.46326673,0.477065982,0.968661997,0.491770226
71,VGRD_925mb,0.47761194,0.013882462,0.483870968,0.329896907,0.463729478,0.481125315,0.969671587,0.499970214
72,VGRD_900mb,0.47761194,0.014345211,0.492063492,0.326530612,0.46326673,0.477065982,0.968661997,0.491770226
73,VGRD_900mb,0.47761194,0.014807959,0.5,0.323232323,0.462803981,0.473066659,0.967652495,0.483826248
74,VGRD_900mb,0.47761194,0.015270708,0.507692308,0.32,0.462341232,0.469126026,0.966643081,0.476126463
75,VGRD_900mb,0.462686567,0.015270708,0.515625,0.31,0.447415859,0.457337306,0.964619691,0.46773914
76,VGRD_875mb,0.47761194,0.014345211,0.492063492,0.326530612,0.46326673,0.477065982,0.968661997,0.491770226
77,VGRD_875mb,0.47761194,0.013882462,0.483870968,0.329896907,0.463729478,0.481125315,0.969671587,0.499970214
78,VGRD_875mb,0.47761194,0.013882462,0.483870968,0.329896907,0.463729478,0.481125315,0.969671587,0.499970214
79,VGRD_875mb,0.462686567,0.013882462,0.491803279,0.319587629,0.448804105,0.469159958,0.967828897,0.491583893
80,VGRD_850mb,0.447761194,0.014345211,0.508196721,0.306122449,0.433415983,0.453073896,0.964733193,0.474728982
81,VGRD_850mb,0.432835821,0.013882462,0.508474576,0.298969072,0.418953359,0.444678215,0.963774448,0.474005829
82,VGRD_850mb,0.432835821,0.015733457,0.53968254,0.287128713,0.417102364,0.429526526,0.958967844,0.442765497
83,VGRD_850mb,0.432835821,0.014345211,0.516666667,0.295918367,0.41849061,0.440803736,0.962572282,0.465805658
84,VGRD_825mb,0.432835821,0.012494216,0.482142857,0.308510638,0.420341605,0.456666917,0.967383011,0.500361747
85,VGRD_825mb,0.417910448,0.013419713,0.50877193,0.291666667,0.404490735,0.436020757,0.962812567,0.473263998
86,VGRD_825mb,0.417910448,0.013419713,0.50877193,0.291666667,0.404490735,0.436020757,0.962812567,0.473263998
87,VGRD_825mb,0.417910448,0.013419713,0.50877193,0.291666667,0.404490735,0.436020757,0.962812567,0.473263998
88,VGRD_800mb,0.417910448,0.013419713,0.50877193,0.291666667,0.404490735,0.436020757,0.962812567,0.473263998
89,VGRD_800mb,0.417910448,0.014345211,0.525423729,0.285714286,0.403565237,0.428345221,0.960262289,0.456595635
90,VGRD_800mb,0.417910448,0.012956964,0.5,0.294736842,0.404953483,0.439948976,0.964088398,0.482044199
91,VGRD_800mb,0.417910448,0.012956964,0.5,0.294736842,0.404953483,0.439948976,0.964088398,0.482044199
92,VGRD_775mb,0.417910448,0.012031467,0.481481481,0.301075269,0.405878981,0.447993535,0.966641445,0.500579236
93,VGRD_775mb,0.417910448,0.012031467,0.481481481,0.301075269,0.405878981,0.447993535,0.966641445,0.500579236
94,VGRD_775mb,0.462686567,0.010643221,0.425925926,0.344444444,0.452043346,0.498947978,0.975322624,0.557514736
95,VGRD_775mb,0.432835821,0.011105969,0.452830189,0.318681319,0.421729851,0.469234375,0.970994673,0.529698547
96,VGRD_750mb,0.432835821,0.011105969,0.452830189,0.318681319,0.421729851,0.469234375,0.970994673,0.529698547
97,VGRD_750mb,0.432835821,0.011105969,0.452830189,0.318681319,0.421729851,0.469234375,0.970994673,0.529698547
98,VGRD_750mb,0.447761194,0.011105969,0.444444444,0.32967033,0.436655225,0.481963164,0.972676082,0.538536236
99,VGRD_750mb,0.432835821,0.011568718,0.462962963,0.315217391,0.421267103,0.46497835,0.969790441,0.519557736
100,VGRD_725mb,0.373134328,0.012031467,0.509803922,0.268817204,0.361102861,0.408349279,0.959902326,0.470903474
101,VGRD_725mb,0.432835821,0.011568718,0.462962963,0.315217391,0.421267103,0.46497835,0.969790441,0.519557736
102,VGRD_725mb,0.417910448,0.011568718,0.471698113,0.304347826,0.40634173,0.452112903,0.967918661,0.510370852
103,VGRD_725mb,0.417910448,0.011105969,0.461538462,0.307692308,0.406804478,0.456299097,0.96919634,0.520538744
104,VGRD_700mb,0.432835821,0.010643221,0.442307692,0.322222222,0.4221926,0.473559443,0.972199249,0.540229072
105,VGRD_700mb,0.447761194,0.011568718,0.454545455,0.326086957,0.436192476,0.477640047,0.971540651,0.528427394
106,VGRD_700mb,0.447761194,0.011568718,0.454545455,0.326086957,0.436192476,0.477640047,0.971540651,0.528427394
107,VGRD_700mb,0.432835821,0.011105969,0.452830189,0.318681319,0.421729851,0.469234375,0.970994673,0.529698547
108,TKE_975mb,0.402985075,0.010643221,0.46,0.3,0.392341854,0.447333606,0.968625311,0.521634527
109,TKE_975mb,0.417910448,0.010180472,0.44,0.314606742,0.407729976,0.464878571,0.971753086,0.542093664
110,TKE_975mb,0.402985075,0.010643221,0.46,0.3,0.392341854,0.447333606,0.968625311,0.521634527
111,TKE_975mb,0.402985075,0.011105969,0.470588235,0.296703297,0.391879105,0.443152263,0.96726845,0.511037856
112,TKE_950mb,0.402985075,0.011105969,0.470588235,0.296703297,0.391879105,0.443152263,0.96726845,0.511037856
113,TKE_950mb,0.402985075,0.011105969,0.470588235,0.296703297,0.391879105,0.443152263,0.96726845,0.511037856
114,TKE_950mb,0.402985075,0.011105969,0.470588235,0.296703297,0.391879105,0.443152263,0.96726845,0.511037856
115,TKE_950mb,0.388059701,0.010643221,0.469387755,0.288888889,0.377416481,0.433893649,0.966637774,0.511796274
116,TKE_925mb,0.388059701,0.011105969,0.48,0.285714286,0.376953732,0.429788641,0.965196477,0.50117539
117,TKE_925mb,0.388059701,0.011105969,0.48,0.285714286,0.376953732,0.429788641,0.965196477,0.50117539
118,TKE_925mb,0.402985075,0.011105969,0.470588235,0.296703297,0.391879105,0.443152263,0.96726845,0.511037856
119,TKE_925mb,0.402985075,0.011105969,0.470588235,0.296703297,0.391879105,0.443152263,0.96726845,0.511037856
120,TKE_900mb,0.402985075,0.010180472,0.448979592,0.303370787,0.392804603,0.451584472,0.969982774,0.532663364
121,TKE_900mb,0.388059701,0.010180472,0.458333333,0.292134831,0.377879229,0.438067481,0.968079836,0.522859327
122,TKE_900mb,0.358208955,0.010643221,0.489361702,0.266666667,0.347565734,0.406332006,0.962180455,0.490922571
123,TKE_900mb,0.358208955,0.010180472,0.47826087,0.269662921,0.348028483,0.41034202,0.963811637,0.502032439
124,TKE_875mb,0.358208955,0.010180472,0.47826087,0.269662921,0.348028483,0.41034202,0.963811637,0.502032439
125,TKE_875mb,0.373134328,0.010180472,0.468085106,0.280898876,0.362953856,0.424321946,0.966028787,0.512657672
126,TKE_875mb,0.402985075,0.010180472,0.448979592,0.303370787,0.392804603,0.451584472,0.969982774,0.532663364
127,TKE_875mb,0.417910448,0.010180472,0.44,0.314606742,0.407729976,0.464878571,0.971753086,0.542093664
128,TKE_850mb,0.373134328,0.010643221,0.479166667,0.277777778,0.362491108,0.420228354,0.964495737,0.501567278
129,TKE_850mb,0.373134328,0.010643221,0.479166667,0.277777778,0.362491108,0.420228354,0.964495737,0.501567278
130,TKE_850mb,0.388059701,0.010643221,0.469387755,0.288888889,0.377416481,0.433893649,0.966637774,0.511796274
131,TKE_850mb,0.388059701,0.010643221,0.469387755,0.288888889,0.377416481,0.433893649,0.966637774,0.511796274
132,TKE_825mb,0.343283582,0.010643221,0.5,0.255555556,0.332640361,0.392198697,0.959670027,0.479835014
133,TKE_825mb,0.343283582,0.010643221,0.5,0.255555556,0.332640361,0.392198697,0.959670027,0.479835014
134,TKE_825mb,0.343283582,0.010643221,0.5,0.255555556,0.332640361,0.392198697,0.959670027,0.479835014
135,TKE_825mb,0.358208955,0.010643221,0.489361702,0.266666667,0.347565734,0.406332006,0.962180455,0.490922571
136,TKE_800mb,0.358208955,0.010643221,0.489361702,0.266666667,0.347565734,0.406332006,0.962180455,0.490922571
137,TKE_800mb,0.358208955,0.010643221,0.489361702,0.266666667,0.347565734,0.406332006,0.962180455,0.490922571
138,TKE_800mb,0.358208955,0.010180472,0.47826087,0.269662921,0.348028483,0.41034202,0.963811637,0.502032439
139,TKE_800mb,0.358208955,0.009254975,0.454545455,0.275862069,0.348953981,0.418570742,0.967077559,0.525765901
140,TKE_775mb,0.358208955,0.009717723,0.466666667,0.272727273,0.348491232,0.414421,0.965444004,0.51363567
141,TKE_775mb,0.358208955,0.010180472,0.47826087,0.269662921,0.348028483,0.41034202,0.963811637,0.502032439
142,TKE_775mb,0.358208955,0.009254975,0.454545455,0.275862069,0.348953981,0.418570742,0.967077559,0.525765901
143,TKE_775mb,0.358208955,0.008792226,0.441860465,0.279069767,0.349416729,0.422793104,0.968712303,0.538459901
144,TKE_750mb,0.358208955,0.008792226,0.441860465,0.279069767,0.349416729,0.422793104,0.968712303,0.538459901
145,TKE_750mb,0.358208955,0.009254975,0.454545455,0.275862069,0.348953981,0.418570742,0.967077559,0.525765901
146,TKE_750mb,0.358208955,0.009254975,0.454545455,0.275862069,0.348953981,0.418570742,0.967077559,0.525765901
147,TKE_750mb,0.358208955,0.008792226,0.441860465,0.279069767,0.349416729,0.422793104,0.968712303,0.538459901
148,TKE_725mb,0.358208955,0.008329477,0.428571429,0.282352941,0.349879478,0.427090008,0.970348236,0.55175794
149,TKE_725mb,0.358208955,0.008329477,0.428571429,0.282352941,0.349879478,0.427090008,0.970348236,0.55175794
150,TKE_725mb,0.358208955,0.008792226,0.441860465,0.279069767,0.349416729,0.422793104,0.968712303,0.538459901
151,TKE_725mb,0.358208955,0.008792226,0.441860465,0.279069767,0.349416729,0.422793104,0.968712303,0.538459901
152,TKE_700mb,0.358208955,0.009254975,0.454545455,0.275862069,0.348953981,0.418570742,0.967077559,0.525765901
153,TKE_700mb,0.358208955,0.008792226,0.441860465,0.279069767,0.349416729,0.422793104,0.968712303,0.538459901
154,TKE_700mb,0.358208955,0.007866728,0.414634146,0.285714286,0.350342227,0.431463446,0.97198536,0.565704217
155,TKE_700mb,0.343283582,0.008329477,0.43902439,0.270588235,0.334954105,0.412512227,0.968371239,0.540856725
156,Q_975mb,0.343283582,0.008792226,0.452380952,0.26744186,0.334491356,0.408306074,0.966628079,0.52749096
157,Q_975mb,0.343283582,0.008792226,0.452380952,0.26744186,0.334491356,0.408306074,0.966628079,0.52749096
158,Q_975mb,0.343283582,0.007866728,0.425,0.273809524,0.335416854,0.416793972,0.970115861,0.554890311
159,Q_975mb,0.343283582,0.007866728,0.425,0.273809524,0.335416854,0.416793972,0.970115861,0.554890311
160,Q_950mb,0.343283582,0.007866728,0.425,0.273809524,0.335416854,0.416793972,0.970115861,0.554890311
161,Q_950mb,0.343283582,0.007866728,0.425,0.273809524,0.335416854,0.416793972,0.970115861,0.554890311
162,Q_950mb,0.343283582,0.007866728,0.425,0.273809524,0.335416854,0.416793972,0.970115861,0.554890311
163,Q_950mb,0.343283582,0.008329477,0.43902439,0.270588235,0.334954105,0.412512227,0.968371239,0.540856725
164,Q_925mb,0.328358209,0.009254975,0.476190476,0.252873563,0.319103234,0.389522139,0.962501562,0.503223979
165,Q_925mb,0.328358209,0.009254975,0.476190476,0.252873563,0.319103234,0.389522139,0.962501562,0.503223979
166,Q_925mb,0.313432836,0.008329477,0.461538462,0.247058824,0.305103359,0.382563587,0.963867251,0.517447377
167,Q_925mb,0.328358209,0.010180472,0.5,0.247191011,0.318177737,0.381654599,0.958791209,0.479395604
168,Q_900mb,0.343283582,0.010180472,0.488888889,0.258426966,0.33310311,0.396121656,0.961407356,0.490955362
169,Q_900mb,0.343283582,0.010180472,0.488888889,0.258426966,0.33310311,0.396121656,0.961407356,0.490955362
170,Q_900mb,0.343283582,0.010180472,0.488888889,0.258426966,0.33310311,0.396121656,0.961407356,0.490955362
171,Q_900mb,0.343283582,0.010180472,0.488888889,0.258426966,0.33310311,0.396121656,0.961407356,0.490955362
172,Q_875mb,0.358208955,0.010180472,0.47826087,0.269662921,0.348028483,0.41034202,0.963811637,0.502032439
173,Q_875mb,0.358208955,0.010180472,0.47826087,0.269662921,0.348028483,0.41034202,0.963811637,0.502032439
174,Q_875mb,0.358208955,0.010180472,0.47826087,0.269662921,0.348028483,0.41034202,0.963811637,0.502032439
175,Q_875mb,0.358208955,0.010643221,0.489361702,0.266666667,0.347565734,0.406332006,0.962180455,0.490922571
176,Q_850mb,0.358208955,0.010643221,0.489361702,0.266666667,0.347565734,0.406332006,0.962180455,0.490922571
177,Q_850mb,0.358208955,0.010643221,0.489361702,0.266666667,0.347565734,0.406332006,0.962180455,0.490922571
178,Q_850mb,0.358208955,0.011105969,0.5,0.263736264,0.347102986,0.402389226,0.960550459,0.480275229
179,Q_850mb,0.358208955,0.011568718,0.510204082,0.260869565,0.346640237,0.398512002,0.958921645,0.470062096
180,Q_825mb,0.358208955,0.012031467,0.52,0.258064516,0.346177488,0.394698712,0.957294014,0.460257117
181,Q_825mb,0.358208955,0.012494216,0.529411765,0.255319149,0.34571474,0.390947788,0.955667564,0.450836283
182,Q_825mb,0.358208955,0.012494216,0.529411765,0.255319149,0.34571474,0.390947788,0.955667564,0.450836283
183,Q_825mb,0.358208955,0.012494216,0.529411765,0.255319149,0.34571474,0.390947788,0.955667564,0.450836283
184,Q_800mb,0.358208955,0.012031467,0.52,0.258064516,0.346177488,0.394698712,0.957294014,0.460257117
185,Q_800mb,0.358208955,0.012031467,0.52,0.258064516,0.346177488,0.394698712,0.957294014,0.460257117
186,Q_800mb,0.358208955,0.012031467,0.52,0.258064516,0.346177488,0.394698712,0.957294014,0.460257117
187,Q_800mb,0.358208955,0.012494216,0.529411765,0.255319149,0.34571474,0.390947788,0.955667564,0.450836283
188,Q_775mb,0.358208955,0.012031467,0.52,0.258064516,0.346177488,0.394698712,0.957294014,0.460257117
189,Q_775mb,0.358208955,0.011568718,0.510204082,0.260869565,0.346640237,0.398512002,0.958921645,0.470062096
190,Q_775mb,0.373134328,0.012031467,0.509803922,0.268817204,0.361102861,0.408349279,0.959902326,0.470903474
191,Q_775mb,0.373134328,0.012031467,0.509803922,0.268817204,0.361102861,0.408349279,0.959902326,0.470903474
192,Q_750mb,0.373134328,0.012031467,0.509803922,0.268817204,0.361102861,0.408349279,0.959902326,0.470903474
193,Q_750mb,0.373134328,0.011568718,0.5,0.27173913,0.36156561,0.412243677,0.961432507,0.480716253
194,Q_750mb,0.373134328,0.011568718,0.5,0.27173913,0.36156561,0.412243677,0.961432507,0.480716253
195,Q_750mb,0.388059701,0.012031467,0.5,0.279569892,0.376028235,0.421778404,0.962316176,0.481158088
196,Q_725mb,0.373134328,0.011568718,0.5,0.27173913,0.36156561,0.412243677,0.961432507,0.480716253
197,Q_725mb,0.388059701,0.011568718,0.490196078,0.282608696,0.376490983,0.425750771,0.963755945,0.490970665
198,Q_725mb,0.373134328,0.011105969,0.489795918,0.274725275,0.362028359,0.416202825,0.962963643,0.490929185
199,Q_725mb,0.373134328,0.011568718,0.5,0.27173913,0.36156561,0.412243677,0.961432507,0.480716253
200,Q_700mb,0.373134328,0.011568718,0.5,0.27173913,0.36156561,0.412243677,0.961432507,0.480716253
201,Q_700mb,0.373134328,0.011105969,0.489795918,0.274725275,0.362028359,0.416202825,0.962963643,0.490929185
202,Q_700mb,0.373134328,0.012031467,0.509803922,0.268817204,0.361102861,0.408349279,0.959902326,0.470903474
203,Q_700mb,0.373134328,0.012031467,0.509803922,0.268817204,0.361102861,0.408349279,0.959902326,0.470903474
204,TMP_2maboveground,0.373134328,0.012031467,0.509803922,0.268817204,0.361102861,0.408349279,0.959902326,0.470903474
205,TMP_2maboveground,0.373134328,0.012031467,0.509803922,0.268817204,0.361102861,0.408349279,0.959902326,0.470903474
206,TMP_2maboveground,0.373134328,0.011105969,0.489795918,0.274725275,0.362028359,0.416202825,0.962963643,0.490929185
207,TMP_2maboveground,0.373134328,0.011105969,0.489795918,0.274725275,0.362028359,0.416202825,0.962963643,0.490929185
208,TMP_975mb,0.373134328,0.011105969,0.489795918,0.274725275,0.362028359,0.416202825,0.962963643,0.490929185
209,TMP_975mb,0.373134328,0.011105969,0.489795918,0.274725275,0.362028359,0.416202825,0.962963643,0.490929185
210,TMP_975mb,0.373134328,0.010180472,0.468085106,0.280898876,0.362953856,0.424321946,0.966028787,0.512657672
211,TMP_975mb,0.373134328,0.011105969,0.489795918,0.274725275,0.362028359,0.416202825,0.962963643,0.490929185
212,TMP_950mb,0.373134328,0.010643221,0.479166667,0.277777778,0.362491108,0.420228354,0.964495737,0.501567278
213,TMP_950mb,0.388059701,0.009717723,0.446808511,0.295454545,0.378341978,0.442311885,0.969522663,0.534392773
214,TMP_950mb,0.373134328,0.010180472,0.468085106,0.280898876,0.362953856,0.424321946,0.966028787,0.512657672
215,TMP_950mb,0.373134328,0.010180472,0.468085106,0.280898876,0.362953856,0.424321946,0.966028787,0.512657672
216,TMP_925mb,0.373134328,0.010643221,0.479166667,0.277777778,0.362491108,0.420228354,0.964495737,0.501567278
217,TMP_925mb,0.373134328,0.009717723,0.456521739,0.284090909,0.363416605,0.428485342,0.967562797,0.524229865
218,TMP_925mb,0.343283582,0.008329477,0.43902439,0.270588235,0.334954105,0.412512227,0.968371239,0.540856725
219,TMP_925mb,0.373134328,0.008792226,0.431818182,0.290697674,0.364342103,0.437028814,0.970633694,0.548951049
220,TMP_900mb,0.373134328,0.009254975,0.444444444,0.287356322,0.363879354,0.432720344,0.969097765,0.536315977
221,TMP_900mb,0.358208955,0.008329477,0.428571429,0.282352941,0.349879478,0.427090008,0.970348236,0.55175794
222,TMP_900mb,0.358208955,0.009717723,0.466666667,0.272727273,0.348491232,0.414421,0.965444004,0.51363567
223,TMP_900mb,0.343283582,0.008792226,0.452380952,0.26744186,0.334491356,0.408306074,0.966628079,0.52749096
224,TMP_875mb,0.358208955,0.008329477,0.428571429,0.282352941,0.349879478,0.427090008,0.970348236,0.55175794
225,TMP_875mb,0.343283582,0.008329477,0.43902439,0.270588235,0.334954105,0.412512227,0.968371239,0.540856725
226,TMP_875mb,0.343283582,0.008792226,0.452380952,0.26744186,0.334491356,0.408306074,0.966628079,0.52749096
227,TMP_875mb,0.358208955,0.008792226,0.441860465,0.279069767,0.349416729,0.422793104,0.968712303,0.538459901
228,TMP_850mb,0.358208955,0.009254975,0.454545455,0.275862069,0.348953981,0.418570742,0.967077559,0.525765901
229,TMP_850mb,0.358208955,0.009254975,0.454545455,0.275862069,0.348953981,0.418570742,0.967077559,0.525765901
230,TMP_850mb,0.313432836,0.008329477,0.461538462,0.247058824,0.305103359,0.382563587,0.963867251,0.517447377
231,TMP_850mb,0.313432836,0.008792226,0.475,0.244186047,0.30464061,0.378550954,0.96188067,0.503976234
232,TMP_825mb,0.343283582,0.008329477,0.43902439,0.270588235,0.334954105,0.412512227,0.968371239,0.540856725
233,TMP_825mb,0.343283582,0.008329477,0.43902439,0.270588235,0.334954105,0.412512227,0.968371239,0.540856725
234,TMP_825mb,0.328358209,0.008329477,0.45,0.258823529,0.320028732,0.397672463,0.966219034,0.529433272
235,TMP_825mb,0.328358209,0.008329477,0.45,0.258823529,0.320028732,0.397672463,0.966219034,0.529433272
236,TMP_800mb,0.328358209,0.008329477,0.45,0.258823529,0.320028732,0.397672463,0.966219034,0.529433272
237,TMP_800mb,0.328358209,0.008792226,0.463414634,0.255813953,0.319565983,0.393561009,0.964359407,0.516009234
238,TMP_800mb,0.343283582,0.009254975,0.465116279,0.264367816,0.334028608,0.404173526,0.96488638,0.514746421
239,TMP_800mb,0.358208955,0.008792226,0.441860465,0.279069767,0.349416729,0.422793104,0.968712303,0.538459901
240,TMP_775mb,0.358208955,0.008329477,0.428571429,0.282352941,0.349879478,0.427090008,0.970348236,0.55175794
241,TMP_775mb,0.373134328,0.008792226,0.431818182,0.290697674,0.364342103,0.437028814,0.970633694,0.548951049
242,TMP_775mb,0.358208955,0.008792226,0.441860465,0.279069767,0.349416729,0.422793104,0.968712303,0.538459901
243,TMP_775mb,0.343283582,0.008329477,0.43902439,0.270588235,0.334954105,0.412512227,0.968371239,0.540856725
244,TMP_750mb,0.358208955,0.008792226,0.441860465,0.279069767,0.349416729,0.422793104,0.968712303,0.538459901
245,TMP_750mb,0.313432836,0.008792226,0.475,0.244186047,0.30464061,0.378550954,0.96188067,0.503976234
246,TMP_750mb,0.313432836,0.008792226,0.475,0.244186047,0.30464061,0.378550954,0.96188067,0.503976234
247,TMP_750mb,0.343283582,0.008792226,0.452380952,0.26744186,0.334491356,0.408306074,0.966628079,0.52749096
248,TMP_725mb,0.328358209,0.008329477,0.45,0.258823529,0.320028732,0.397672463,0.966219034,0.529433272
249,TMP_725mb,0.328358209,0.007866728,0.435897436,0.261904762,0.320491481,0.401858475,0.968080446,0.543545232
250,TMP_725mb,0.328358209,0.007866728,0.435897436,0.261904762,0.320491481,0.401858475,0.968080446,0.543545232
251,TMP_725mb,0.313432836,0.00740398,0.432432432,0.253012048,0.306028856,0.390811187,0.967846923,0.546572588
252,TMP_700mb,0.328358209,0.007866728,0.435897436,0.261904762,0.320491481,0.401858475,0.968080446,0.543545232
253,TMP_700mb,0.358208955,0.007866728,0.414634146,0.285714286,0.350342227,0.431463446,0.97198536,0.565704217
254,TMP_700mb,0.328358209,0.008329477,0.45,0.258823529,0.320028732,0.397672463,0.966219034,0.529433272
255,TMP_700mb,0.358208955,0.007866728,0.414634146,0.285714286,0.350342227,0.431463446,0.97198536,0.565704217
256,DPT_2maboveground,0.328358209,0.007866728,0.435897436,0.261904762,0.320491481,0.401858475,0.968080446,0.543545232
257,DPT_2maboveground,0.28358209,0.006941231,0.441176471,0.231707317,0.276640859,0.363347727,0.965296187,0.536945681
258,DPT_2maboveground,0.313432836,0.006941231,0.416666667,0.256097561,0.306491605,0.395050298,0.969840021,0.562347932
259,DPT_2maboveground,0.328358209,0.00740398,0.421052632,0.265060241,0.320954229,0.406121093,0.969943644,0.558399423
260,RH_2maboveground,0.328358209,0.006941231,0.405405405,0.268292683,0.321416978,0.410462439,0.971808633,0.574056028
261,RH_2maboveground,0.328358209,0.006941231,0.405405405,0.268292683,0.321416978,0.410462439,0.971808633,0.574056028
262,RH_2maboveground,0.328358209,0.00740398,0.421052632,0.265060241,0.320954229,0.406121093,0.969943644,0.558399423
263,RH_2maboveground,0.328358209,0.006941231,0.405405405,0.268292683,0.321416978,0.410462439,0.971808633,0.574056028
264,RH_975mb,0.328358209,0.00740398,0.421052632,0.265060241,0.320954229,0.406121093,0.969943644,0.558399423
265,RH_975mb,0.343283582,0.00740398,0.41025641,0.277108434,0.335879602,0.421153363,0.971861948,0.569643087
266,RH_975mb,0.328358209,0.00740398,0.421052632,0.265060241,0.320954229,0.406121093,0.969943644,0.558399423
267,RH_975mb,0.328358209,0.006478482,0.388888889,0.271604938,0.321879727,0.414884715,0.973675414,0.590581914
268,RH_950mb,0.328358209,0.006478482,0.388888889,0.271604938,0.321879727,0.414884715,0.973675414,0.590581914
269,RH_950mb,0.328358209,0.00740398,0.421052632,0.265060241,0.320954229,0.406121093,0.969943644,0.558399423
270,RH_950mb,0.328358209,0.00740398,0.421052632,0.265060241,0.320954229,0.406121093,0.969943644,0.558399423
271,RH_950mb,0.313432836,0.00740398,0.432432432,0.253012048,0.306028856,0.390811187,0.967846923,0.546572588
272,RH_925mb,0.28358209,0.006478482,0.424242424,0.234567901,0.277103607,0.367445439,0.967587122,0.553889694
273,RH_925mb,0.298507463,0.006478482,0.411764706,0.24691358,0.292028981,0.38355891,0.969815129,0.566813234
274,RH_925mb,0.298507463,0.006478482,0.411764706,0.24691358,0.292028981,0.38355891,0.969815129,0.566813234
275,RH_925mb,0.298507463,0.006478482,0.411764706,0.24691358,0.292028981,0.38355891,0.969815129,0.566813234
276,RH_900mb,0.298507463,0.006478482,0.411764706,0.24691358,0.292028981,0.38355891,0.969815129,0.566813234
277,RH_900mb,0.298507463,0.006478482,0.411764706,0.24691358,0.292028981,0.38355891,0.969815129,0.566813234
278,RH_900mb,0.28358209,0.006478482,0.424242424,0.234567901,0.277103607,0.367445439,0.967587122,0.553889694
279,RH_900mb,0.268656716,0.006478482,0.4375,0.222222222,0.262178234,0.351019955,0.965117462,0.540186703
280,RH_875mb,0.253731343,0.006478482,0.451612903,0.209876543,0.247252861,0.334273309,0.96236458,0.52562879
281,RH_875mb,0.253731343,0.006015733,0.433333333,0.2125,0.24771561,0.338205341,0.965021794,0.543918714
282,RH_875mb,0.268656716,0.006478482,0.4375,0.222222222,0.262178234,0.351019955,0.965117462,0.540186703
283,RH_875mb,0.298507463,0.00740398,0.444444444,0.240963855,0.291103483,0.375215882,0.965545679,0.53411395
284,RH_850mb,0.268656716,0.006941231,0.454545455,0.219512195,0.261715486,0.347040453,0.962655285,0.523131083
285,RH_850mb,0.23880597,0.006478482,0.466666667,0.197530864,0.232327488,0.317195987,0.959276792,0.510130422
286,RH_850mb,0.253731343,0.006478482,0.451612903,0.209876543,0.247252861,0.334273309,0.96236458,0.52562879
287,RH_850mb,0.268656716,0.006478482,0.4375,0.222222222,0.262178234,0.351019955,0.965117462,0.540186703
288,RH_825mb,0.253731343,0.006478482,0.451612903,0.209876543,0.247252861,0.334273309,0.96236458,0.52562879
289,RH_825mb,0.253731343,0.006478482,0.451612903,0.209876543,0.247252861,0.334273309,0.96236458,0.52562879
290,RH_825mb,0.23880597,0.006478482,0.466666667,0.197530864,0.232327488,0.317195987,0.959276792,0.510130422
291,RH_825mb,0.268656716,0.006478482,0.4375,0.222222222,0.262178234,0.351019955,0.965117462,0.540186703
292,RH_800mb,0.253731343,0.006478482,0.451612903,0.209876543,0.247252861,0.334273309,0.96236458,0.52562879
293,RH_800mb,0.253731343,0.006015733,0.433333333,0.2125,0.24771561,0.338205341,0.965021794,0.543918714
294,RH_800mb,0.28358209,0.005552985,0.387096774,0.240506329,0.278029105,0.375881227,0.972178617,0.591055251
295,RH_800mb,0.28358209,0.006015733,0.40625,0.2375,0.277566356,0.371622496,0.969881263,0.571892077
296,RH_775mb,0.28358209,0.006015733,0.40625,0.2375,0.277566356,0.371622496,0.969881263,0.571892077
297,RH_775mb,0.28358209,0.006941231,0.441176471,0.231707317,0.276640859,0.363347727,0.965296187,0.536945681
298,RH_775mb,0.23880597,0.006941231,0.483870968,0.195121951,0.231864739,0.31346935,0.956411498,0.492915559
299,RH_775mb,0.253731343,0.006941231,0.46875,0.207317073,0.246790112,0.330417414,0.959712076,0.50848133
300,RH_750mb,0.268656716,0.006015733,0.419354839,0.225,0.262640983,0.355077268,0.967583522,0.558342021
301,RH_750mb,0.253731343,0.005090236,0.392857143,0.217948718,0.248641107,0.34630702,0.970350404,0.584415584
302,RH_750mb,0.28358209,0.006941231,0.441176471,0.231707317,0.276640859,0.363347727,0.965296187,0.536945681
303,RH_750mb,0.268656716,0.006478482,0.4375,0.222222222,0.262178234,0.351019955,0.965117462,0.540186703
304,RH_725mb,0.268656716,0.006015733,0.419354839,0.225,0.262640983,0.355077268,0.967583522,0.558342021
305,RH_725mb,0.268656716,0.005552985,0.4,0.227848101,0.263103732,0.359214695,0.970053476,0.577707006
306,RH_725mb,0.298507463,0.006478482,0.411764706,0.24691358,0.292028981,0.38355891,0.969815129,0.566813234
307,RH_725mb,0.28358209,0.005552985,0.387096774,0.240506329,0.278029105,0.375881227,0.972178617,0.591055251
308,RH_700mb,0.298507463,0.006478482,0.411764706,0.24691358,0.292028981,0.38355891,0.969815129,0.566813234
309,RH_700mb,0.298507463,0.006478482,0.411764706,0.24691358,0.292028981,0.38355891,0.969815129,0.566813234
310,RH_700mb,0.298507463,0.006015733,0.393939394,0.25,0.292491729,0.387850424,0.971953822,0.584648305
311,RH_700mb,0.23880597,0.006478482,0.466666667,0.197530864,0.232327488,0.317195987,0.959276792,0.510130422
312,Q_surface,0.23880597,0.006015733,0.448275862,0.2,0.232790237,0.320996943,0.962147812,0.528531778
313,Q_surface,0.253731343,0.006015733,0.433333333,0.2125,0.24771561,0.338205341,0.965021794,0.543918714
314,Q_surface,0.164179104,0.005090236,0.5,0.141025641,0.159088868,0.235830125,0.949229374,0.474614687
315,Q_surface,0.164179104,0.004164739,0.45,0.144736842,0.160014366,0.242398878,0.958305758,0.524637681
316,LCLT,0.164179104,0.004164739,0.45,0.144736842,0.160014366,0.242398878,0.958305758,0.524637681
317,LCLT,0.164179104,0.004164739,0.45,0.144736842,0.160014366,0.242398878,0.958305758,0.524637681
318,LCLT,0.164179104,0.004627487,0.476190476,0.142857143,0.159551617,0.239078913,0.953759135,0.498435713
319,LCLT,0.164179104,0.00370199,0.421052632,0.146666667,0.160477115,0.245792386,0.962869338,0.553596531
320,VIS_surface,0.164179104,0.00370199,0.421052632,0.146666667,0.160477115,0.245792386,0.962869338,0.553596531
321,VIS_surface,0.149253731,0.003239241,0.411764706,0.135135135,0.14601449,0.228707119,0.963626419,0.562455104
322,VIS_surface,0.149253731,0.003239241,0.411764706,0.135135135,0.14601449,0.228707119,0.963626419,0.562455104
323,VIS_surface,0.149253731,0.005090236,0.523809524,0.128205128,0.144163495,0.216020699,0.943327157,0.450363562
324,VVEL_975mb,0.149253731,0.004627487,0.5,0.12987013,0.144626244,0.219088075,0.948369565,0.474184783
325,VVEL_975mb,0.149253731,0.004627487,0.5,0.12987013,0.144626244,0.219088075,0.948369565,0.474184783
326,VVEL_975mb,0.179104478,0.004164739,0.428571429,0.157894737,0.174939739,0.262137128,0.962384589,0.546507865
327,VVEL_975mb,0.149253731,0.003239241,0.411764706,0.135135135,0.14601449,0.228707119,0.963626419,0.562455104
328,VVEL_950mb,0.149253731,0.003239241,0.411764706,0.135135135,0.14601449,0.228707119,0.963626419,0.562455104
329,VVEL_950mb,0.029850746,0.014345211,0.939393939,0.020408163,0.015505536,0.220560679,0.357768924,0.030993304
330,VVEL_950mb,0.014925373,0.012956964,0.965517241,0.010526316,0.001968409,0.24271426,0.071590053,0.004469116
331,VVEL_950mb,0.014925373,0.012031467,0.962962963,0.010752688,0.002893906,0.264071637,0.108802908,0.007050667
332,VVEL_925mb,0.014925373,0.012031467,0.962962963,0.010752688,0.002893906,0.274071637,0.108802908,0.007050667
333,VVEL_925mb,0.014925373,0.012956964,0.965517241,0.010526316,0.001968409,0.28271426,0.071590053,0.004469116
334,VVEL_925mb,0.014925373,0.011568718,0.961538462,0.010869565,0.003356655,0.264771255,0.12836767,0.008488786
335,VVEL_925mb,0.014925373,0.011568718,0.961538462,0.010869565,0.003356655,0.314771255,0.12836767,0.008488786
336,VVEL_900mb,0.014925373,0.012031467,0.962962963,0.010752688,0.002893906,0.304071637,0.108802908,0.007050667
337,VVEL_900mb,0.014925373,0.012031467,0.962962963,0.010752688,0.002893906,0.254071637,0.108802908,0.007050667
338,VVEL_900mb,0.014925373,0.012031467,0.962962963,0.010752688,0.002893906,0.234071637,0.108802908,0.007050667
339,VVEL_900mb,0.029850746,0.012031467,0.928571429,0.021505376,0.017819279,0.22481867,0.432885906,0.041883117
340,VVEL_875mb,0.014925373,0.012031467,0.962962963,0.010752688,0.002893906,0.240716375,0.108802908,0.007050667
341,VVEL_875mb,0.014925373,0.011105969,0.96,0.010989011,0.003819404,0.254854037,0.148615963,0.010040853
342,VVEL_875mb,0.014925373,0.012956964,0.965517241,0.010526316,0.001968409,0.227142599,0.071590053,0.004469116
343,VVEL_875mb,0.014925373,0.012956964,0.965517241,0.010526316,0.001968409,0.227142599,0.071590053,0.004469116
344,VVEL_850mb,0.014925373,0.010643221,0.958333333,0.011111111,0.004282152,0.206214542,0.169584245,0.011721113
345,VVEL_850mb,0.014925373,0.010643221,0.958333333,0.011111111,0.004282152,0.216214542,0.169584245,0.011721113
346,VVEL_850mb,0.014925373,0.010180472,0.956521739,0.011235955,0.004744901,0.206959147,0.191311612,0.013546288
347,VVEL_850mb,0.014925373,0.009717723,0.954545455,0.011363636,0.00520765,0.207719715,0.213840045,0.015536141
348,VVEL_825mb,0.014925373,0.010643221,0.958333333,0.011111111,0.004282152,0.206214542,0.169584245,0.011721113
349,VVEL_825mb,0.014925373,0.011568718,0.961538462,0.010869565,0.003356655,0.204771255,0.12836767,0.008488786
350,VVEL_825mb,0.014925373,0.011568718,0.961538462,0.010869565,0.003356655,0.204771255,0.12836767,0.008488786
351,VVEL_825mb,0.014925373,0.011568718,0.961538462,0.010869565,0.003356655,0.204771255,0.12836767,0.008488786
352,VVEL_800mb,0.014925373,0.011105969,0.96,0.010989011,0.003819404,0.205485404,0.148615963,0.010040853
353,VVEL_800mb,0.014925373,0.011568718,0.961538462,0.010869565,0.003356655,0.204771255,0.12836767,0.008488786
354,VVEL_800mb,0.014925373,0.012031467,0.962962963,0.010752688,0.002893906,0.204071637,0.108802908,0.007050667
355,VVEL_800mb,0.014925373,0.012956964,0.965517241,0.010526316,0.001968409,0.20271426,0.071590053,0.004469116
356,VVEL_775mb,0.014925373,0.013882462,0.967741935,0.010309278,0.001042911,0.201409963,0.036730722,0.0022171
357,VVEL_775mb,0.014925373,0.014345211,0.96875,0.010204082,0.000580163,0.200776756,0.020114943,0.001195355
358,VVEL_775mb,0.014925373,0.013882462,0.967741935,0.010309278,0.001042911,0.201409963,0.036730722,0.0022171
359,VVEL_775mb,0.014925373,0.016658954,0.972972973,0.009708738,-0.001733581,0.202213853,-0.055765385,-0.003096204
360,VVEL_750mb,0.014925373,0.016658954,0.972972973,0.009708738,-0.001733581,0.202213853,-0.055765385,-0.003096204
361,VVEL_750mb,0.014925373,0.015733457,0.971428571,0.00990099,-0.000808084,0.201051374,-0.02676733,-0.001524331
362,VVEL_750mb,0.014925373,0.016196205,0.972222222,0.009803922,-0.001270832,0.201638031,-0.04147881,-0.002331711
363,VVEL_750mb,0.014925373,0.017584452,0.974358974,0.00952381,-0.002659079,0.20333417,-0.083135392,-0.004509728
364,VVEL_725mb,0.014925373,0.017584452,0.974358974,0.00952381,-0.002659079,0.20333417,-0.083135392,-0.004509728
365,VVEL_725mb,0.014925373,0.017121703,0.973684211,0.009615385,-0.00219633,0.202779137,-0.069645204,-0.003821197
366,VVEL_725mb,0.014925373,0.0180472,0.975,0.009433962,-0.003121827,0.203879229,-0.096252129,-0.005164534
367,VVEL_725mb,0.014925373,0.018509949,0.975609756,0.009345794,-0.003584576,0.204414579,-0.109010712,-0.005788083
368,VVEL_700mb,0.014925373,0.017121703,0.973684211,0.009615385,-0.00219633,0.202779137,-0.069645204,-0.003821197
369,VVEL_700mb,0.014925373,0.017584452,0.974358974,0.00952381,-0.002659079,0.20333417,-0.083135392,-0.004509728
370,VVEL_700mb,0.014925373,0.019898195,0.977272727,0.009090909,-0.004972822,0.205964906,-0.14527845,-0.007492507
371,VVEL_700mb,0.029850746,0.020360944,0.956521739,0.018018018,0.009489802,0.211188925,0.193684804,0.013689077
372,analysed_sst,0.029850746,0.021286441,0.958333333,0.017699115,0.008564305,0.429928419,0.171745152,0.011850153
373,analysed_sst,0.029850746,0.024525683,0.963636364,0.016666667,0.005325064,0.435831058,0.100639603,0.006451073
374,analysed_sst,0.014925373,0.024062934,0.981132075,0.008403361,-0.009137561,0.450166834,-0.238765566,-0.011476903
375,analysed_sst,0.029850746,0.024988431,0.964285714,0.016528926,0.004862315,0.435282509,0.091144485,0.005787951
376,TMP-DPT,0.029850746,0.024525683,0.963636364,0.016666667,0.005325064,0.425831058,0.100639603,0.006451073
377,TMP-DPT,0.029850746,0.03285516,0.97260274,0.014492754,-0.003004413,0.412879479,-0.04945992,-0.002765153
378,TMP-DPT,0.029850746,0.033317908,0.972972973,0.014388489,-0.003467162,0.433001131,-0.056671935,-0.003149389
379,TMP-DPT,0.029850746,0.037482647,0.975903614,0.013513514,-0.007631901,0.426840453,-0.117241379,-0.006206645
380,TMP-SST,0.029850746,0.036557149,0.975308642,0.01369863,-0.006706403,0.476089874,-0.10441983,-0.005583444
381,TMP-SST,0.029850746,0.033317908,0.972972973,0.014388489,-0.003467162,0.483300113,-0.056671935,-0.003149389
382,TMP-SST,0.029850746,0.034706155,0.974025974,0.014084507,-0.004855408,0.484527976,-0.077705317,-0.004244477
383,TMP-SST,0.029850746,0.032392411,0.972222222,0.01459854,-0.002541665,0.462452974,-0.042143839,-0.002370645
384,analysed_sst,0.029850746,0.032392411,0.972222222,0.01459854,-0.002541665,0.472452974,-0.042143839,-0.002370645
