Date,VIS,CAT
20130101,5,1
20130101,7,1
20130101,10,1
20130101,10,1
20130104,10,1
20130104,10,1
20130104,10,1
20130104,10,1
20130105,10,1
20130105,10,1
20130105,4,1
20130105,10,1
20130107,10,1
20130107,10,1
20130107,10,1
20130107,10,1
20130110,7,1
20130110,7,1
20130110,10,1
20130110,10,1
20130111,10,1
20130111,0.25,0
20130111,10,1
20130111,0.5,0
20130112,0.5,0
20130112,2.5,1
20130112,3,1
20130112,2,1
20130116,10,1
20130116,10,1
20130116,10,1
20130116,10,1
20130117,10,1
20130117,10,1
20130117,10,1
20130117,10,1
20130118,10,1
20130118,10,1
20130118,10,1
20130118,10,1
20130121,10,1
20130121,10,1
20130121,10,1
20130121,10,1
20130122,10,1
20130122,10,1
20130122,10,1
20130122,10,1
20130123,7,1
20130123,5,1
20130123,10,1
20130123,10,1
20130124,7,1
20130124,7,1
20130124,10,1
20130124,10,1
20130125,7,1
20130125,5,1
20130125,10,1
20130125,7,1
20130126,7,1
20130126,7,1
20130126,10,1
20130126,10,1
20130127,10,1
20130127,7,1
20130127,7,1
20130127,7,1
20130130,10,1
20130130,10,1
20130130,10,1
20130130,10,1
20130131,10,1
20130131,10,1
20130131,10,1
20130131,10,1
20130202,10,1
20130202,10,1
20130202,10,1
20130202,10,1
20130203,10,1
20130203,10,1
20130203,10,1
20130203,10,1
20130205,7,1
20130205,2.5,1
20130205,10,1
20130205,7,1
20130207,7,1
20130207,7,1
20130207,10,1
20130207,7,1
20130208,1,0
20130208,10,1
20130208,10,1
20130208,10,1
20130209,10,1
20130209,10,1
20130209,5,1
20130209,5,1
20130210,5,1
20130210,4,1
20130210,5,1
20130210,10,1
20130211,10,1
20130211,10,1
20130211,5,1
20130211,2,1
20130212,5,1
20130212,3,1
20130212,7,1
20130212,10,1
20130214,10,1
20130214,10,1
20130214,10,1
20130214,10,1
20130215,10,1
20130215,10,1
20130215,10,1
20130215,10,1
20130217,10,1
20130217,10,1
20130217,10,1
20130217,10,1
20130219,5,1
20130219,10,1
20130219,10,1
20130219,10,1
20130220,10,1
20130220,7,1
20130220,5,1
20130220,5,1
20130221,7,1
20130221,4,1
20130221,7,1
20130221,10,1
20130222,10,1
20130222,10,1
20130222,10,1
20130222,10,1
20130223,10,1
20130223,10,1
20130223,10,1
20130223,10,1
20130224,10,1
20130224,5,1
20130224,10,1
20130224,5,1
20130225,0.5,0
20130225,0.5,0
20130225,7,1
20130225,7,1
20130226,10,1
20130226,10,1
20130226,10,1
20130226,10,1
20130227,10,1
20130227,10,1
20130227,10,1
20130227,10,1
20130228,10,1
20130228,10,1
20130228,10,1
20130228,10,1
20130301,10,1
20130301,10,1
20130301,10,1
20130301,10,1
20130302,10,1
20130302,10,1
20130302,10,1
20130302,10,1
20130303,10,1
20130303,10,1
20130303,10,1
20130303,10,1
20130304,10,1
20130304,10,1
20130304,7,1
20130304,7,1
20130305,7,1
20130305,5,1
20130305,10,1
20130305,10,1
20130306,10,1
20130306,10,1
20130306,10,1
20130306,10,1
20130307,10,1
20130307,10,1
20130307,10,1
20130307,10,1
20130308,10,1
20130308,7,1
20130308,10,1
20130308,7,1
20130309,7,1
20130309,7,1
20130309,7,1
20130309,5,1
20130311,10,1
20130311,10,1
20130311,10,1
20130311,10,1
20130312,10,1
20130312,10,1
20130312,10,1
20130312,10,1
20130313,10,1
20130313,10,1
20130313,10,1
20130313,10,1
20130314,10,1
20130314,10,1
20130314,10,1
20130314,10,1
20130316,10,1
20130316,10,1
20130316,10,1
20130316,7,1
20130317,7,1
20130317,7,1
20130317,7,1
20130317,7,1
20130318,1.5,1
20130318,7,1
20130318,7,1
20130318,7,1
20130319,5,1
20130319,10,1
20130319,10,1
20130319,7,1
20130320,5,1
20130320,10,1
20130320,10,1
20130320,10,1
20130321,10,1
20130321,10,1
20130321,10,1
20130321,10,1
20130322,7,1
20130322,5,1
20130322,7,1
20130322,7,1
20130323,5,1
20130323,0.75,0
20130323,7,1
20130323,5,1
20130324,0.25,0
20130324,7,1
20130324,10,1
20130324,10,1
20130325,10,1
20130325,10,1
20130325,10,1
20130325,10,1
20130326,10,1
20130326,10,1
20130326,10,1
20130326,10,1
20130327,10,1
20130327,10,1
20130327,10,1
20130327,10,1
20130328,10,1
20130328,10,1
20130328,10,1
20130328,10,1
20130329,10,1
20130329,10,1
20130329,10,1
20130329,10,1
20130330,10,1
20130330,10,1
20130330,10,1
20130330,10,1
20130401,7,1
20130401,3,1
20130401,10,1
20130401,7,1
20130403,5,1
20130403,10,1
20130403,10,1
20130403,10,1
20130404,10,1
20130404,10,1
20130404,10,1
20130404,10,1
20130405,10,1
20130405,10,1
20130405,10,1
20130405,10,1
20130406,10,1
20130406,10,1
20130406,10,1
20130406,10,1
20130407,10,1
20130407,10,1
20130407,10,1
20130407,10,1
20130408,10,1
20130408,7,1
20130408,7,1
20130408,5,1
20130409,7,1
20130409,7,1
20130409,7,1
20130409,5,1
20130411,10,1
20130411,10,1
20130411,10,1
20130411,10,1
20130412,10,1
20130412,10,1
20130412,10,1
20130412,10,1
20130413,10,1
20130413,10,1
20130413,10,1
20130413,10,1
20130414,10,1
20130414,10,1
20130414,10,1
20130414,7,1
20130416,7,1
20130416,3,1
20130416,7,1
20130416,1.25,1
20130417,4,1
20130417,5,1
20130417,7,1
20130417,4,1
20130418,3,1
20130418,5,1
20130418,4,1
20130418,10,1
20130420,10,1
20130420,10,1
20130420,10,1
20130420,10,1
20130421,10,1
20130421,10,1
20130421,10,1
20130421,10,1
20130422,10,1
20130422,10,1
20130422,10,1
20130422,10,1
20130423,10,1
20130423,7,1
20130423,10,1
20130423,10,1
20130424,10,1
20130424,10,1
20130424,10,1
20130424,10,1
20130425,10,1
20130425,10,1
20130425,10,1
20130425,7,1
20130426,5,1
20130426,7,1
20130426,10,1
20130426,7,1
20130427,7,1
20130427,7,1
20130427,10,1
20130427,7,1
20130429,5,1
20130429,5,1
20130429,10,1
20130429,5,1
20130501,7,1
20130501,4,1
20130501,10,1
20130501,10,1
20130502,10,1
20130502,10,1
20130502,10,1
20130502,10,1
20130506,10,1
20130506,10,1
20130506,10,1
20130506,10,1
20130507,10,1
20130507,10,1
20130507,10,1
20130507,10,1
20130508,10,1
20130508,10,1
20130508,10,1
20130508,10,1
20130510,7,1
20130510,5,1
20130510,10,1
20130510,7,1
20130511,10,1
20130511,10,1
20130511,10,1
20130511,10,1
20130513,10,1
20130513,10,1
20130513,10,1
20130513,10,1
20130514,10,1
20130514,10,1
20130514,10,1
20130514,10,1
20130516,7,1
20130516,7,1
20130516,7,1
20130516,5,1
20130518,7,1
20130518,5,1
20130518,7,1
20130518,5,1
20130519,7,1
20130519,4,1
20130519,7,1
20130519,7,1
20130520,7,1
20130520,5,1
20130520,7,1
20130520,7,1
20130521,7,1
20130521,5,1
20130521,7,1
20130521,7,1
20130522,5,1
20130522,4,1
20130522,7,1
20130522,10,1
20130523,7,1
20130523,5,1
20130523,7,1
20130523,7,1
20130524,7,1
20130524,7,1
20130524,10,1
20130524,10,1
20130526,10,1
20130526,10,1
20130526,10,1
20130526,10,1
20130527,10,1
20130527,7,1
20130527,10,1
20130527,10,1
20130528,10,1
20130528,7,1
20130528,10,1
20130528,10,1
20130529,10,1
20130529,7,1
20130529,7,1
20130529,10,1
20130530,10,1
20130530,7,1
20130530,10,1
20130530,10,1
20130531,10,1
20130531,10,1
20130531,10,1
20130531,10,1
20130601,10,1
20130601,10,1
20130601,10,1
20130601,10,1
20130603,10,1
20130603,10,1
20130603,10,1
20130603,10,1
20130604,10,1
20130604,10,1
20130604,10,1
20130604,10,1
20130605,10,1
20130605,10,1
20130605,10,1
20130605,10,1
20130606,10,1
20130606,10,1
20130606,10,1
20130606,10,1
20130608,10,1
20130608,10,1
20130608,10,1
20130608,10,1
20130609,10,1
20130609,10,1
20130609,10,1
20130609,10,1
20130610,10,1
20130610,10,1
20130610,10,1
20130610,10,1
20130611,10,1
20130611,10,1
20130611,10,1
20130611,7,1
20130613,10,1
20130613,10,1
20130613,10,1
20130613,10,1
20130614,10,1
20130614,10,1
20130614,10,1
20130614,10,1
20130615,10,1
20130615,10,1
20130615,10,1
20130615,10,1
20130616,10,1
20130616,10,1
20130616,7,1
20130616,10,1
20130617,10,1
20130617,7,1
20130617,7,1
20130617,10,1
20130618,10,1
20130618,10,1
20130618,10,1
20130618,10,1
20130619,10,1
20130619,7,1
20130619,10,1
20130619,10,1
20130620,10,1
20130620,7,1
20130620,7,1
20130620,7,1
20130621,7,1
20130621,5,1
20130621,10,1
20130621,10,1
20130623,10,1
20130623,5,1
20130623,7,1
20130623,7,1
20130624,7,1
20130624,7,1
20130624,10,1
20130624,7,1
20130625,7,1
20130625,5,1
20130625,7,1
20130625,7,1
20130626,7,1
20130626,5,1
20130626,7,1
20130626,7,1
20130629,10,1
20130629,7,1
20130629,10,1
20130629,10,1
20130701,10,1
20130701,10,1
20130701,10,1
20130701,10,1
20130703,10,1
20130703,10,1
20130703,10,1
20130703,10,1
20130705,10,1
20130705,10,1
20130705,10,1
20130705,10,1
20130706,10,1
20130706,10,1
20130706,10,1
20130706,10,1
20130707,10,1
20130707,10,1
20130707,10,1
20130707,10,1
20130709,10,1
20130709,10,1
20130709,10,1
20130709,7,1
20130710,10,1
20130710,10,1
20130710,10,1
20130710,10,1
20130711,10,1
20130711,10,1
20130711,10,1
20130711,10,1
20130712,10,1
20130712,10,1
20130712,10,1
20130712,10,1
20130713,10,1
20130713,10,1
20130713,10,1
20130713,10,1
20130714,10,1
20130714,10,1
20130714,10,1
20130714,10,1
20130715,10,1
20130715,10,1
20130715,10,1
20130715,10,1
20130719,10,1
20130719,10,1
20130719,10,1
20130719,10,1
20130720,10,1
20130720,10,1
20130720,10,1
20130720,10,1
20130722,10,1
20130722,7,1
20130722,7,1
20130722,7,1
20130723,7,1
20130723,7,1
20130723,10,1
20130723,7,1
20130724,10,1
20130724,7,1
20130724,7,1
20130724,10,1
20130725,10,1
20130725,10,1
20130725,10,1
20130725,10,1
20130726,10,1
20130726,10,1
20130726,10,1
20130726,10,1
20130727,10,1
20130727,10,1
20130727,10,1
20130727,7,1
20130728,10,1
20130728,7,1
20130728,10,1
20130728,7,1
20130729,7,1
20130729,7,1
20130729,10,1
20130729,10,1
20130731,10,1
20130731,10,1
20130731,10,1
20130731,10,1
20130801,10,1
20130801,10,1
20130801,10,1
20130801,10,1
20130802,10,1
20130802,10,1
20130802,10,1
20130802,10,1
20130803,10,1
20130803,10,1
20130803,10,1
20130803,10,1
20130804,10,1
20130804,10,1
20130804,10,1
20130804,10,1
20130805,10,1
20130805,10,1
20130805,10,1
20130805,10,1
20130806,10,1
20130806,7,1
20130806,10,1
20130806,7,1
20130807,7,1
20130807,7,1
20130807,7,1
20130807,7,1
20130808,7,1
20130808,7,1
20130808,7,1
20130808,10,1
20130809,7,1
20130809,10,1
20130809,10,1
20130809,10,1
20130811,10,1
20130811,10,1
20130811,10,1
20130811,10,1
20130813,10,1
20130813,10,1
20130813,10,1
20130813,10,1
20130814,10,1
20130814,10,1
20130814,10,1
20130814,10,1
20130815,10,1
20130815,10,1
20130815,10,1
20130815,10,1
20130816,10,1
20130816,10,1
20130816,10,1
20130816,10,1
20130818,10,1
20130818,10,1
20130818,10,1
20130818,10,1
20130821,10,1
20130821,10,1
20130821,10,1
20130821,10,1
20130822,10,1
20130822,10,1
20130822,10,1
20130822,10,1
20130823,10,1
20130823,10,1
20130823,10,1
20130823,10,1
20130824,10,1
20130824,10,1
20130824,10,1
20130824,10,1
20130825,10,1
20130825,10,1
20130825,10,1
20130825,10,1
20130826,10,1
20130826,10,1
20130826,10,1
20130826,10,1
20130827,10,1
20130827,10,1
20130827,7,1
20130827,10,1
20130828,10,1
20130828,10,1
20130828,10,1
20130828,10,1
20130829,10,1
20130829,10,1
20130829,10,1
20130829,10,1
20130830,10,1
20130830,10,1
20130830,10,1
20130830,10,1
20130831,10,1
20130831,10,1
20130831,10,1
20130831,10,1
20130901,10,1
20130901,10,1
20130901,10,1
20130901,10,1
20130902,10,1
20130902,10,1
20130902,10,1
20130902,10,1
20130903,10,1
20130903,10,1
20130903,10,1
20130903,10,1
20130904,10,1
20130904,10,1
20130904,10,1
20130904,10,1
20130905,10,1
20130905,10,1
20130905,10,1
20130905,10,1
20130906,10,1
20130906,10,1
20130906,10,1
20130906,10,1
20130909,10,1
20130909,10,1
20130909,10,1
20130909,10,1
20130910,10,1
20130910,10,1
20130910,10,1
20130910,10,1
20130911,10,1
20130911,10,1
20130911,10,1
20130911,10,1
20130912,10,1
20130912,10,1
20130912,10,1
20130912,10,1
20130915,10,1
20130915,10,1
20130915,10,1
20130915,7,1
20130916,10,1
20130916,7,1
20130916,7,1
20130916,10,1
20130917,10,1
20130917,10,1
20130917,10,1
20130917,10,1
20130918,10,1
20130918,10,1
20130918,10,1
20130918,10,1
20130919,10,1
20130919,10,1
20130919,10,1
20130919,10,1
20130920,10,1
20130920,7,1
20130920,10,1
20130920,7,1
20130922,10,1
20130922,10,1
20130922,10,1
20130922,10,1
20130924,10,1
20130924,10,1
20130924,10,1
20130924,10,1
20130926,10,1
20130926,10,1
20130926,10,1
20130926,10,1
20130927,10,1
20130927,10,1
20130927,10,1
20130927,10,1
20130928,10,1
20130928,10,1
20130928,10,1
20130928,10,1
20130929,10,1
20130929,10,1
20130929,10,1
20130929,10,1
20130930,10,1
20130930,10,1
20130930,10,1
20130930,10,1
20131001,10,1
20131001,10,1
20131001,10,1
20131001,10,1
20131003,10,1
20131003,10,1
20131003,10,1
20131003,10,1
20131004,10,1
20131004,10,1
20131004,10,1
20131004,10,1
20131007,10,1
20131007,10,1
20131007,10,1
20131007,10,1
20131008,10,1
20131008,10,1
20131008,10,1
20131008,10,1
20131009,10,1
20131009,10,1
20131009,10,1
20131009,10,1
20131011,10,1
20131011,10,1
20131011,10,1
20131011,10,1
20131012,10,1
20131012,10,1
20131012,10,1
20131012,10,1
20131013,10,1
20131013,10,1
20131013,10,1
20131013,10,1
20131014,10,1
20131014,10,1
20131014,10,1
20131014,10,1
20131015,10,1
20131015,10,1
20131015,10,1
20131015,10,1
20131016,10,1
20131016,10,1
20131016,10,1
20131016,10,1
20131017,10,1
20131017,10,1
20131017,10,1
20131017,10,1
20131018,10,1
20131018,10,1
20131018,10,1
20131018,10,1
20131020,10,1
20131020,10,1
20131020,10,1
20131020,10,1
20131022,10,1
20131022,10,1
20131022,10,1
20131022,10,1
20131023,10,1
20131023,10,1
20131023,10,1
20131023,10,1
20131024,10,1
20131024,10,1
20131024,10,1
20131024,10,1
20131025,10,1
20131025,10,1
20131025,10,1
20131025,10,1
20131026,10,1
20131026,10,1
20131026,10,1
20131026,10,1
20131027,10,1
20131027,7,1
20131027,10,1
20131027,10,1
20131028,10,1
20131028,10,1
20131028,10,1
20131028,10,1
20131029,10,1
20131029,10,1
20131029,10,1
20131029,10,1
20131101,10,1
20131101,10,1
20131101,10,1
20131101,10,1
20131102,10,1
20131102,10,1
20131102,10,1
20131102,10,1
20131103,10,1
20131103,10,1
20131103,10,1
20131103,10,1
20131104,10,1
20131104,10,1
20131104,10,1
20131104,10,1
20131105,10,1
20131105,5,1
20131105,10,1
20131105,10,1
20131107,10,1
20131107,10,1
20131107,10,1
20131107,10,1
20131108,10,1
20131108,10,1
20131108,10,1
20131108,10,1
20131109,10,1
20131109,10,1
20131109,10,1
20131109,10,1
20131110,10,1
20131110,10,1
20131110,10,1
20131110,10,1
20131111,10,1
20131111,10,1
20131111,10,1
20131111,10,1
20131112,10,1
20131112,10,1
20131112,10,1
20131112,10,1
20131113,10,1
20131113,10,1
20131113,10,1
20131113,10,1
20131114,10,1
20131114,10,1
20131114,7,1
20131114,10,1
20131115,10,1
20131115,10,1
20131115,10,1
20131115,10,1
20131117,5,1
20131117,5,1
20131117,10,1
20131117,2,1
20131118,1.25,1
20131118,1,0
20131118,10,1
20131118,1.75,1
20131119,10,1
20131119,10,1
20131119,10,1
20131119,10,1
20131121,7,1
20131121,5,1
20131121,10,1
20131121,10,1
20131127,10,1
20131127,10,1
20131127,10,1
20131127,10,1
20131128,10,1
20131128,10,1
20131128,10,1
20131128,10,1
20131130,10,1
20131130,10,1
20131130,10,1
20131130,10,1
20131201,10,1
20131201,10,1
20131201,10,1
20131201,10,1
20131202,10,1
20131202,0.75,0
20131202,10,1
20131202,10,1
20131203,7,1
20131203,7,1
20131203,10,1
20131203,10,1
20131204,7,1
20131204,1.25,1
20131204,5,1
20131204,5,1
20131205,0.25,0
20131205,0.5,0
20131205,5,1
20131205,7,1
20131206,10,1
20131206,10,1
20131206,10,1
20131206,10,1
20131207,10,1
20131207,10,1
20131207,10,1
20131207,10,1
20131208,10,1
20131208,10,1
20131208,10,1
20131208,10,1
20131209,10,1
20131209,3,1
20131209,4,1
20131209,7,1
20131210,10,1
20131210,10,1
20131210,10,1
20131210,10,1
20131211,10,1
20131211,10,1
20131211,10,1
20131211,10,1
20131212,10,1
20131212,10,1
20131212,10,1
20131212,10,1
20131213,10,1
20131213,10,1
20131213,10,1
20131213,10,1
20131214,10,1
20131214,10,1
20131214,10,1
20131214,10,1
20131215,10,1
20131215,10,1
20131215,10,1
20131215,10,1
20131216,10,1
20131216,0.25,0
20131216,10,1
20131216,10,1
20131217,10,1
20131217,1.75,1
20131217,10,1
20131217,10,1
20131218,10,1
20131218,10,1
20131218,10,1
20131218,10,1
20131219,10,1
20131219,10,1
20131219,7,1
20131219,5,1
20131220,4,1
20131220,3,1
20131220,7,1
20131220,2.5,1
20131222,10,1
20131222,7,1
20131222,10,1
20131222,10,1
20131223,10,1
20131223,10,1
20131223,10,1
20131223,10,1
20131224,10,1
20131224,10,1
20131224,10,1
20131224,10,1
20131225,10,1
20131225,10,1
20131225,10,1
20131225,10,1
20131228,10,1
20131228,10,1
20131228,10,1
20131228,10,1
20131229,7,1
20131229,7,1
20131229,10,1
20131229,10,1
20140101,10,1
20140101,7,1
20140101,10,1
20140101,5,1
20140102,7,1
20140102,10,1
20140102,10,1
20140102,10,1
20140103,10,1
20140103,10,1
20140103,10,1
20140103,10,1
20140104,10,1
20140104,7,1
20140104,10,1
20140104,7,1
20140107,10,1
20140107,10,1
20140107,10,1
20140107,10,1
20140108,10,1
20140108,5,1
20140108,5,1
20140108,5,1
20140110,0.5,0
20140110,7,1
20140110,5,1
20140110,5,1
20140111,4,1
20140111,7,1
20140111,10,1
20140111,10,1
20140112,10,1
20140112,10,1
20140112,10,1
20140112,7,1
20140113,7,1
20140113,0.75,0
20140113,10,1
20140113,10,1
20140114,10,1
20140114,10,1
20140114,10,1
20140114,10,1
20140115,10,1
20140115,10,1
20140115,10,1
20140115,10,1
20140116,10,1
20140116,10,1
20140116,10,1
20140116,10,1
20140117,10,1
20140117,10,1
20140117,10,1
20140117,10,1
20140118,7,1
20140118,10,1
20140118,10,1
20140118,10,1
20140119,10,1
20140119,1.25,1
20140119,10,1
20140119,10,1
20140120,10,1
20140120,5,1
20140120,10,1
20140120,10,1
20140121,10,1
20140121,10,1
20140121,10,1
20140121,10,1
20140122,10,1
20140122,10,1
20140122,10,1
20140122,10,1
20140123,10,1
20140123,7,1
20140123,10,1
20140123,10,1
20140124,10,1
20140124,4,1
20140124,10,1
20140124,10,1
20140125,10,1
20140125,10,1
20140125,10,1
20140125,10,1
20140126,10,1
20140126,10,1
20140126,10,1
20140126,10,1
20140127,7,1
20140127,0.25,0
20140127,10,1
20140127,10,1
20140128,10,1
20140128,10,1
20140128,10,1
20140128,10,1
20140129,10,1
20140129,10,1
20140129,10,1
20140129,10,1
20140130,10,1
20140130,10,1
20140130,10,1
20140130,10,1
20140131,5,1
20140131,4,1
20140131,10,1
20140131,7,1
20140201,7,1
20140201,5,1
20140201,7,1
20140201,5,1
20140203,10,1
20140203,10,1
20140203,10,1
20140203,1.75,1
20140205,10,1
20140205,10,1
20140205,10,1
20140205,10,1
20140206,10,1
20140206,10,1
20140206,10,1
20140206,10,1
20140207,10,1
20140207,10,1
20140207,7,1
20140207,2.5,1
20140208,10,1
20140208,2,1
20140208,7,1
20140208,10,1
20140209,2.5,1
20140209,0.5,0
20140209,10,1
20140209,0.25,0
20140210,0.75,0
20140210,0.75,0
20140210,7,1
20140210,5,1
20140211,10,1
20140211,7,1
20140211,4,1
20140211,10,1
20140212,10,1
20140212,10,1
20140212,10,1
20140212,10,1
20140213,10,1
20140213,10,1
20140213,10,1
20140213,10,1
20140214,10,1
20140214,10,1
20140214,10,1
20140214,10,1
20140215,10,1
20140215,10,1
20140215,10,1
20140215,10,1
20140216,1.5,1
20140216,5,1
20140216,10,1
20140216,7,1
20140217,3,1
20140217,5,1
20140217,7,1
20140217,2,1
20140218,0.5,0
20140218,0.5,0
20140218,1.75,1
20140218,10,1
20140219,5,1
20140219,0.5,0
20140219,3,1
20140219,10,1
20140220,2,1
20140220,1.5,1
20140220,5,1
20140220,5,1
20140221,10,1
20140221,10,1
20140221,10,1
20140221,10,1
20140222,7,1
20140222,7,1
20140222,10,1
20140222,10,1
20140223,0.5,0
20140223,0.5,0
20140223,10,1
20140223,1,0
20140224,0.25,0
20140224,3,1
20140224,7,1
20140224,3,1
20140225,0.25,0
20140225,1,0
20140225,5,1
20140225,0.5,0
20140226,0.5,0
20140226,10,1
20140226,10,1
20140226,7,1
20140227,10,1
20140227,10,1
20140227,10,1
20140227,10,1
20140228,10,1
20140228,10,1
20140228,10,1
20140228,7,1
20140301,7,1
20140301,1,0
20140301,10,1
20140301,5,1
20140302,5,1
20140302,1.75,1
20140302,7,1
20140302,5,1
20140303,7,1
20140303,10,1
20140303,10,1
20140303,10,1
20140305,10,1
20140305,7,1
20140305,5,1
20140305,10,1
20140306,7,1
20140306,7,1
20140306,10,1
20140306,10,1
20140307,10,1
20140307,10,1
20140307,10,1
20140307,10,1
20140308,10,1
20140308,10,1
20140308,7,1
20140308,7,1
20140313,10,1
20140313,10,1
20140313,10,1
20140313,10,1
20140314,10,1
20140314,10,1
20140314,10,1
20140314,7,1
20140318,10,1
20140318,10,1
20140318,10,1
20140318,7,1
20140319,7,1
20140319,7,1
20140319,10,1
20140319,7,1
20140321,10,1
20140321,7,1
20140321,10,1
20140321,10,1
20140322,7,1
20140322,3,1
20140322,7,1
20140322,10,1
20140326,10,1
20140326,10,1
20140326,10,1
20140326,5,1
20140331,7,1
20140331,10,1
20140331,10,1
20140331,7,1
20140404,2.5,1
20140404,3,1
20140404,10,1
20140404,10,1
20140405,10,1
20140405,10,1
20140405,10,1
20140405,10,1
20140406,1,0
20140406,0.5,0
20140406,0.5,0
20140406,10,1
20140409,10,1
20140409,10,1
20140409,10,1
20140409,10,1
20140410,10,1
20140410,10,1
20140410,10,1
20140410,10,1
20140411,10,1
20140411,10,1
20140411,10,1
20140411,10,1
20140412,10,1
20140412,7,1
20140412,7,1
20140412,7,1
20140415,10,1
20140415,10,1
20140415,10,1
20140415,10,1
20140417,10,1
20140417,10,1
20140417,10,1
20140417,4,1
20140418,7,1
20140418,10,1
20140418,10,1
20140418,10,1
20140419,7,1
20140419,5,1
20140419,10,1
20140419,10,1
20140420,10,1
20140420,10,1
20140420,10,1
20140420,10,1
20140421,10,1
20140421,10,1
20140421,10,1
20140421,10,1
20140422,10,1
20140422,10,1
20140422,10,1
20140422,10,1
20140424,10,1
20140424,10,1
20140424,10,1
20140424,10,1
20140425,7,1
20140425,7,1
20140425,10,1
20140425,10,1
20140426,10,1
20140426,7,1
20140426,10,1
20140426,5,1
20140428,2,1
20140428,5,1
20140428,7,1
20140428,5,1
20140429,5,1
20140429,7,1
20140429,10,1
20140429,10,1
20140430,10,1
20140430,10,1
20140430,10,1
20140430,10,1
20140502,10,1
20140502,10,1
20140502,10,1
20140502,10,1
20140503,10,1
20140503,10,1
20140503,10,1
20140503,10,1
20140504,10,1
20140504,10,1
20140504,10,1
20140504,10,1
20140505,10,1
20140505,10,1
20140505,10,1
20140505,10,1
20140506,10,1
20140506,10,1
20140506,10,1
20140506,10,1
20140507,10,1
20140507,10,1
20140507,10,1
20140507,7,1
20140510,10,1
20140510,7,1
20140510,10,1
20140510,10,1
20140511,2,1
20140511,7,1
20140511,7,1
20140511,5,1
20140514,10,1
20140514,10,1
20140514,10,1
20140514,10,1
20140515,10,1
20140515,10,1
20140515,10,1
20140515,10,1
20140517,10,1
20140517,10,1
20140517,10,1
20140517,10,1
20140518,10,1
20140518,10,1
20140518,10,1
20140518,10,1
20140519,10,1
20140519,10,1
20140519,10,1
20140519,10,1
20140520,10,1
20140520,10,1
20140520,10,1
20140520,10,1
20140521,10,1
20140521,10,1
20140521,10,1
20140521,10,1
20140522,10,1
20140522,7,1
20140522,10,1
20140522,7,1
20140523,10,1
20140523,10,1
20140523,10,1
20140523,10,1
20140525,10,1
20140525,7,1
20140525,10,1
20140525,10,1
20140526,10,1
20140526,7,1
20140526,10,1
20140526,10,1
20140527,7,1
20140527,7,1
20140527,10,1
20140527,7,1
20140528,7,1
20140528,4,1
20140528,10,1
20140528,10,1
20140529,10,1
20140529,10,1
20140529,10,1
20140529,10,1
20140530,10,1
20140530,10,1
20140530,10,1
20140530,10,1
20140531,10,1
20140531,10,1
20140531,10,1
20140531,10,1
20140601,10,1
20140601,10,1
20140601,10,1
20140601,10,1
20140602,10,1
20140602,10,1
20140602,10,1
20140602,10,1
20140603,10,1
20140603,10,1
20140603,10,1
20140603,10,1
20140605,10,1
20140605,10,1
20140605,10,1
20140605,10,1
20140606,10,1
20140606,10,1
20140606,10,1
20140606,10,1
20140607,10,1
20140607,10,1
20140607,10,1
20140607,10,1
20140608,10,1
20140608,7,1
20140608,7,1
20140608,7,1
20140610,10,1
20140610,7,1
20140610,10,1
20140610,7,1
20140611,10,1
20140611,7,1
20140611,10,1
20140611,10,1
20140612,7,1
20140612,7,1
20140612,10,1
20140612,10,1
20140613,7,1
20140613,10,1
20140613,10,1
20140613,10,1
20140614,10,1
20140614,10,1
20140614,10,1
20140614,10,1
20140615,10,1
20140615,7,1
20140615,7,1
20140615,7,1
20140616,7,1
20140616,7,1
20140616,10,1
20140616,7,1
20140617,7,1
20140617,7,1
20140617,10,1
20140617,10,1
20140618,10,1
20140618,7,1
20140618,10,1
20140618,10,1
20140619,10,1
20140619,10,1
20140619,10,1
20140619,10,1
20140620,10,1
20140620,10,1
20140620,10,1
20140620,10,1
20140621,10,1
20140621,7,1
20140621,7,1
20140621,7,1
20140622,10,1
20140622,7,1
20140622,7,1
20140622,10,1
20140623,10,1
20140623,10,1
20140623,10,1
20140623,10,1
20140624,10,1
20140624,10,1
20140624,10,1
20140624,10,1
20140628,7,1
20140628,7,1
20140628,7,1
20140628,7,1
20140630,7,1
20140630,7,1
20140630,7,1
20140630,10,1
20140701,10,1
20140701,10,1
20140701,10,1
20140701,10,1
20140702,10,1
20140702,10,1
20140702,10,1
20140702,10,1
20140703,10,1
20140703,10,1
20140703,10,1
20140703,10,1
20140705,10,1
20140705,10,1
20140705,10,1
20140705,10,1
20140706,10,1
20140706,10,1
20140706,10,1
20140706,10,1
20140707,10,1
20140707,10,1
20140707,10,1
20140707,10,1
20140708,10,1
20140708,10,1
20140708,10,1
20140708,7,1
20140709,10,1
20140709,7,1
20140709,10,1
20140709,10,1
20140711,10,1
20140711,7,1
20140711,7,1
20140711,7,1
20140712,10,1
20140712,7,1
20140712,10,1
20140712,10,1
20140713,10,1
20140713,10,1
20140713,10,1
20140713,10,1
20140714,10,1
20140714,10,1
20140714,10,1
20140714,10,1
20140715,10,1
20140715,10,1
20140715,10,1
20140715,10,1
20140716,10,1
20140716,10,1
20140716,10,1
20140716,10,1
20140717,10,1
20140717,7,1
20140717,7,1
20140717,7,1
20140718,7,1
20140718,7,1
20140718,10,1
20140718,10,1
20140723,7,1
20140723,10,1
20140723,10,1
20140723,10,1
20140725,10,1
20140725,10,1
20140725,10,1
20140725,10,1
20140801,7,1
20140801,7,1
20140801,7,1
20140801,10,1
20140803,10,1
20140803,10,1
20140803,10,1
20140803,10,1
20140804,10,1
20140804,10,1
20140804,10,1
20140804,10,1
20140805,10,1
20140805,10,1
20140805,10,1
20140805,10,1
20140806,10,1
20140806,10,1
20140806,10,1
20140806,7,1
20140807,10,1
20140807,10,1
20140807,10,1
20140807,10,1
20140808,10,1
20140808,10,1
20140808,10,1
20140808,10,1
20140809,10,1
20140809,10,1
20140809,10,1
20140809,10,1
20140810,10,1
20140810,10,1
20140810,10,1
20140810,10,1
20140811,10,1
20140811,10,1
20140811,10,1
20140811,10,1
20140813,10,1
20140813,10,1
20140813,10,1
20140813,10,1
20140814,10,1
20140814,10,1
20140814,10,1
20140814,10,1
20140815,10,1
20140815,10,1
20140815,10,1
20140815,10,1
20140816,10,1
20140816,10,1
20140816,10,1
20140816,10,1
20140817,10,1
20140817,7,1
20140817,7,1
20140817,7,1
20140818,7,1
20140818,7,1
20140818,10,1
20140818,7,1
20140820,10,1
20140820,7,1
20140820,10,1
20140820,7,1
20140821,7,1
20140821,7,1
20140821,7,1
20140821,7,1
20140822,7,1
20140822,7,1
20140822,7,1
20140822,10,1
20140823,10,1
20140823,7,1
20140823,10,1
20140823,10,1
20140824,10,1
20140824,10,1
20140824,10,1
20140824,10,1
20140825,10,1
20140825,10,1
20140825,10,1
20140825,10,1
20140826,10,1
20140826,10,1
20140826,10,1
20140826,10,1
20140827,10,1
20140827,10,1
20140827,10,1
20140827,10,1
20140902,10,1
20140902,10,1
20140902,10,1
20140902,7,1
20140903,7,1
20140903,7,1
20140903,7,1
20140903,7,1
20140904,10,1
20140904,10,1
20140904,10,1
20140904,10,1
20140905,10,1
20140905,10,1
20140905,10,1
20140905,10,1
20140906,10,1
20140906,10,1
20140906,10,1
20140906,10,1
20140907,10,1
20140907,10,1
20140907,10,1
20140907,10,1
20140908,10,1
20140908,10,1
20140908,10,1
20140908,10,1
20140909,10,1
20140909,10,1
20140909,10,1
20140909,10,1
20140910,10,1
20140910,10,1
20140910,10,1
20140910,10,1
20140911,10,1
20140911,10,1
20140911,10,1
20140911,10,1
20140914,10,1
20140914,7,1
20140914,7,1
20140914,10,1
20140915,10,1
20140915,7,1
20140915,10,1
20140915,10,1
20140916,10,1
20140916,10,1
20140916,10,1
20140916,10,1
20140917,10,1
20140917,10,1
20140917,10,1
20140917,10,1
20140919,10,1
20140919,10,1
20140919,10,1
20140919,10,1
20140920,10,1
20140920,10,1
20140920,10,1
20140920,10,1
20140921,10,1
20140921,10,1
20140921,10,1
20140921,10,1
20140922,10,1
20140922,10,1
20140922,10,1
20140922,10,1
20140923,10,1
20140923,10,1
20140923,10,1
20140923,10,1
20140924,10,1
20140924,10,1
20140924,10,1
20140924,10,1
20140925,10,1
20140925,10,1
20140925,10,1
20140925,10,1
20140929,10,1
20140929,10,1
20140929,10,1
20140929,10,1
20140930,10,1
20140930,10,1
20140930,10,1
20140930,10,1
20141001,10,1
20141001,10,1
20141001,10,1
20141001,10,1
20141002,7,1
20141002,7,1
20141002,10,1
20141002,7,1
20141004,10,1
20141004,10,1
20141004,10,1
20141004,10,1
20141005,10,1
20141005,10,1
20141005,10,1
20141005,10,1
20141006,10,1
20141006,10,1
20141006,10,1
20141006,10,1
20141007,10,1
20141007,7,1
20141007,10,1
20141007,10,1
20141008,10,1
20141008,10,1
20141008,10,1
20141008,7,1
20141009,10,1
20141009,10,1
20141009,10,1
20141009,10,1
20141010,10,1
20141010,10,1
20141010,7,1
20141010,7,1
20141011,10,1
20141011,10,1
20141011,10,1
20141011,10,1
20141013,10,1
20141013,10,1
20141013,10,1
20141013,10,1
20141014,10,1
20141014,10,1
20141014,10,1
20141014,10,1
20141015,10,1
20141015,10,1
20141015,10,1
20141015,10,1
20141016,10,1
20141016,10,1
20141016,10,1
20141016,10,1
20141017,10,1
20141017,10,1
20141017,10,1
20141017,10,1
20141018,10,1
20141018,10,1
20141018,10,1
20141018,10,1
20141019,10,1
20141019,10,1
20141019,10,1
20141019,10,1
20141021,10,1
20141021,10,1
20141021,10,1
20141021,10,1
20141022,10,1
20141022,10,1
20141022,10,1
20141022,10,1
20141023,10,1
20141023,10,1
20141023,10,1
20141023,10,1
20141024,10,1
20141024,10,1
20141024,10,1
20141024,10,1
20141025,10,1
20141025,10,1
20141025,10,1
20141025,10,1
20141026,10,1
20141026,10,1
20141026,10,1
20141026,10,1
20141027,10,1
20141027,10,1
20141027,10,1
20141027,10,1
20141028,10,1
20141028,10,1
20141028,10,1
20141028,10,1
20141029,10,1
20141029,10,1
20141029,10,1
20141029,10,1
20141030,10,1
20141030,10,1
20141030,10,1
20141030,10,1
20141031,10,1
20141031,10,1
20141031,10,1
20141031,10,1
20141101,10,1
20141101,10,1
20141101,10,1
20141101,10,1
20141102,10,1
20141102,10,1
20141102,10,1
20141102,10,1
20141103,10,1
20141103,10,1
20141103,7,1
20141103,10,1
20141104,10,1
20141104,10,1
20141104,7,1
20141104,7,1
20141108,10,1
20141108,10,1
20141108,10,1
20141108,10,1
20141109,10,1
20141109,10,1
20141109,10,1
20141109,10,1
20141110,10,1
20141110,10,1
20141110,10,1
20141110,10,1
20141111,7,1
20141111,5,1
20141111,10,1
20141111,10,1
20141114,10,1
20141114,10,1
20141114,10,1
20141114,10,1
20141115,10,1
20141115,10,1
20141115,7,1
20141115,7,1
20141117,10,1
20141117,10,1
20141117,10,1
20141117,10,1
20141118,10,1
20141118,10,1
20141118,10,1
20141118,10,1
20141120,10,1
20141120,7,1
20141120,7,1
20141120,7,1
20141122,7,1
20141122,7,1
20141122,4,1
20141122,4,1
20141123,10,1
20141123,10,1
20141123,10,1
20141123,5,1
20141124,10,1
20141124,10,1
20141124,10,1
20141124,10,1
20141125,10,1
20141125,10,1
20141125,10,1
20141125,10,1
20141126,10,1
20141126,10,1
20141126,10,1
20141126,10,1
20141127,10,1
20141127,10,1
20141127,10,1
20141127,10,1
20141128,10,1
20141128,10,1
20141128,10,1
20141128,10,1
20141129,10,1
20141129,7,1
20141129,10,1
20141129,7,1
20141130,7,1
20141130,7,1
20141130,7,1
20141130,10,1
20141201,4,1
20141201,2,1
20141201,10,1
20141201,10,1
20141202,10,1
20141202,10,1
20141202,10,1
20141202,10,1
20141203,5,1
20141203,4,1
20141203,7,1
20141203,5,1
20141204,5,1
20141204,5,1
20141204,10,1
20141204,5,1
20141205,5,1
20141205,0.75,0
20141205,7,1
20141205,7,1
20141206,5,1
20141206,5,1
20141206,10,1
20141206,10,1
20141207,7,1
20141207,7,1
20141207,7,1
20141207,7,1
20141208,7,1
20141208,10,1
20141208,10,1
20141208,10,1
20141209,10,1
20141209,10,1
20141209,10,1
20141209,10,1
20141210,7,1
20141210,10,1
20141210,10,1
20141210,10,1
20141211,10,1
20141211,10,1
20141211,10,1
20141211,10,1
20141212,10,1
20141212,10,1
20141212,10,1
20141212,10,1
20141213,10,1
20141213,7,1
20141213,10,1
20141213,10,1
20141214,10,1
20141214,7,1
20141214,10,1
20141214,7,1
20141215,7,1
20141215,4,1
20141215,7,1
20141215,5,1
20141216,4,1
20141216,10,1
20141216,10,1
20141216,10,1
20141217,10,1
20141217,10,1
20141217,10,1
20141217,10,1
20141218,10,1
20141218,7,1
20141218,10,1
20141218,10,1
20141219,7,1
20141219,5,1
20141219,10,1
20141219,10,1
20141220,10,1
20141220,10,1
20141220,10,1
20141220,10,1
20141221,10,1
20141221,10,1
20141221,10,1
20141221,10,1
20141222,7,1
20141222,7,1
20141222,10,1
20141222,7,1
20141223,2,1
20141223,2.5,1
20141223,10,1
20141223,10,1
20141224,10,1
20141224,10,1
20141224,10,1
20141224,10,1
20141225,10,1
20141225,10,1
20141225,10,1
20141225,10,1
20141226,10,1
20141226,7,1
20141226,7,1
20141226,4,1
20141227,3,1
20141227,4,1
20141227,5,1
20141227,10,1
20141229,10,1
20141229,10,1
20141229,10,1
20141229,10,1
20141230,10,1
20141230,10,1
20141230,10,1
20141230,10,1
20141231,10,1
20141231,10,1
20141231,10,1
20141231,10,1
20150101,10,1
20150101,5,1
20150101,10,1
20150101,4,1
20150103,4,1
20150103,10,1
20150103,10,1
20150103,10,1
20150104,10,1
20150104,10,1
20150104,10,1
20150104,10,1
20150105,10,1
20150105,10,1
20150105,10,1
20150105,10,1
20150106,10,1
20150106,10,1
20150106,10,1
20150106,10,1
20150107,10,1
20150107,10,1
20150107,10,1
20150107,10,1
20150108,10,1
20150108,10,1
20150108,10,1
20150108,10,1
20150109,10,1
20150109,10,1
20150109,10,1
20150109,10,1
20150112,7,1
20150112,0.5,0
20150112,2,1
20150112,10,1
20150113,10,1
20150113,10,1
20150113,5,1
20150113,10,1
20150114,10,1
20150114,7,1
20150114,7,1
20150114,10,1
20150115,5,1
20150115,5,1
20150115,10,1
20150115,10,1
20150116,10,1
20150116,7,1
20150116,10,1
20150116,10,1
20150117,10,1
20150117,10,1
20150117,10,1
20150117,10,1
20150118,10,1
20150118,10,1
20150118,10,1
20150118,10,1
20150119,10,1
20150119,10,1
20150119,10,1
20150119,10,1
20150121,3,1
20150121,0.5,0
20150121,10,1
20150121,7,1
20150122,5,1
20150122,4,1
20150122,2,1
20150122,10,1
20150124,10,1
20150124,10,1
20150124,10,1
20150124,10,1
20150125,10,1
20150125,10,1
20150125,10,1
20150125,10,1
20150126,10,1
20150126,10,1
20150126,10,1
20150126,10,1
20150127,10,1
20150127,10,1
20150127,10,1
20150127,10,1
20150128,10,1
20150128,10,1
20150128,10,1
20150128,10,1
20150129,10,1
20150129,10,1
20150129,10,1
20150129,10,1
20150130,10,1
20150130,10,1
20150130,10,1
20150130,7,1
20150131,10,1
20150131,7,1
20150131,7,1
20150131,5,1
20150201,10,1
20150201,5,1
20150201,10,1
20150201,10,1
20150202,10,1
20150202,10,1
20150202,10,1
20150202,10,1
20150205,7,1
20150205,7,1
20150205,10,1
20150205,10,1
20150206,10,1
20150206,10,1
20150206,10,1
20150206,10,1
20150207,5,1
20150207,1.5,1
20150207,10,1
20150207,10,1
20150208,10,1
20150208,7,1
20150208,5,1
20150208,10,1
20150215,10,1
20150215,10,1
20150215,10,1
20150215,7,1
20150216,10,1
20150216,7,1
20150216,7,1
20150216,10,1
20150217,10,1
20150217,10,1
20150217,10,1
20150217,10,1
20150218,10,1
20150218,10,1
20150218,10,1
20150218,10,1
20150219,10,1
20150219,10,1
20150219,10,1
20150219,10,1
20150223,10,1
20150223,10,1
20150223,5,1
20150223,10,1
20150224,10,1
20150224,10,1
20150224,10,1
20150224,10,1
20150225,5,1
20150225,5,1
20150225,10,1
20150225,10,1
20150226,10,1
20150226,7,1
20150226,10,1
20150226,10,1
20150227,10,1
20150227,10,1
20150227,7,1
20150227,7,1
20150301,3,1
20150301,3,1
20150301,1.25,1
20150301,3,1
20150302,2.5,1
20150302,4,1
20150302,4,1
20150302,5,1
20150303,0.5,0
20150303,0.5,0
20150303,3,1
20150303,5,1
20150304,0.75,0
20150304,0.25,0
20150304,7,1
20150304,4,1
20150306,10,1
20150306,10,1
20150306,10,1
20150306,10,1
20150307,10,1
20150307,10,1
20150307,10,1
20150307,10,1
20150310,10,1
20150310,10,1
20150310,10,1
20150310,10,1
20150313,10,1
20150313,5,1
20150313,10,1
20150313,10,1
20150314,10,1
20150314,10,1
20150314,10,1
20150314,10,1
20150315,10,1
20150315,10,1
20150315,10,1
20150315,10,1
20150317,0.25,0
20150317,0.5,0
20150317,10,1
20150317,10,1
20150320,0.75,0
20150320,1,0
20150320,7,1
20150320,1.25,1
20150321,0.25,0
20150321,1.5,1
20150321,10,1
20150321,7,1
20150322,7,1
20150322,10,1
20150322,10,1
20150322,10,1
20150324,10,1
20150324,10,1
20150324,10,1
20150324,10,1
20150325,10,1
20150325,10,1
20150325,10,1
20150325,10,1
20150326,10,1
20150326,5,1
20150326,10,1
20150326,10,1
20150327,10,1
20150327,10,1
20150327,10,1
20150327,10,1
20150328,10,1
20150328,10,1
20150328,10,1
20150328,10,1
20150329,10,1
20150329,10,1
20150329,10,1
20150329,10,1
20150330,7,1
20150330,7,1
20150330,10,1
20150330,7,1
20150331,7,1
20150331,5,1
20150331,7,1
20150331,5,1
20150401,7,1
20150401,4,1
20150401,4,1
20150401,7,1
20150402,3,1
20150402,1,0
20150402,7,1
20150402,7,1
20150403,0.5,0
20150403,4,1
20150403,5,1
20150403,7,1
20150404,5,1
20150404,10,1
20150404,10,1
20150404,10,1
20150405,7,1
20150405,5,1
20150405,10,1
20150405,10,1
20150406,5,1
20150406,5,1
20150406,7,1
20150406,7,1
20150407,5,1
20150407,4,1
20150407,5,1
20150407,7,1
20150408,7,1
20150408,5,1
20150408,7,1
20150408,5,1
20150409,5,1
20150409,4,1
20150409,5,1
20150409,5,1
20150416,10,1
20150416,10,1
20150416,7,1
20150416,5,1
20150417,7,1
20150417,4,1
20150417,7,1
20150417,5,1
20150419,7,1
20150419,7,1
20150419,10,1
20150419,7,1
20150420,5,1
20150420,10,1
20150420,10,1
20150420,10,1
20150421,10,1
20150421,10,1
20150421,10,1
20150421,10,1
20150423,10,1
20150423,0.75,0
20150423,10,1
20150423,7,1
20150424,3,1
20150424,5,1
20150424,10,1
20150424,4,1
20150426,0.25,0
20150426,0.5,0
20150426,3,1
20150426,2.5,1
20150427,0.75,0
20150427,2,1
20150427,7,1
20150427,7,1
20150428,10,1
20150428,10,1
20150428,10,1
20150428,10,1
20150429,10,1
20150429,10,1
20150429,10,1
20150429,10,1
20150430,10,1
20150430,10,1
20150430,10,1
20150430,10,1
20150501,10,1
20150501,10,1
20150501,10,1
20150501,10,1
20150502,10,1
20150502,10,1
20150502,10,1
20150502,10,1
20150503,10,1
20150503,10,1
20150503,10,1
20150503,10,1
20150504,10,1
20150504,10,1
20150504,10,1
20150504,10,1
20150505,10,1
20150505,10,1
20150505,10,1
20150505,5,1
20150506,7,1
20150506,7,1
20150506,7,1
20150506,7,1
20150507,7,1
20150507,7,1
20150507,7,1
20150507,7,1
20150508,5,1
20150508,4,1
20150508,7,1
20150508,5,1
20150511,5,1
20150511,4,1
20150511,5,1
20150511,4,1
20150514,7,1
20150514,5,1
20150514,7,1
20150514,7,1
20150515,10,1
20150515,7,1
20150515,7,1
20150515,10,1
20150518,5,1
20150518,7,1
20150518,7,1
20150518,7,1
20150519,7,1
20150519,7,1
20150519,10,1
20150519,10,1
20150520,10,1
20150520,5,1
20150520,10,1
20150520,10,1
20150522,10,1
20150522,10,1
20150522,10,1
20150522,10,1
20150523,10,1
20150523,10,1
20150523,10,1
20150523,10,1
20150524,7,1
20150524,10,1
20150524,10,1
20150524,10,1
20150525,10,1
20150525,7,1
20150525,7,1
20150525,7,1
20150526,5,1
20150526,5,1
20150526,7,1
20150526,7,1
20150527,7,1
20150527,7,1
20150527,7,1
20150527,7,1
20150528,7,1
20150528,7,1
20150528,7,1
20150528,10,1
20150530,10,1
20150530,10,1
20150530,10,1
20150530,10,1
20150531,10,1
20150531,10,1
20150531,10,1
20150531,10,1
20150601,10,1
20150601,10,1
20150601,10,1
20150601,10,1
20150602,10,1
20150602,10,1
20150602,10,1
20150602,10,1
20150603,10,1
20150603,10,1
20150603,10,1
20150603,10,1
20150604,10,1
20150604,10,1
20150604,10,1
20150604,10,1
20150605,10,1
20150605,10,1
20150605,10,1
20150605,10,1
20150606,10,1
20150606,10,1
20150606,10,1
20150606,10,1
20150607,10,1
20150607,10,1
20150607,10,1
20150607,10,1
20150608,10,1
20150608,10,1
20150608,10,1
20150608,10,1
20150609,10,1
20150609,10,1
20150609,10,1
20150609,10,1
20150611,10,1
20150611,10,1
20150611,10,1
20150611,10,1
20150612,10,1
20150612,10,1
20150612,10,1
20150612,10,1
20150614,7,1
20150614,7,1
20150614,10,1
20150614,10,1
20150615,10,1
20150615,10,1
20150615,10,1
20150615,10,1
20150616,10,1
20150616,10,1
20150616,7,1
20150616,10,1
20150619,7,1
20150619,7,1
20150619,10,1
20150619,10,1
20150620,10,1
20150620,10,1
20150620,10,1
20150620,7,1
20150621,7,1
20150621,7,1
20150621,7,1
20150621,7,1
20150622,10,1
20150622,7,1
20150622,7,1
20150622,10,1
20150623,10,1
20150623,10,1
20150623,10,1
20150623,10,1
20150625,10,1
20150625,10,1
20150625,10,1
20150625,10,1
20150626,10,1
20150626,10,1
20150626,10,1
20150626,10,1
20150628,10,1
20150628,10,1
20150628,10,1
20150628,7,1
20150703,7,1
20150703,5,1
20150703,7,1
20150703,7,1
20150704,10,1
20150704,7,1
20150704,10,1
20150704,10,1
20150706,7,1
20150706,5,1
20150706,7,1
20150706,7,1
20150707,7,1
20150707,5,1
20150707,7,1
20150707,5,1
20150709,7,1
20150709,4,1
20150709,7,1
20150709,7,1
20150710,7,1
20150710,5,1
20150710,7,1
20150710,10,1
20150711,10,1
20150711,7,1
20150711,10,1
20150711,10,1
20150712,10,1
20150712,10,1
20150712,10,1
20150712,10,1
20150713,10,1
20150713,10,1
20150713,10,1
20150713,10,1
20150714,10,1
20150714,10,1
20150714,10,1
20150714,10,1
20150715,10,1
20150715,10,1
20150715,10,1
20150715,10,1
20150716,10,1
20150716,10,1
20150716,10,1
20150716,10,1
20150717,10,1
20150717,10,1
20150717,10,1
20150717,10,1
20150718,10,1
20150718,7,1
20150718,10,1
20150718,10,1
20150719,10,1
20150719,5,1
20150719,10,1
20150719,10,1
20150720,10,1
20150720,10,1
20150720,10,1
20150720,10,1
20150721,10,1
20150721,7,1
20150721,10,1
20150721,10,1
20150722,10,1
20150722,7,1
20150722,7,1
20150722,7,1
20150723,7,1
20150723,5,1
20150723,10,1
20150723,10,1
20150724,7,1
20150724,7,1
20150724,10,1
20150724,10,1
20150725,10,1
20150725,5,1
20150725,10,1
20150725,10,1
20150726,10,1
20150726,7,1
20150726,10,1
20150726,7,1
20150727,10,1
20150727,7,1
20150727,10,1
20150727,7,1
20150728,7,1
20150728,7,1
20150728,7,1
20150728,7,1
20150729,7,1
20150729,4,1
20150729,7,1
20150729,10,1
20150730,10,1
20150730,10,1
20150730,10,1
20150730,10,1
20150801,10,1
20150801,10,1
20150801,10,1
20150801,10,1
20150803,10,1
20150803,10,1
20150803,10,1
20150803,10,1
20150804,10,1
20150804,10,1
20150804,10,1
20150804,10,1
20150805,10,1
20150805,10,1
20150805,10,1
20150805,10,1
20150808,10,1
20150808,7,1
20150808,10,1
20150808,7,1
20150809,10,1
20150809,7,1
20150809,10,1
20150809,10,1
20150810,10,1
20150810,7,1
20150810,10,1
20150810,10,1
20150811,10,1
20150811,10,1
20150811,10,1
20150811,10,1
20150812,10,1
20150812,10,1
20150812,10,1
20150812,10,1
20150813,10,1
20150813,10,1
20150813,10,1
20150813,10,1
20150814,10,1
20150814,10,1
20150814,10,1
20150814,10,1
20150815,10,1
20150815,10,1
20150815,10,1
20150815,10,1
20150816,10,1
20150816,10,1
20150816,10,1
20150816,10,1
20150818,10,1
20150818,10,1
20150818,10,1
20150818,10,1
20150819,10,1
20150819,10,1
20150819,10,1
20150819,10,1
20150821,10,1
20150821,10,1
20150821,10,1
20150821,10,1
20150822,10,1
20150822,10,1
20150822,10,1
20150822,10,1
20150823,10,1
20150823,10,1
20150823,10,1
20150823,10,1
20150824,10,1
20150824,10,1
20150824,10,1
20150824,10,1
20150825,10,1
20150825,10,1
20150825,10,1
20150825,10,1
20150826,10,1
20150826,10,1
20150826,10,1
20150826,10,1
20150827,10,1
20150827,10,1
20150827,10,1
20150827,10,1
20150828,10,1
20150828,10,1
20150828,10,1
20150828,10,1
20150829,10,1
20150829,10,1
20150829,10,1
20150829,10,1
20150830,10,1
20150830,10,1
20150830,10,1
20150830,10,1
20150831,10,1
20150831,10,1
20150831,10,1
20150831,10,1
20150902,10,1
20150902,10,1
20150902,10,1
20150902,10,1
20150903,10,1
20150903,10,1
20150903,10,1
20150903,10,1
20150904,10,1
20150904,10,1
20150904,10,1
20150904,10,1
20150905,10,1
20150905,10,1
20150905,10,1
20150905,10,1
20150906,10,1
20150906,10,1
20150906,10,1
20150906,10,1
20150907,10,1
20150907,10,1
20150907,10,1
20150907,10,1
20150908,10,1
20150908,10,1
20150908,10,1
20150908,10,1
20150909,10,1
20150909,10,1
20150909,10,1
20150909,10,1
20150912,10,1
20150912,10,1
20150912,10,1
20150912,10,1
20150913,10,1
20150913,10,1
20150913,10,1
20150913,10,1
20150914,10,1
20150914,10,1
20150914,10,1
20150914,10,1
20150915,10,1
20150915,10,1
20150915,10,1
20150915,10,1
20150916,10,1
20150916,10,1
20150916,10,1
20150916,10,1
20150917,10,1
20150917,10,1
20150917,10,1
20150917,10,1
20150918,10,1
20150918,10,1
20150918,10,1
20150918,10,1
20150919,10,1
20150919,10,1
20150919,10,1
20150919,10,1
20150920,10,1
20150920,10,1
20150920,10,1
20150920,10,1
20150921,10,1
20150921,10,1
20150921,10,1
20150921,10,1
20150922,10,1
20150922,10,1
20150922,10,1
20150922,10,1
20150923,10,1
20150923,10,1
20150923,10,1
20150923,10,1
20150924,10,1
20150924,10,1
20150924,10,1
20150924,10,1
20150928,10,1
20150928,10,1
20150928,10,1
20150928,10,1
20150930,10,1
20150930,10,1
20150930,10,1
20150930,10,1
20151001,10,1
20151001,10,1
20151001,10,1
20151001,10,1
20151002,10,1
20151002,10,1
20151002,10,1
20151002,10,1
20151004,10,1
20151004,10,1
20151004,10,1
20151004,10,1
20151005,10,1
20151005,10,1
20151005,10,1
20151005,10,1
20151006,10,1
20151006,10,1
20151006,10,1
20151006,10,1
20151007,10,1
20151007,10,1
20151007,10,1
20151007,10,1
20151008,10,1
20151008,10,1
20151008,10,1
20151008,10,1
20151010,10,1
20151010,10,1
20151010,10,1
20151010,10,1
20151011,10,1
20151011,10,1
20151011,10,1
20151011,10,1
20151012,10,1
20151012,10,1
20151012,10,1
20151012,10,1
20151013,10,1
20151013,10,1
20151013,10,1
20151013,10,1
20151014,10,1
20151014,10,1
20151014,10,1
20151014,10,1
20151015,10,1
20151015,10,1
20151015,10,1
20151015,10,1
20151016,10,1
20151016,10,1
20151016,10,1
20151016,10,1
20151017,10,1
20151017,10,1
20151017,10,1
20151017,10,1
20151018,10,1
20151018,10,1
20151018,10,1
20151018,10,1
20151019,10,1
20151019,10,1
20151019,10,1
20151019,10,1
20151020,10,1
20151020,10,1
20151020,10,1
20151020,10,1
20151021,10,1
20151021,10,1
20151021,7,1
20151021,7,1
20151023,5,1
20151023,4,1
20151023,5,1
20151023,10,1
20151026,10,1
20151026,10,1
20151026,10,1
20151026,10,1
20151027,10,1
20151027,10,1
20151027,10,1
20151027,10,1
20151028,10,1
20151028,10,1
20151028,10,1
20151028,10,1
20151029,10,1
20151029,10,1
20151029,10,1
20151029,10,1
20151104,10,1
20151104,10,1
20151104,10,1
20151104,10,1
20151105,10,1
20151105,7,1
20151105,10,1
20151105,10,1
20151106,7,1
20151106,7,1
20151106,10,1
20151106,10,1
20151107,10,1
20151107,10,1
20151107,10,1
20151107,10,1
20151108,10,1
20151108,10,1
20151108,10,1
20151108,10,1
20151109,10,1
20151109,10,1
20151109,10,1
20151109,10,1
20151110,10,1
20151110,10,1
20151110,10,1
20151110,10,1
20151112,10,1
20151112,10,1
20151112,10,1
20151112,10,1
20151113,10,1
20151113,10,1
20151113,10,1
20151113,10,1
20151114,10,1
20151114,10,1
20151114,10,1
20151114,10,1
20151115,10,1
20151115,10,1
20151115,10,1
20151115,10,1
20151116,10,1
20151116,7,1
20151116,7,1
20151116,7,1
20151118,10,1
20151118,10,1
20151118,10,1
20151118,10,1
20151119,10,1
20151119,10,1
20151119,10,1
20151119,10,1
20151120,10,1
20151120,10,1
20151120,10,1
20151120,7,1
20151121,7,1
20151121,10,1
20151121,10,1
20151121,10,1
20151122,10,1
20151122,10,1
20151122,10,1
20151122,10,1
20151123,10,1
20151123,10,1
20151123,10,1
20151123,10,1
20151124,10,1
20151124,10,1
20151124,10,1
20151124,10,1
20151125,10,1
20151125,10,1
20151125,7,1
20151125,10,1
20151126,7,1
20151126,7,1
20151126,10,1
20151126,5,1
20151128,4,1
20151128,7,1
20151128,3,1
20151128,10,1
20151129,10,1
20151129,7,1
20151129,10,1
20151129,10,1
20151130,4,1
20151130,10,1
20151130,10,1
20151130,10,1
20151201,10,1
20151201,10,1
20151201,10,1
20151201,10,1
20151202,7,1
20151202,10,1
20151202,10,1
20151202,10,1
20151203,10,1
20151203,10,1
20151203,10,1
20151203,10,1
20151204,10,1
20151204,10,1
20151204,10,1
20151204,10,1
20151205,10,1
20151205,10,1
20151205,10,1
20151205,10,1
20151206,10,1
20151206,10,1
20151206,10,1
20151206,10,1
20151207,10,1
20151207,10,1
20151207,10,1
20151207,10,1
20151208,5,1
20151208,0.25,0
20151208,10,1
20151208,10,1
20151209,10,1
20151209,0.25,0
20151209,10,1
20151209,10,1
20151210,10,1
20151210,7,1
20151210,2.5,1
20151210,10,1
20151211,2.5,1
20151211,4,1
20151211,5,1
20151211,5,1
20151214,10,1
20151214,10,1
20151214,10,1
20151214,10,1
20151215,10,1
20151215,7,1
20151215,7,1
20151215,4,1
20151216,1.5,1
20151216,0.25,0
20151216,10,1
20151216,10,1
20151217,10,1
20151217,10,1
20151217,10,1
20151217,10,1
20151218,10,1
20151218,10,1
20151218,10,1
20151218,10,1
20151219,10,1
20151219,10,1
20151219,10,1
20151219,10,1
20151220,10,1
20151220,10,1
20151220,7,1
20151220,7,1
20151221,5,1
20151221,7,1
20151221,7,1
20151221,10,1
20151222,5,1
20151222,7,1
20151222,7,1
20151222,4,1
20151223,5,1
20151223,3,1
20151223,10,1
20151223,7,1
20151224,0.25,0
20151224,4,1
20151224,4,1
20151224,0.25,0
20151225,0.25,0
20151225,0.25,0
20151225,2.5,1
20151225,0.25,0
20151226,4,1
20151226,4,1
20151226,4,1
20151226,4,1
20151228,10,1
20151228,10,1
20151228,10,1
20151228,10,1
20151231,10,1
20151231,10,1
20151231,10,1
20151231,10,1
20160104,10,1
20160104,10,1
20160104,10,1
20160104,10,1
20160105,10,1
20160105,10,1
20160105,10,1
20160105,10,1
20160107,5,1
20160107,0.25,0
20160107,10,1
20160107,5,1
20160108,2.5,1
20160108,4,1
20160108,10,1
20160108,7,1
20160109,0.25,0
20160109,10,1
20160109,10,1
20160109,10,1
20160110,10,1
20160110,10,1
20160110,10,1
20160110,10,1
20160111,10,1
20160111,10,1
20160111,10,1
20160111,10,1
20160112,10,1
20160112,10,1
20160112,10,1
20160112,10,1
20160113,10,1
20160113,10,1
20160113,10,1
20160113,10,1
20160114,10,1
20160114,10,1
20160114,10,1
20160114,3,1
20160116,10,1
20160116,10,1
20160116,10,1
20160116,10,1
20160117,10,1
20160117,10,1
20160117,10,1
20160117,10,1
20160118,10,1
20160118,10,1
20160118,10,1
20160118,10,1
20160119,10,1
20160119,10,1
20160119,10,1
20160119,10,1
20160120,10,1
20160120,7,1
20160120,10,1
20160120,0.75,0
20160121,7,1
20160121,7,1
20160121,10,1
20160121,10,1
20160122,10,1
20160122,10,1
20160122,10,1
20160122,10,1
20160123,10,1
20160123,10,1
20160123,10,1
20160123,10,1
20160124,10,1
20160124,10,1
20160124,10,1
20160124,10,1
20160125,10,1
20160125,7,1
20160125,7,1
20160125,5,1
20160126,4,1
20160126,4,1
20160126,10,1
20160126,10,1
20160127,10,1
20160127,10,1
20160127,10,1
20160127,10,1
20160128,10,1
20160128,10,1
20160128,10,1
20160128,10,1
20160129,10,1
20160129,10,1
20160129,10,1
20160129,10,1
20160130,10,1
20160130,10,1
20160130,10,1
20160130,10,1
20160201,0.25,0
20160201,4,1
20160201,10,1
20160201,4,1
20160202,3,1
20160202,2.5,1
20160202,10,1
20160202,10,1
20160203,10,1
20160203,10,1
20160203,10,1
20160203,10,1
20160204,10,1
20160204,10,1
20160204,10,1
20160204,10,1
20160205,10,1
20160205,10,1
20160205,10,1
20160205,10,1
20160206,10,1
20160206,10,1
20160206,10,1
20160206,10,1
20160207,10,1
20160207,10,1
20160207,10,1
20160207,10,1
20160208,10,1
20160208,10,1
20160208,10,1
20160208,10,1
20160209,10,1
20160209,10,1
20160209,10,1
20160209,10,1
20160210,10,1
20160210,10,1
20160210,10,1
20160210,10,1
20160211,10,1
20160211,10,1
20160211,10,1
20160211,10,1
20160212,10,1
20160212,7,1
20160212,10,1
20160212,10,1
20160213,10,1
20160213,10,1
20160213,10,1
20160213,10,1
20160214,10,1
20160214,10,1
20160214,10,1
20160214,10,1
20160215,10,1
20160215,5,1
20160215,10,1
20160215,7,1
20160216,10,1
20160216,10,1
20160216,10,1
20160216,10,1
20160217,7,1
20160217,5,1
20160217,10,1
20160217,10,1
20160218,10,1
20160218,10,1
20160218,10,1
20160218,10,1
20160219,10,1
20160219,7,1
20160219,10,1
20160219,10,1
20160220,7,1
20160220,7,1
20160220,10,1
20160220,10,1
20160221,7,1
20160221,5,1
20160221,10,1
20160221,7,1
20160222,3,1
20160222,0.5,0
20160222,7,1
20160222,10,1
20160223,10,1
20160223,7,1
20160223,10,1
20160223,10,1
20160224,10,1
20160224,10,1
20160224,10,1
20160224,10,1
20160225,10,1
20160225,10,1
20160225,10,1
20160225,10,1
20160226,10,1
20160226,10,1
20160226,10,1
20160226,10,1
20160227,10,1
20160227,10,1
20160227,10,1
20160227,10,1
20160228,10,1
20160228,10,1
20160228,10,1
20160228,10,1
20160229,10,1
20160229,7,1
20160229,10,1
20160229,10,1
20160301,10,1
20160301,7,1
20160301,10,1
20160301,10,1
20160302,7,1
20160302,7,1
20160302,10,1
20160302,7,1
20160304,10,1
20160304,10,1
20160304,10,1
20160304,10,1
20160305,10,1
20160305,10,1
20160305,10,1
20160305,10,1
20160306,10,1
20160306,10,1
20160306,10,1
20160306,10,1
20160307,7,1
20160307,7,1
20160307,7,1
20160307,5,1
20160308,7,1
20160308,7,1
20160308,5,1
20160308,4,1
20160310,10,1
20160310,10,1
20160310,10,1
20160310,7,1
20160311,10,1
20160311,10,1
20160311,10,1
20160311,10,1
20160312,10,1
20160312,10,1
20160312,10,1
20160312,10,1
20160313,10,1
20160313,7,1
20160313,10,1
20160313,7,1
20160314,7,1
20160314,1,0
20160314,10,1
20160314,5,1
20160316,2.5,1
20160316,5,1
20160316,7,1
20160316,5,1
20160317,1,0
20160317,0.5,0
20160317,5,1
20160317,7,1
20160318,10,1
20160318,7,1
20160318,5,1
20160318,7,1
20160320,10,1
20160320,10,1
20160320,10,1
20160320,10,1
20160321,10,1
20160321,10,1
20160321,10,1
20160321,10,1
20160322,10,1
20160322,10,1
20160322,10,1
20160322,10,1
20160324,5,1
20160324,10,1
20160324,10,1
20160324,10,1
20160325,10,1
20160325,10,1
20160325,10,1
20160325,10,1
20160326,10,1
20160326,10,1
20160326,10,1
20160326,10,1
20160328,10,1
20160328,10,1
20160328,10,1
20160328,10,1
20160329,10,1
20160329,1,0
20160329,5,1
20160329,3,1
20160330,2.5,1
20160330,0.75,0
20160330,2,1
20160330,3,1
20160331,2.5,1
20160331,2.5,1
20160331,7,1
20160331,2.5,1
20160401,4,1
20160401,10,1
20160401,10,1
20160401,10,1
20160402,10,1
20160402,10,1
20160402,10,1
20160402,10,1
20160403,10,1
20160403,10,1
20160403,10,1
20160403,10,1
20160404,10,1
20160404,10,1
20160404,10,1
20160404,10,1
20160405,10,1
20160405,10,1
20160405,10,1
20160405,10,1
20160406,10,1
20160406,10,1
20160406,10,1
20160406,10,1
20160407,10,1
20160407,0.75,0
20160407,10,1
20160407,10,1
20160408,10,1
20160408,10,1
20160408,10,1
20160408,10,1
20160410,10,1
20160410,7,1
20160410,10,1
20160410,7,1
20160412,5,1
20160412,4,1
20160412,1,0
20160412,7,1
20160413,5,1
20160413,7,1
20160413,10,1
20160413,10,1
20160414,10,1
20160414,7,1
20160414,10,1
20160414,10,1
20160415,10,1
20160415,10,1
20160415,10,1
20160415,10,1
20160416,10,1
20160416,7,1
20160416,7,1
20160416,5,1
20160417,5,1
20160417,7,1
20160417,7,1
20160417,5,1
20160419,7,1
20160419,7,1
20160419,10,1
20160419,10,1
20160420,7,1
20160420,5,1
20160420,10,1
20160420,10,1
20160421,7,1
20160421,5,1
20160421,10,1
20160421,10,1
20160422,10,1
20160422,10,1
20160422,10,1
20160422,10,1
20160423,10,1
20160423,10,1
20160423,10,1
20160423,10,1
20160425,10,1
20160425,7,1
20160425,10,1
20160425,10,1
20160426,10,1
20160426,7,1
20160426,7,1
20160426,4,1
20160427,7,1
20160427,7,1
20160427,10,1
20160427,4,1
20160428,5,1
20160428,7,1
20160428,7,1
20160428,7,1
20160429,5,1
20160429,5,1
20160429,7,1
20160429,5,1
20160430,5,1
20160430,5,1
20160430,7,1
20160430,7,1
20160502,7,1
20160502,10,1
20160502,10,1
20160502,10,1
20160503,10,1
20160503,10,1
20160503,10,1
20160503,10,1
20160504,10,1
20160504,10,1
20160504,10,1
20160504,10,1
20160505,10,1
20160505,10,1
20160505,10,1
20160505,10,1
20160506,10,1
20160506,10,1
20160506,10,1
20160506,10,1
20160507,10,1
20160507,10,1
20160507,10,1
20160507,10,1
20160508,10,1
20160508,10,1
20160508,10,1
20160508,10,1
20160510,7,1
20160510,4,1
20160510,7,1
20160510,7,1
20160511,7,1
20160511,7,1
20160511,7,1
20160511,7,1
20160512,7,1
20160512,5,1
20160512,10,1
20160512,10,1
20160513,10,1
20160513,10,1
20160513,10,1
20160513,10,1
20160514,10,1
20160514,10,1
20160514,10,1
20160514,10,1
20160517,10,1
20160517,10,1
20160517,10,1
20160517,10,1
20160519,10,1
20160519,10,1
20160519,10,1
20160519,10,1
20160520,10,1
20160520,10,1
20160520,10,1
20160520,10,1
20160521,10,1
20160521,7,1
20160521,10,1
20160521,10,1
20160522,7,1
20160522,5,1
20160522,7,1
20160522,10,1
20160523,10,1
20160523,7,1
20160523,10,1
20160523,7,1
20160524,10,1
20160524,7,1
20160524,7,1
20160524,7,1
20160525,7,1
20160525,5,1
20160525,7,1
20160525,7,1
20160526,7,1
20160526,7,1
20160526,10,1
20160526,7,1
20160527,7,1
20160527,5,1
20160527,7,1
20160527,7,1
20160528,10,1
20160528,10,1
20160528,10,1
20160528,10,1
20160529,10,1
20160529,10,1
20160529,10,1
20160529,10,1
20160530,10,1
20160530,10,1
20160530,10,1
20160530,10,1
20160601,10,1
20160601,10,1
20160601,10,1
20160601,10,1
20160605,10,1
20160605,10,1
20160605,10,1
20160605,10,1
20160606,10,1
20160606,10,1
20160606,10,1
20160606,10,1
20160607,10,1
20160607,10,1
20160607,10,1
20160607,10,1
20160608,10,1
20160608,10,1
20160608,10,1
20160608,10,1
20160609,10,1
20160609,10,1
20160609,10,1
20160609,10,1
20160610,10,1
20160610,10,1
20160610,10,1
20160610,10,1
20160611,10,1
20160611,10,1
20160611,10,1
20160611,10,1
20160612,10,1
20160612,10,1
20160612,10,1
20160612,10,1
20160613,10,1
20160613,10,1
20160613,10,1
20160613,10,1
20160614,10,1
20160614,10,1
20160614,10,1
20160614,10,1
20160615,10,1
20160615,7,1
20160615,10,1
20160615,7,1
20160616,10,1
20160616,7,1
20160616,7,1
20160616,10,1
20160618,10,1
20160618,10,1
20160618,10,1
20160618,10,1
20160619,10,1
20160619,10,1
20160619,10,1
20160619,10,1
20160620,10,1
20160620,10,1
20160620,10,1
20160620,10,1
20160621,10,1
20160621,7,1
20160621,10,1
20160621,10,1
20160622,10,1
20160622,10,1
20160622,10,1
20160622,10,1
20160623,10,1
20160623,10,1
20160623,10,1
20160623,10,1
20160624,10,1
20160624,10,1
20160624,10,1
20160624,10,1
20160626,10,1
20160626,10,1
20160626,10,1
20160626,10,1
20160627,10,1
20160627,10,1
20160627,10,1
20160627,10,1
20160628,10,1
20160628,10,1
20160628,10,1
20160628,10,1
20160630,10,1
20160630,10,1
20160630,10,1
20160630,10,1
20160701,10,1
20160701,10,1
20160701,10,1
20160701,10,1
20160702,10,1
20160702,10,1
20160702,10,1
20160702,10,1
20160703,10,1
20160703,10,1
20160703,10,1
20160703,10,1
20160704,10,1
20160704,7,1
20160704,10,1
20160704,7,1
20160705,7,1
20160705,5,1
20160705,7,1
20160705,10,1
20160706,10,1
20160706,5,1
20160706,10,1
20160706,7,1
20160707,7,1
20160707,7,1
20160707,10,1
20160707,10,1
20160708,7,1
20160708,5,1
20160708,10,1
20160708,10,1
20160709,7,1
20160709,5,1
20160709,10,1
20160709,7,1
20160710,7,1
20160710,7,1
20160710,7,1
20160710,7,1
20160711,7,1
20160711,5,1
20160711,7,1
20160711,7,1
20160712,10,1
20160712,7,1
20160712,10,1
20160712,10,1
20160713,10,1
20160713,7,1
20160713,10,1
20160713,10,1
20160714,10,1
20160714,7,1
20160714,10,1
20160714,7,1
20160715,10,1
20160715,7,1
20160715,10,1
20160715,10,1
20160716,10,1
20160716,10,1
20160716,10,1
20160716,10,1
20160717,10,1
20160717,10,1
20160717,10,1
20160717,10,1
20160718,10,1
20160718,10,1
20160718,10,1
20160718,10,1
20160719,10,1
20160719,10,1
20160719,10,1
20160719,10,1
20160720,10,1
20160720,10,1
20160720,10,1
20160720,10,1
20160721,10,1
20160721,10,1
20160721,10,1
20160721,10,1
20160722,10,1
20160722,10,1
20160722,10,1
20160722,10,1
20160723,10,1
20160723,10,1
20160723,10,1
20160723,10,1
20160724,10,1
20160724,10,1
20160724,10,1
20160724,10,1
20160725,10,1
20160725,10,1
20160725,10,1
20160725,10,1
20160726,10,1
20160726,10,1
20160726,10,1
20160726,7,1
20160727,10,1
20160727,10,1
20160727,7,1
20160727,10,1
20160728,10,1
20160728,10,1
20160728,10,1
20160728,10,1
20160729,10,1
20160729,10,1
20160729,10,1
20160729,10,1
20160730,10,1
20160730,10,1
20160730,10,1
20160730,10,1
20160731,10,1
20160731,10,1
20160731,10,1
20160731,7,1
20160801,10,1
20160801,7,1
20160801,10,1
20160801,10,1
20160802,10,1
20160802,10,1
20160802,10,1
20160802,10,1
20160803,10,1
20160803,10,1
20160803,10,1
20160803,10,1
20160804,10,1
20160804,10,1
20160804,10,1
20160804,10,1
20160805,10,1
20160805,10,1
20160805,10,1
20160805,10,1
20160806,10,1
20160806,10,1
20160806,10,1
20160806,10,1
20160807,10,1
20160807,10,1
20160807,10,1
20160807,10,1
20160808,10,1
20160808,10,1
20160808,10,1
20160808,10,1
20160809,10,1
20160809,10,1
20160809,10,1
20160809,10,1
20160810,10,1
20160810,10,1
20160810,10,1
20160810,10,1
20160811,10,1
20160811,10,1
20160811,10,1
20160811,10,1
20160812,10,1
20160812,10,1
20160812,10,1
20160812,10,1
20160813,7,1
20160813,7,1
20160813,10,1
20160813,10,1
20160815,10,1
20160815,10,1
20160815,10,1
20160815,10,1
20160817,10,1
20160817,10,1
20160817,10,1
20160817,10,1
20160818,10,1
20160818,10,1
20160818,10,1
20160818,10,1
20160819,10,1
20160819,10,1
20160819,10,1
20160819,10,1
20160820,10,1
20160820,10,1
20160820,10,1
20160820,10,1
20160821,10,1
20160821,10,1
20160821,10,1
20160821,10,1
20160822,10,1
20160822,10,1
20160822,10,1
20160822,10,1
20160823,10,1
20160823,10,1
20160823,10,1
20160823,10,1
20160824,10,1
20160824,10,1
20160824,10,1
20160824,10,1
20160825,10,1
20160825,10,1
20160825,10,1
20160825,10,1
20160827,10,1
20160827,10,1
20160827,10,1
20160827,10,1
20160828,10,1
20160828,10,1
20160828,10,1
20160828,10,1
20160829,10,1
20160829,10,1
20160829,10,1
20160829,10,1
20160831,10,1
20160831,10,1
20160831,10,1
20160831,10,1
20160901,10,1
20160901,10,1
20160901,10,1
20160901,10,1
20160902,10,1
20160902,10,1
20160902,10,1
20160902,10,1
20160903,10,1
20160903,10,1
20160903,10,1
20160903,10,1
20160904,10,1
20160904,10,1
20160904,10,1
20160904,10,1
20160905,10,1
20160905,10,1
20160905,10,1
20160905,10,1
20160906,10,1
20160906,10,1
20160906,10,1
20160906,10,1
20160907,10,1
20160907,10,1
20160907,10,1
20160907,10,1
20160908,10,1
20160908,10,1
20160908,10,1
20160908,10,1
20160909,10,1
20160909,10,1
20160909,10,1
20160909,10,1
20160910,10,1
20160910,10,1
20160910,10,1
20160910,10,1
20160911,10,1
20160911,10,1
20160911,10,1
20160911,10,1
20160912,10,1
20160912,10,1
20160912,10,1
20160912,10,1
20160913,10,1
20160913,10,1
20160913,10,1
20160913,10,1
20160915,10,1
20160915,10,1
20160915,10,1
20160915,10,1
20160916,10,1
20160916,10,1
20160916,10,1
20160916,10,1
20160918,10,1
20160918,10,1
20160918,10,1
20160918,10,1
20160919,10,1
20160919,10,1
20160919,10,1
20160919,10,1
20160920,10,1
20160920,10,1
20160920,10,1
20160920,10,1
20160921,10,1
20160921,10,1
20160921,10,1
20160921,10,1
20160923,10,1
20160923,10,1
20160923,10,1
20160923,10,1
20160924,10,1
20160924,10,1
20160924,10,1
20160924,10,1
20160927,7,1
20160927,10,1
20160927,10,1
20160927,10,1
20160928,10,1
20160928,10,1
20160928,10,1
20160928,10,1
20160929,10,1
20160929,10,1
20160929,10,1
20160929,10,1
20160930,10,1
20160930,10,1
20160930,10,1
20160930,10,1
20161001,10,1
20161001,10,1
20161001,10,1
20161001,10,1
20161002,10,1
20161002,10,1
20161002,10,1
20161002,10,1
20161003,10,1
20161003,10,1
20161003,10,1
20161003,10,1
20161004,10,1
20161004,10,1
20161004,10,1
20161004,10,1
20161005,10,1
20161005,10,1
20161005,10,1
20161005,10,1
20161006,10,1
20161006,10,1
20161006,10,1
20161006,10,1
20161007,10,1
20161007,10,1
20161007,10,1
20161007,10,1
20161008,10,1
20161008,10,1
20161008,10,1
20161008,10,1
20161009,10,1
20161009,10,1
20161009,10,1
20161009,10,1
20161010,10,1
20161010,10,1
20161010,10,1
20161010,10,1
20161011,10,1
20161011,10,1
20161011,10,1
20161011,10,1
20161012,10,1
20161012,10,1
20161012,10,1
20161012,10,1
20161013,10,1
20161013,10,1
20161013,10,1
20161013,10,1
20161014,10,1
20161014,10,1
20161014,10,1
20161014,10,1
20161015,10,1
20161015,10,1
20161015,10,1
20161015,10,1
20161016,10,1
20161016,10,1
20161016,10,1
20161016,10,1
20161017,10,1
20161017,10,1
20161017,10,1
20161017,10,1
20161018,10,1
20161018,10,1
20161018,10,1
20161018,10,1
20161019,10,1
20161019,10,1
20161019,10,1
20161019,10,1
20161021,10,1
20161021,10,1
20161021,10,1
20161021,10,1
20161022,10,1
20161022,10,1
20161022,10,1
20161022,10,1
20161023,10,1
20161023,10,1
20161023,10,1
20161023,10,1
20161024,10,1
20161024,10,1
20161024,10,1
20161024,10,1
20161025,10,1
20161025,10,1
20161025,10,1
20161025,10,1
20161026,10,1
20161026,10,1
20161026,10,1
20161026,10,1
20161027,10,1
20161027,10,1
20161027,10,1
20161027,10,1
20161028,10,1
20161028,10,1
20161028,10,1
20161028,10,1
20161029,10,1
20161029,10,1
20161029,10,1
20161029,10,1
20161030,7,1
20161030,10,1
20161030,10,1
20161030,10,1
20161031,10,1
20161031,10,1
20161031,10,1
20161031,10,1
20161101,10,1
20161101,10,1
20161101,10,1
20161101,10,1
20161102,10,1
20161102,10,1
20161102,10,1
20161102,10,1
20161103,10,1
20161103,7,1
20161103,10,1
20161103,10,1
20161105,10,1
20161105,10,1
20161105,10,1
20161105,10,1
20161109,10,1
20161109,10,1
20161109,10,1
20161109,10,1
20161111,10,1
20161111,10,1
20161111,10,1
20161111,10,1
20161112,10,1
20161112,10,1
20161112,10,1
20161112,10,1
20161114,10,1
20161114,4,1
20161114,10,1
20161114,10,1
20161115,10,1
20161115,7,1
20161115,10,1
20161115,10,1
20161116,10,1
20161116,10,1
20161116,10,1
20161116,10,1
20161117,10,1
20161117,10,1
20161117,10,1
20161117,10,1
20161119,10,1
20161119,10,1
20161119,10,1
20161119,10,1
20161120,10,1
20161120,10,1
20161120,10,1
20161120,10,1
20161121,10,1
20161121,10,1
20161121,10,1
20161121,10,1
20161122,10,1
20161122,10,1
20161122,10,1
20161122,7,1
20161123,7,1
20161123,4,1
20161123,10,1
20161123,10,1
20161124,10,1
20161124,10,1
20161124,10,1
20161124,10,1
20161125,10,1
20161125,10,1
20161125,10,1
20161125,10,1
20161126,10,1
20161126,7,1
20161126,10,1
20161126,10,1
20161127,10,1
20161127,10,1
20161127,10,1
20161127,10,1
20161128,7,1
20161128,5,1
20161128,10,1
20161128,4,1
20161130,2,1
20161130,10,1
20161130,10,1
20161130,10,1
20161201,10,1
20161201,10,1
20161201,10,1
20161201,10,1
20161202,10,1
20161202,10,1
20161202,7,1
20161202,7,1
20161203,5,1
20161203,10,1
20161203,10,1
20161203,10,1
20161205,7,1
20161205,4,1
20161205,10,1
20161205,10,1
20161206,10,1
20161206,10,1
20161206,10,1
20161206,10,1
20161207,10,1
20161207,7,1
20161207,7,1
20161207,10,1
20161208,4,1
20161208,10,1
20161208,10,1
20161208,10,1
20161209,10,1
20161209,10,1
20161209,10,1
20161209,10,1
20161210,10,1
20161210,10,1
20161210,10,1
20161210,10,1
20161212,1.5,1
20161212,0.25,0
20161212,10,1
20161212,4,1
20161213,3,1
20161213,3,1
20161213,10,1
20161213,7,1
20161214,10,1
20161214,10,1
20161214,10,1
20161214,7,1
20161215,1.5,1
20161215,10,1
20161215,10,1
20161215,10,1
20161216,10,1
20161216,2,1
20161216,0.25,0
20161216,5,1
20161217,4,1
20161217,4,1
20161217,7,1
20161217,5,1
20161218,0.25,0
20161218,10,1
20161218,10,1
20161218,10,1
20161219,10,1
20161219,10,1
20161219,10,1
20161219,10,1
20161220,10,1
20161220,10,1
20161220,10,1
20161220,10,1
20161221,10,1
20161221,10,1
20161221,10,1
20161221,10,1
20161223,0.75,0
20161223,0.25,0
20161223,10,1
20161223,5,1
20161224,4,1
20161224,0.25,0
20161224,7,1
20161224,10,1
20161226,5,1
20161226,4,1
20161226,7,1
20161226,0.75,0
20161227,0.25,0
20161227,0.25,0
20161227,7,1
20161227,0.25,0
20161228,0.25,0
20161228,0.25,0
20161228,10,1
20161228,0.25,0
20161229,1,0
20161229,0.25,0
20161229,10,1
20161229,10,1
20161230,10,1
20161230,10,1
20161230,10,1
20161230,10,1
20161231,10,1
20161231,10,1
20161231,5,1
20161231,5,1
20170101,5,1
20170101,4,1
20170101,10,1
20170101,10,1
20170102,0.25,0
20170102,0.5,0
20170102,10,1
20170102,10,1
20170103,0.25,0
20170103,0.25,0
20170103,10,1
20170103,7,1
20170104,10,1
20170104,10,1
20170104,10,1
20170104,10,1
20170105,10,1
20170105,10,1
20170105,10,1
20170105,10,1
20170106,10,1
20170106,10,1
20170106,10,1
20170106,10,1
20170107,10,1
20170107,10,1
20170107,10,1
20170107,10,1
20170108,10,1
20170108,10,1
20170108,10,1
20170108,10,1
20170109,10,1
20170109,10,1
20170109,10,1
20170109,10,1
20170112,4,1
20170112,4,1
20170112,5,1
20170112,5,1
20170113,2.5,1
20170113,4,1
20170113,10,1
20170113,7,1
20170114,4,1
20170114,3,1
20170114,10,1
20170114,7,1
20170115,5,1
20170115,7,1
20170115,7,1
20170115,5,1
20170116,5,1
20170116,1.5,1
20170116,7,1
20170116,7,1
20170117,0.25,0
20170117,0.5,0
20170117,5,1
20170117,5,1
20170118,3,1
20170118,0.25,0
20170118,10,1
20170118,10,1
20170120,1.5,1
20170120,1,0
20170120,10,1
20170120,1.5,1
20170121,0.25,0
20170121,1.25,1
20170121,0.5,0
20170121,4,1
20170122,10,1
20170122,10,1
20170122,10,1
20170122,10,1
20170123,10,1
20170123,10,1
20170123,10,1
20170123,10,1
20170124,10,1
20170124,10,1
20170124,7,1
20170124,5,1
20170125,5,1
20170125,5,1
20170125,10,1
20170125,10,1
20170126,10,1
20170126,10,1
20170126,10,1
20170126,10,1
20170127,10,1
20170127,10,1
20170127,10,1
20170127,10,1
20170129,10,1
20170129,10,1
20170129,10,1
20170129,10,1
20170130,10,1
20170130,10,1
20170130,10,1
20170130,10,1
20170131,10,1
20170131,10,1
20170131,10,1
20170131,10,1
20170201,10,1
20170201,10,1
20170201,10,1
20170201,7,1
20170202,7,1
20170202,0.25,0
20170202,10,1
20170202,10,1
20170203,10,1
20170203,10,1
20170203,10,1
20170203,10,1
20170204,10,1
20170204,7,1
20170204,7,1
20170204,4,1
20170205,4,1
20170205,2.5,1
20170205,10,1
20170205,7,1
20170206,5,1
20170206,3,1
20170206,7,1
20170206,5,1
20170207,4,1
20170207,3,1
20170207,10,1
20170207,5,1
20170208,1,0
20170208,0.25,0
20170208,7,1
20170208,7,1
20170209,10,1
20170209,10,1
20170209,10,1
20170209,10,1
20170210,10,1
20170210,7,1
20170210,7,1
20170210,3,1
20170211,0.5,0
20170211,0.25,0
20170211,10,1
20170211,5,1
20170212,2.5,1
20170212,1.75,1
20170212,7,1
20170212,7,1
20170213,5,1
20170213,2,1
20170213,7,1
20170213,7,1
20170214,7,1
20170214,4,1
20170214,10,1
20170214,10,1
20170215,10,1
20170215,10,1
20170215,10,1
20170215,10,1
20170216,10,1
20170216,10,1
20170216,10,1
20170216,10,1
20170217,10,1
20170217,10,1
20170217,10,1
20170217,10,1
20170218,10,1
20170218,7,1
20170218,10,1
20170218,7,1
20170219,3,1
20170219,5,1
20170219,7,1
20170219,5,1
20170221,10,1
20170221,10,1
20170221,10,1
20170221,10,1
20170222,10,1
20170222,10,1
20170222,10,1
20170222,10,1
20170223,10,1
20170223,10,1
20170223,10,1
20170223,10,1
20170224,7,1
20170224,7,1
20170224,10,1
20170224,7,1
20170225,10,1
20170225,10,1
20170225,10,1
20170225,10,1
20170226,10,1
20170226,10,1
20170226,7,1
20170226,7,1
20170227,3,1
20170227,2.5,1
20170227,10,1
20170227,5,1
20170228,3,1
20170228,3,1
20170228,7,1
20170228,5,1
20170301,4,1
20170301,2.5,1
20170301,7,1
20170301,10,1
20170302,10,1
20170302,10,1
20170302,10,1
20170302,10,1
20170303,10,1
20170303,10,1
20170303,10,1
20170303,10,1
20170306,5,1
20170306,4,1
20170306,7,1
20170306,5,1
20170307,4,1
20170307,3,1
20170307,7,1
20170307,5,1
20170308,7,1
20170308,10,1
20170308,7,1
20170308,10,1
20170309,4,1
20170309,2.5,1
20170309,10,1
20170309,5,1
20170312,10,1
20170312,10,1
20170312,10,1
20170312,10,1
20170313,10,1
20170313,10,1
20170313,10,1
20170313,10,1
20170314,10,1
20170314,10,1
20170314,10,1
20170314,10,1
20170315,10,1
20170315,10,1
20170315,10,1
20170315,10,1
20170316,10,1
20170316,10,1
20170316,10,1
20170316,10,1
20170317,10,1
20170317,7,1
20170317,10,1
20170317,10,1
20170318,10,1
20170318,7,1
20170318,10,1
20170318,10,1
20170319,10,1
20170319,10,1
20170319,10,1
20170319,10,1
20170320,10,1
20170320,10,1
20170320,10,1
20170320,10,1
20170323,10,1
20170323,10,1
20170323,10,1
20170323,10,1
20170325,3,1
20170325,2,1
20170325,7,1
20170325,7,1
20170327,5,1
20170327,5,1
20170327,7,1
20170327,7,1
20170328,4,1
20170328,5,1
20170328,7,1
20170328,7,1
20170329,5,1
20170329,5,1
20170329,10,1
20170329,10,1
20170330,5,1
20170330,10,1
20170330,10,1
20170330,10,1
20170331,10,1
20170331,10,1
20170331,10,1
20170331,10,1
20170401,10,1
20170401,7,1
20170401,7,1
20170401,7,1
20170402,4,1
20170402,3,1
20170402,7,1
20170402,7,1
20170403,10,1
20170403,10,1
20170403,10,1
20170403,10,1
20170404,10,1
20170404,10,1
20170404,10,1
20170404,7,1
20170405,4,1
20170405,10,1
20170405,10,1
20170405,10,1
20170406,10,1
20170406,10,1
20170406,10,1
20170406,10,1
20170407,10,1
20170407,10,1
20170407,10,1
20170407,10,1
20170408,10,1
20170408,10,1
20170408,10,1
20170408,10,1
20170409,10,1
20170409,10,1
20170409,10,1
20170409,10,1
20170410,7,1
20170410,5,1
20170410,7,1
20170410,7,1
20170411,7,1
20170411,7,1
20170411,7,1
20170411,7,1
20170413,7,1
20170413,10,1
20170413,10,1
20170413,10,1
20170414,10,1
20170414,10,1
20170414,10,1
20170414,10,1
20170415,10,1
20170415,10,1
20170415,10,1
20170415,10,1
20170416,10,1
20170416,7,1
20170416,10,1
20170416,10,1
20170417,7,1
20170417,7,1
20170417,10,1
20170417,10,1
20170419,10,1
20170419,10,1
20170419,10,1
20170419,10,1
20170420,10,1
20170420,10,1
20170420,10,1
20170420,10,1
20170421,10,1
20170421,10,1
20170421,10,1
20170421,10,1
20170422,10,1
20170422,10,1
20170422,10,1
20170422,10,1
20170423,10,1
20170423,10,1
20170423,10,1
20170423,10,1
20170424,10,1
20170424,10,1
20170424,10,1
20170424,10,1
20170425,10,1
20170425,10,1
20170425,10,1
20170425,7,1
20170426,5,1
20170426,4,1
20170426,10,1
20170426,7,1
20170427,10,1
20170427,10,1
20170427,10,1
20170427,10,1
20170428,7,1
20170428,5,1
20170428,7,1
20170428,5,1
20170430,3,1
20170430,10,1
20170430,10,1
20170430,10,1
20170501,10,1
20170501,10,1
20170501,10,1
20170501,10,1
20170502,10,1
20170502,10,1
20170502,10,1
20170502,10,1
20170505,10,1
20170505,10,1
20170505,10,1
20170505,10,1
20170506,10,1
20170506,10,1
20170506,10,1
20170506,10,1
20170507,10,1
20170507,10,1
20170507,10,1
20170507,10,1
20170508,10,1
20170508,10,1
20170508,10,1
20170508,10,1
20170509,10,1
20170509,7,1
20170509,10,1
20170509,10,1
20170510,10,1
20170510,7,1
20170510,10,1
20170510,7,1
20170511,5,1
20170511,5,1
20170511,7,1
20170511,7,1
20170512,5,1
20170512,7,1
20170512,10,1
20170512,10,1
20170513,10,1
20170513,10,1
20170513,10,1
20170513,10,1
20170514,10,1
20170514,10,1
20170514,10,1
20170514,10,1
20170515,10,1
20170515,10,1
20170515,10,1
20170515,10,1
20170516,10,1
20170516,10,1
20170516,10,1
20170516,10,1
20170517,7,1
20170517,7,1
20170517,7,1
20170517,7,1
20170518,5,1
20170518,7,1
20170518,7,1
20170518,7,1
20170519,7,1
20170519,7,1
20170519,7,1
20170519,7,1
20170520,7,1
20170520,7,1
20170520,10,1
20170520,10,1
20170521,7,1
20170521,5,1
20170521,10,1
20170521,7,1
20170523,10,1
20170523,10,1
20170523,10,1
20170523,10,1
20170524,10,1
20170524,10,1
20170524,10,1
20170524,10,1
20170525,10,1
20170525,10,1
20170525,10,1
20170525,10,1
20170526,10,1
20170526,7,1
20170526,7,1
20170526,7,1
20170527,5,1
20170527,4,1
20170527,7,1
20170527,7,1
20170530,10,1
20170530,10,1
20170530,10,1
20170530,10,1
20170531,10,1
20170531,10,1
20170531,10,1
20170531,10,1
20170602,10,1
20170602,10,1
20170602,10,1
20170602,10,1
20170603,10,1
20170603,10,1
20170603,10,1
20170603,10,1
20170604,10,1
20170604,10,1
20170604,10,1
20170604,10,1
20170605,10,1
20170605,10,1
20170605,10,1
20170605,10,1
20170606,10,1
20170606,10,1
20170606,10,1
20170606,10,1
20170607,10,1
20170607,10,1
20170607,10,1
20170607,10,1
20170608,10,1
20170608,10,1
20170608,10,1
20170608,10,1
20170609,10,1
20170609,10,1
20170609,10,1
20170609,10,1
20170610,10,1
20170610,10,1
20170610,10,1
20170610,10,1
20170611,10,1
20170611,10,1
20170611,10,1
20170611,10,1
20170612,10,1
20170612,10,1
20170612,10,1
20170612,10,1
20170613,10,1
20170613,10,1
20170613,10,1
20170613,10,1
20170614,7,1
20170614,10,1
20170614,10,1
20170614,10,1
20170615,10,1
20170615,10,1
20170615,10,1
20170615,10,1
20170616,10,1
20170616,10,1
20170616,10,1
20170616,10,1
20170617,10,1
20170617,10,1
20170617,10,1
20170617,10,1
20170618,10,1
20170618,10,1
20170618,10,1
20170618,10,1
20170619,10,1
20170619,10,1
20170619,10,1
20170619,10,1
20170620,10,1
20170620,10,1
20170620,10,1
20170620,10,1
20170621,10,1
20170621,10,1
20170621,10,1
20170621,10,1
20170623,10,1
20170623,10,1
20170623,10,1
20170623,10,1
20170624,10,1
20170624,10,1
20170624,10,1
20170624,10,1
20170626,10,1
20170626,10,1
20170626,10,1
20170626,10,1
20170629,10,1
20170629,10,1
20170629,10,1
20170629,10,1
20170630,10,1
20170630,10,1
20170630,10,1
20170630,7,1
20170701,7,1
20170701,7,1
20170701,10,1
20170701,7,1
20170702,10,1
20170702,10,1
20170702,10,1
20170702,10,1
20170703,10,1
20170703,10,1
20170703,10,1
20170703,10,1
20170704,10,1
20170704,10,1
20170704,10,1
20170704,10,1
20170705,10,1
20170705,10,1
20170705,10,1
20170705,10,1
20170706,10,1
20170706,10,1
20170706,10,1
20170706,10,1
20170708,10,1
20170708,10,1
20170708,10,1
20170708,10,1
20170709,10,1
20170709,10,1
20170709,10,1
20170709,10,1
20170710,10,1
20170710,10,1
20170710,10,1
20170710,10,1
20170711,10,1
20170711,10,1
20170711,10,1
20170711,10,1
20170712,10,1
20170712,10,1
20170712,10,1
20170712,10,1
20170713,10,1
20170713,10,1
20170713,10,1
20170713,10,1
20170714,10,1
20170714,10,1
20170714,10,1
20170714,10,1
20170715,10,1
20170715,10,1
20170715,10,1
20170715,10,1
20170717,10,1
20170717,10,1
20170717,10,1
20170717,10,1
20170718,10,1
20170718,10,1
20170718,10,1
20170718,10,1
20170719,10,1
20170719,10,1
20170719,10,1
20170719,10,1
20170720,10,1
20170720,10,1
20170720,10,1
20170720,10,1
20170721,10,1
20170721,10,1
20170721,10,1
20170721,10,1
20170722,10,1
20170722,10,1
20170722,10,1
20170722,10,1
20170723,10,1
20170723,7,1
20170723,7,1
20170723,7,1
20170725,10,1
20170725,7,1
20170725,10,1
20170725,7,1
20170726,10,1
20170726,10,1
20170726,10,1
20170726,10,1
20170727,10,1
20170727,10,1
20170727,10,1
20170727,10,1
20170728,10,1
20170728,10,1
20170728,10,1
20170728,10,1
20170729,10,1
20170729,10,1
20170729,10,1
20170729,10,1
20170730,10,1
20170730,10,1
20170730,10,1
20170730,10,1
20170731,10,1
20170731,10,1
20170731,10,1
20170731,10,1
20170801,10,1
20170801,10,1
20170801,10,1
20170801,10,1
20170802,10,1
20170802,10,1
20170802,10,1
20170802,10,1
20170803,10,1
20170803,10,1
20170803,10,1
20170803,10,1
20170804,10,1
20170804,10,1
20170804,10,1
20170804,10,1
20170805,10,1
20170805,10,1
20170805,10,1
20170805,10,1
20170806,10,1
20170806,10,1
20170806,7,1
20170806,7,1
20170807,10,1
20170807,7,1
20170807,10,1
20170807,10,1
20170808,10,1
20170808,7,1
20170808,10,1
20170808,10,1
20170809,10,1
20170809,10,1
20170809,10,1
20170809,10,1
20170810,10,1
20170810,10,1
20170810,10,1
20170810,10,1
20170811,10,1
20170811,10,1
20170811,10,1
20170811,10,1
20170812,10,1
20170812,10,1
20170812,10,1
20170812,10,1
20170813,10,1
20170813,10,1
20170813,10,1
20170813,10,1
20170814,10,1
20170814,10,1
20170814,10,1
20170814,10,1
20170815,10,1
20170815,10,1
20170815,10,1
20170815,10,1
20170816,10,1
20170816,10,1
20170816,10,1
20170816,7,1
20170817,7,1
20170817,7,1
20170817,10,1
20170817,10,1
20170818,10,1
20170818,10,1
20170818,10,1
20170818,10,1
20170819,10,1
20170819,10,1
20170819,10,1
20170819,10,1
20170820,10,1
20170820,10,1
20170820,10,1
20170820,10,1
20170821,10,1
20170821,10,1
20170821,10,1
20170821,10,1
20170822,10,1
20170822,10,1
20170822,10,1
20170822,10,1
20170823,10,1
20170823,10,1
20170823,10,1
20170823,10,1
20170824,10,1
20170824,10,1
20170824,10,1
20170824,10,1
