,Unnamed: 0,Feature,POD_mean,F_mean,FAR_mean,CSI_mean,PSS_mean,HSS_mean,ORSS_mean,CSS_mean,Score,groups
0,0,FRICV_surface,0.52238806,0.017584452,0.520547945,0.333333333,0.504803608,0.483812033,0.9677970370000001,0.46460286700000003,3.6187967000000043,g1
1,1,FRICV_surface,0.5074626870000001,0.017584452,0.5277777779999999,0.32380952399999996,0.489878235,0.47278399200000004,0.965847813,0.4569161,4.721600799999997,g1
2,2,FRICV_surface,0.5074626870000001,0.017584452,0.5277777779999999,0.32380952399999996,0.489878235,0.47278399200000004,0.965847813,0.4569161,4.721600799999997,g1
3,3,FRICV_surface,0.52238806,0.015270708000000001,0.485294118,0.35,0.5071173520000001,0.503476556,0.972039822,0.499891068,1.652344400000004,g1
4,4,UGRD_10maboveground,0.5074626870000001,0.017121703000000002,0.521126761,0.326923077,0.490340984,0.476556469,0.966747008,0.46357421299999996,4.344353099999999,g1
5,5,UGRD_10maboveground,0.5074626870000001,0.017121703000000002,0.521126761,0.326923077,0.490340984,0.476556469,0.966747008,0.46357421299999996,4.344353099999999,g1
6,6,UGRD_10maboveground,0.5074626870000001,0.0180472,0.534246575,0.32075471699999997,0.489415486,0.469063805,0.9649485940000001,0.4504402,5.093619500000003,g1
7,7,UGRD_10maboveground,0.5074626870000001,0.017121703000000002,0.521126761,0.326923077,0.490340984,0.476556469,0.966747008,0.46357421299999996,4.344353099999999,g1
8,8,UGRD_975mb,0.5074626870000001,0.016658954,0.514285714,0.330097087,0.49080373200000005,0.48038234799999996,0.967646178,0.47042234899999996,3.961765200000002,g1
9,9,UGRD_975mb,0.5074626870000001,0.016658954,0.514285714,0.330097087,0.49080373200000005,0.48038234799999996,0.967646178,0.47042234899999996,3.961765200000002,g1
10,10,UGRD_975mb,0.5074626870000001,0.0180472,0.534246575,0.32075471699999997,0.489415486,0.469063805,0.9649485940000001,0.4504402,5.093619500000003,g1
11,11,UGRD_975mb,0.5074626870000001,0.015733457,0.5,0.33663366299999997,0.49172923,0.488198911,0.9694444440000001,0.48472222200000004,3.1801089000000005,g1
12,12,UGRD_950mb,0.52238806,0.015270708000000001,0.485294118,0.35,0.5071173520000001,0.503476556,0.972039822,0.499891068,1.652344400000004,g1
13,13,UGRD_950mb,0.52238806,0.014807958999999999,0.47761194,0.35353535399999997,0.5075801,0.5075801,0.9728881770000001,0.5075801,1.2419900000000013,g1
14,14,UGRD_950mb,0.52238806,0.017121703000000002,0.513888889,0.33653846200000004,0.505266357,0.48763514700000005,0.968645729,0.471268811,3.2364852999999982,g1
15,15,UGRD_950mb,0.52238806,0.015270708000000001,0.485294118,0.35,0.5071173520000001,0.503476556,0.972039822,0.499891068,1.652344400000004,g1
16,16,UGRD_925mb,0.52238806,0.015733457,0.492753623,0.34653465299999997,0.506654603,0.499431513,0.9711914,0.49242470000000005,2.0568487000000033,g1
17,17,UGRD_925mb,0.52238806,0.016658954,0.507042254,0.339805825,0.505729106,0.491511999,0.969494353,0.478122327,2.8488001000000054,g1
18,18,UGRD_925mb,0.52238806,0.016196205,0.5,0.343137255,0.506191854,0.495443729,0.97034291,0.485171455,2.455627100000001,g1
19,19,UGRD_925mb,0.52238806,0.016196205,0.5,0.343137255,0.506191854,0.495443729,0.97034291,0.485171455,2.455627100000001,g1
20,20,UGRD_900mb,0.52238806,0.015733457,0.492753623,0.34653465299999997,0.506654603,0.499431513,0.9711914,0.49242470000000005,2.0568487000000033,g1
21,21,UGRD_900mb,0.52238806,0.015733457,0.492753623,0.34653465299999997,0.506654603,0.499431513,0.9711914,0.49242470000000005,2.0568487000000033,g1
22,22,UGRD_900mb,0.5074626870000001,0.015733457,0.5,0.33663366299999997,0.49172923,0.488198911,0.9694444440000001,0.48472222200000004,3.1801089000000005,g1
23,23,UGRD_900mb,0.52238806,0.015733457,0.492753623,0.34653465299999997,0.506654603,0.499431513,0.9711914,0.49242470000000005,2.0568487000000033,g1
24,24,UGRD_875mb,0.5074626870000001,0.015733457,0.5,0.33663366299999997,0.49172923,0.488198911,0.9694444440000001,0.48472222200000004,3.1801089000000005,g1
25,25,UGRD_875mb,0.5074626870000001,0.015270708000000001,0.492537313,0.34,0.492191979,0.492191979,0.970343541,0.492191979,2.7808021000000025,g1
26,26,UGRD_875mb,0.492537313,0.015270708000000001,0.5,0.33,0.477266605,0.48074300799999997,0.9685476409999999,0.484273821,3.925699200000004,g1
27,27,UGRD_875mb,0.46268656700000005,0.016658954,0.537313433,0.300970874,0.446027613,0.446027613,0.9614119190000001,0.446027613,7.397238700000003,g1
28,28,UGRD_850mb,0.46268656700000005,0.016196205,0.53030303,0.303921569,0.44649036200000003,0.449742591,0.962481017,0.453045721,7.025740899999995,g1
29,29,UGRD_850mb,0.46268656700000005,0.016196205,0.53030303,0.303921569,0.44649036200000003,0.449742591,0.962481017,0.453045721,7.025740899999995,g1
30,30,UGRD_850mb,0.432835821,0.015733457,0.53968254,0.287128713,0.417102364,0.429526526,0.958967844,0.442765497,9.0473474,g1
31,31,UGRD_850mb,0.447761194,0.015733457,0.53125,0.29702970300000003,0.432027737,0.441607952,0.96133276,0.45165203299999995,7.839204799999997,g1
32,32,UGRD_825mb,0.432835821,0.015270708000000001,0.532258065,0.29,0.417565113,0.433229191,0.96016898,0.450198076,8.6770809,g1
33,33,UGRD_825mb,0.447761194,0.016196205,0.538461538,0.294117647,0.431564989,0.437898145,0.960199769,0.44443259,8.210185500000001,g1
34,34,UGRD_825mb,0.432835821,0.015270708000000001,0.532258065,0.29,0.417565113,0.433229191,0.96016898,0.450198076,8.6770809,g1
35,35,UGRD_825mb,0.432835821,0.015270708000000001,0.532258065,0.29,0.417565113,0.433229191,0.96016898,0.450198076,8.6770809,g1
36,36,UGRD_800mb,0.432835821,0.015270708000000001,0.532258065,0.29,0.417565113,0.433229191,0.96016898,0.450198076,8.6770809,g1
37,37,UGRD_800mb,0.46268656700000005,0.017584452,0.5507246379999999,0.295238095,0.445102116,0.43875654399999997,0.9592742,0.432600976,8.124345600000005,g1
38,38,UGRD_800mb,0.432835821,0.015270708000000001,0.532258065,0.29,0.417565113,0.433229191,0.96016898,0.450198076,8.6770809,g1
39,39,UGRD_800mb,0.46268656700000005,0.016658954,0.537313433,0.300970874,0.446027613,0.446027613,0.9614119190000001,0.446027613,7.397238700000003,g1
40,40,UGRD_775mb,0.447761194,0.015270708000000001,0.523809524,0.3,0.432490486,0.44537301100000004,0.962465993,0.45910040700000004,7.462698899999992,g1
41,41,UGRD_775mb,0.47761194,0.017121703000000002,0.536231884,0.307692308,0.460490237,0.45392528600000004,0.962606298,0.447556907,6.607471399999994,g1
42,42,UGRD_775mb,0.432835821,0.013882462,0.508474576,0.298969072,0.41895335899999997,0.444678215,0.963774448,0.474005829,7.5321785000000006,g1
43,43,UGRD_775mb,0.432835821,0.014807958999999999,0.524590164,0.29292929300000004,0.41802786200000003,0.43698783399999996,0.9613704590000001,0.457874072,8.301216600000004,g1
44,44,UGRD_750mb,0.46268656700000005,0.015270708000000001,0.515625,0.31,0.44741585899999997,0.457337306,0.9646196909999999,0.46773914,6.266269399999999,g1
45,45,UGRD_750mb,0.46268656700000005,0.016658954,0.537313433,0.300970874,0.446027613,0.446027613,0.9614119190000001,0.446027613,7.397238700000003,g1
46,46,UGRD_750mb,0.46268656700000005,0.016658954,0.537313433,0.300970874,0.446027613,0.446027613,0.9614119190000001,0.446027613,7.397238700000003,g1
47,47,UGRD_750mb,0.46268656700000005,0.016658954,0.537313433,0.300970874,0.446027613,0.446027613,0.9614119190000001,0.446027613,7.397238700000003,g1
48,48,UGRD_725mb,0.46268656700000005,0.016658954,0.537313433,0.300970874,0.446027613,0.446027613,0.9614119190000001,0.446027613,7.397238700000003,g1
49,49,UGRD_725mb,0.46268656700000005,0.016196205,0.53030303,0.303921569,0.44649036200000003,0.449742591,0.962481017,0.453045721,7.025740899999995,g1
50,50,UGRD_725mb,0.46268656700000005,0.016658954,0.537313433,0.300970874,0.446027613,0.446027613,0.9614119190000001,0.446027613,7.397238700000003,g1
51,51,UGRD_725mb,0.46268656700000005,0.016658954,0.537313433,0.300970874,0.446027613,0.446027613,0.9614119190000001,0.446027613,7.397238700000003,g1
52,52,UGRD_700mb,0.46268656700000005,0.016658954,0.537313433,0.300970874,0.446027613,0.446027613,0.9614119190000001,0.446027613,7.397238700000003,g1
53,53,UGRD_700mb,0.447761194,0.017121703000000002,0.552238806,0.288461538,0.43063949100000004,0.43063949100000004,0.95793452,0.43063949100000004,8.936050899999998,g1
54,54,UGRD_700mb,0.46268656700000005,0.016658954,0.537313433,0.300970874,0.446027613,0.446027613,0.9614119190000001,0.446027613,7.397238700000003,g1
55,55,UGRD_700mb,0.46268656700000005,0.016658954,0.537313433,0.300970874,0.446027613,0.446027613,0.9614119190000001,0.446027613,7.397238700000003,g1
56,56,VGRD_10maboveground,0.46268656700000005,0.014807958999999999,0.507936508,0.313131313,0.44787860799999996,0.46121949700000003,0.965689267,0.475435317,5.878050299999998,g1
57,57,VGRD_10maboveground,0.447761194,0.014345211,0.508196721,0.30612244899999996,0.43341598299999995,0.45307389600000003,0.9647331929999999,0.474728982,6.6926103999999995,g1
58,58,VGRD_10maboveground,0.46268656700000005,0.014807958999999999,0.507936508,0.313131313,0.44787860799999996,0.46121949700000003,0.965689267,0.475435317,5.878050299999998,g1
59,59,VGRD_10maboveground,0.46268656700000005,0.014807958999999999,0.507936508,0.313131313,0.44787860799999996,0.46121949700000003,0.965689267,0.475435317,5.878050299999998,g1
60,60,VGRD_975mb,0.47761194,0.014807958999999999,0.5,0.323232323,0.46280398100000003,0.473066659,0.967652495,0.48382624799999996,4.693334100000001,g1
61,61,VGRD_975mb,0.47761194,0.014807958999999999,0.5,0.323232323,0.46280398100000003,0.473066659,0.967652495,0.48382624799999996,4.693334100000001,g1
62,62,VGRD_975mb,0.47761194,0.014807958999999999,0.5,0.323232323,0.46280398100000003,0.473066659,0.967652495,0.48382624799999996,4.693334100000001,g1
63,63,VGRD_975mb,0.47761194,0.014807958999999999,0.5,0.323232323,0.46280398100000003,0.473066659,0.967652495,0.48382624799999996,4.693334100000001,g1
64,64,VGRD_950mb,0.47761194,0.016196205,0.52238806,0.31372549,0.461415735,0.461415735,0.964624514,0.461415735,5.8584265,g1
65,65,VGRD_950mb,0.47761194,0.014807958999999999,0.5,0.323232323,0.46280398100000003,0.473066659,0.967652495,0.48382624799999996,4.693334100000001,g1
66,66,VGRD_950mb,0.47761194,0.015733457,0.515151515,0.31683168300000003,0.461878484,0.465242799,0.9656337540000001,0.468659771,5.475720100000004,g1
67,67,VGRD_950mb,0.47761194,0.013882462,0.48387096799999996,0.329896907,0.463729478,0.481125315,0.969671587,0.49997021399999997,3.887468499999997,g1
68,68,VGRD_925mb,0.46268656700000005,0.013882462,0.491803279,0.319587629,0.448804105,0.469159958,0.9678288970000001,0.491583893,5.0840042000000025,g1
69,69,VGRD_925mb,0.47761194,0.012494216,0.45762711899999997,0.34042553200000003,0.465117725,0.49367719600000004,0.97270088,0.526236413,2.632280399999999,g1
70,70,VGRD_925mb,0.47761194,0.014345211,0.49206349200000005,0.326530612,0.46326673,0.47706598200000006,0.968661997,0.49177022600000003,4.293401799999998,g1
71,71,VGRD_925mb,0.47761194,0.013882462,0.48387096799999996,0.329896907,0.463729478,0.481125315,0.969671587,0.49997021399999997,3.887468499999997,g1
72,72,VGRD_900mb,0.47761194,0.014345211,0.49206349200000005,0.326530612,0.46326673,0.47706598200000006,0.968661997,0.49177022600000003,4.293401799999998,g1
73,73,VGRD_900mb,0.47761194,0.014807958999999999,0.5,0.323232323,0.46280398100000003,0.473066659,0.967652495,0.48382624799999996,4.693334100000001,g1
74,74,VGRD_900mb,0.47761194,0.015270708000000001,0.507692308,0.32,0.46234123200000005,0.46912602600000003,0.966643081,0.47612646299999994,5.0873974,g1
75,75,VGRD_900mb,0.46268656700000005,0.015270708000000001,0.515625,0.31,0.44741585899999997,0.457337306,0.9646196909999999,0.46773914,6.266269399999999,g1
76,76,VGRD_875mb,0.47761194,0.014345211,0.49206349200000005,0.326530612,0.46326673,0.47706598200000006,0.968661997,0.49177022600000003,4.293401799999998,g1
77,77,VGRD_875mb,0.47761194,0.013882462,0.48387096799999996,0.329896907,0.463729478,0.481125315,0.969671587,0.49997021399999997,3.887468499999997,g1
78,78,VGRD_875mb,0.47761194,0.013882462,0.48387096799999996,0.329896907,0.463729478,0.481125315,0.969671587,0.49997021399999997,3.887468499999997,g1
79,79,VGRD_875mb,0.46268656700000005,0.013882462,0.491803279,0.319587629,0.448804105,0.469159958,0.9678288970000001,0.491583893,5.0840042000000025,g1
80,80,VGRD_850mb,0.447761194,0.014345211,0.508196721,0.30612244899999996,0.43341598299999995,0.45307389600000003,0.9647331929999999,0.474728982,6.6926103999999995,g1
81,81,VGRD_850mb,0.432835821,0.013882462,0.508474576,0.298969072,0.41895335899999997,0.444678215,0.963774448,0.474005829,7.5321785000000006,g1
82,82,VGRD_850mb,0.432835821,0.015733457,0.53968254,0.287128713,0.417102364,0.429526526,0.958967844,0.442765497,9.0473474,g1
83,83,VGRD_850mb,0.432835821,0.014345211,0.5166666670000001,0.295918367,0.41849061,0.440803736,0.962572282,0.46580565799999996,7.9196263999999985,g1
84,84,VGRD_825mb,0.432835821,0.012494216,0.48214285700000004,0.308510638,0.420341605,0.456666917,0.9673830109999999,0.500361747,6.333308299999999,g1
85,85,VGRD_825mb,0.417910448,0.013419713,0.50877193,0.291666667,0.404490735,0.43602075700000004,0.9628125670000001,0.47326399799999996,8.3979243,g1
86,86,VGRD_825mb,0.417910448,0.013419713,0.50877193,0.291666667,0.404490735,0.43602075700000004,0.9628125670000001,0.47326399799999996,8.3979243,g1
87,87,VGRD_825mb,0.417910448,0.013419713,0.50877193,0.291666667,0.404490735,0.43602075700000004,0.9628125670000001,0.47326399799999996,8.3979243,g1
88,88,VGRD_800mb,0.417910448,0.013419713,0.50877193,0.291666667,0.404490735,0.43602075700000004,0.9628125670000001,0.47326399799999996,8.3979243,g1
89,89,VGRD_800mb,0.417910448,0.014345211,0.525423729,0.28571428600000004,0.403565237,0.428345221,0.9602622890000001,0.456595635,9.165477899999999,g1
90,90,VGRD_800mb,0.417910448,0.012956964,0.5,0.294736842,0.40495348299999995,0.439948976,0.964088398,0.482044199,8.005102399999998,g1
91,91,VGRD_800mb,0.417910448,0.012956964,0.5,0.294736842,0.40495348299999995,0.439948976,0.964088398,0.482044199,8.005102399999998,g1
92,92,VGRD_775mb,0.417910448,0.012031466999999999,0.481481481,0.301075269,0.405878981,0.447993535,0.966641445,0.500579236,7.200646499999998,g1
93,93,VGRD_775mb,0.417910448,0.012031466999999999,0.481481481,0.301075269,0.405878981,0.447993535,0.966641445,0.500579236,7.200646499999998,g1
94,94,VGRD_775mb,0.46268656700000005,0.010643221000000001,0.425925926,0.34444444399999996,0.452043346,0.49894797799999996,0.975322624,0.557514736,2.105202200000001,g1
95,95,VGRD_775mb,0.432835821,0.011105968999999999,0.452830189,0.31868131899999996,0.421729851,0.469234375,0.970994673,0.5296985470000001,5.076562500000001,g1
96,96,VGRD_750mb,0.432835821,0.011105968999999999,0.452830189,0.31868131899999996,0.421729851,0.469234375,0.970994673,0.5296985470000001,5.076562500000001,g1
97,97,VGRD_750mb,0.432835821,0.011105968999999999,0.452830189,0.31868131899999996,0.421729851,0.469234375,0.970994673,0.5296985470000001,5.076562500000001,g1
98,98,VGRD_750mb,0.447761194,0.011105968999999999,0.444444444,0.32967033,0.436655225,0.481963164,0.972676082,0.538536236,3.8036835999999994,g1
99,99,VGRD_750mb,0.432835821,0.011568718,0.46296296299999995,0.315217391,0.421267103,0.46497835,0.9697904409999999,0.519557736,5.502165000000005,g1
100,100,VGRD_725mb,0.37313432799999996,0.012031466999999999,0.509803922,0.268817204,0.361102861,0.408349279,0.9599023259999999,0.470903474,11.165072099999996,g1
101,101,VGRD_725mb,0.432835821,0.011568718,0.46296296299999995,0.315217391,0.421267103,0.46497835,0.9697904409999999,0.519557736,5.502165000000005,g1
102,102,VGRD_725mb,0.417910448,0.011568718,0.471698113,0.304347826,0.40634173,0.45211290299999995,0.9679186609999999,0.510370852,6.788709700000005,g1
103,103,VGRD_725mb,0.417910448,0.011105968999999999,0.46153846200000004,0.307692308,0.40680447799999997,0.45629909700000004,0.96919634,0.520538744,6.370090299999994,g1
104,104,VGRD_700mb,0.432835821,0.010643221000000001,0.44230769200000003,0.322222222,0.4221926,0.47355944299999997,0.9721992490000001,0.540229072,4.644055700000003,g1
105,105,VGRD_700mb,0.447761194,0.011568718,0.454545455,0.326086957,0.436192476,0.477640047,0.971540651,0.5284273939999999,4.235995299999999,g1
106,106,VGRD_700mb,0.447761194,0.011568718,0.454545455,0.326086957,0.436192476,0.477640047,0.971540651,0.5284273939999999,4.235995299999999,g1
107,107,VGRD_700mb,0.432835821,0.011105968999999999,0.452830189,0.31868131899999996,0.421729851,0.469234375,0.970994673,0.5296985470000001,5.076562500000001,g1
108,108,TKE_975mb,0.402985075,0.010643221000000001,0.46,0.3,0.392341854,0.447333606,0.9686253109999999,0.521634527,7.2666394000000025,g2
109,109,TKE_975mb,0.417910448,0.010180472,0.44,0.314606742,0.407729976,0.464878571,0.971753086,0.542093664,5.512142900000001,g2
110,110,TKE_975mb,0.402985075,0.010643221000000001,0.46,0.3,0.392341854,0.447333606,0.9686253109999999,0.521634527,7.2666394000000025,g2
111,111,TKE_975mb,0.402985075,0.011105968999999999,0.470588235,0.296703297,0.391879105,0.443152263,0.96726845,0.5110378560000001,7.684773700000001,g2
112,112,TKE_950mb,0.402985075,0.011105968999999999,0.470588235,0.296703297,0.391879105,0.443152263,0.96726845,0.5110378560000001,7.684773700000001,g2
113,113,TKE_950mb,0.402985075,0.011105968999999999,0.470588235,0.296703297,0.391879105,0.443152263,0.96726845,0.5110378560000001,7.684773700000001,g2
114,114,TKE_950mb,0.402985075,0.011105968999999999,0.470588235,0.296703297,0.391879105,0.443152263,0.96726845,0.5110378560000001,7.684773700000001,g2
115,115,TKE_950mb,0.38805970100000003,0.010643221000000001,0.469387755,0.288888889,0.377416481,0.433893649,0.9666377740000001,0.5117962739999999,8.610635100000003,g2
116,116,TKE_925mb,0.38805970100000003,0.011105968999999999,0.48,0.28571428600000004,0.37695373200000004,0.429788641,0.965196477,0.50117539,9.021135899999997,g2
117,117,TKE_925mb,0.38805970100000003,0.011105968999999999,0.48,0.28571428600000004,0.37695373200000004,0.429788641,0.965196477,0.50117539,9.021135899999997,g2
118,118,TKE_925mb,0.402985075,0.011105968999999999,0.470588235,0.296703297,0.391879105,0.443152263,0.96726845,0.5110378560000001,7.684773700000001,g2
119,119,TKE_925mb,0.402985075,0.011105968999999999,0.470588235,0.296703297,0.391879105,0.443152263,0.96726845,0.5110378560000001,7.684773700000001,g2
120,120,TKE_900mb,0.402985075,0.010180472,0.44897959200000004,0.303370787,0.392804603,0.451584472,0.9699827740000001,0.532663364,6.841552799999995,g2
121,121,TKE_900mb,0.38805970100000003,0.010180472,0.45833333299999995,0.29213483100000004,0.377879229,0.43806748100000004,0.9680798359999999,0.522859327,8.193251899999993,g2
122,122,TKE_900mb,0.358208955,0.010643221000000001,0.489361702,0.26666666699999997,0.34756573399999996,0.406332006,0.962180455,0.49092257100000003,11.366799399999998,g2
123,123,TKE_900mb,0.358208955,0.010180472,0.47826087,0.269662921,0.34802848299999994,0.41034202,0.963811637,0.5020324389999999,10.965798,g2
124,124,TKE_875mb,0.358208955,0.010180472,0.47826087,0.269662921,0.34802848299999994,0.41034202,0.963811637,0.5020324389999999,10.965798,g2
125,125,TKE_875mb,0.37313432799999996,0.010180472,0.46808510600000003,0.280898876,0.362953856,0.424321946,0.966028787,0.512657672,9.567805399999997,g2
126,126,TKE_875mb,0.402985075,0.010180472,0.44897959200000004,0.303370787,0.392804603,0.451584472,0.9699827740000001,0.532663364,6.841552799999995,g2
127,127,TKE_875mb,0.417910448,0.010180472,0.44,0.314606742,0.407729976,0.464878571,0.971753086,0.542093664,5.512142900000001,g2
128,128,TKE_850mb,0.37313432799999996,0.010643221000000001,0.47916666700000005,0.27777777800000003,0.36249110799999995,0.42022835399999997,0.964495737,0.501567278,9.977164600000002,g2
129,129,TKE_850mb,0.37313432799999996,0.010643221000000001,0.47916666700000005,0.27777777800000003,0.36249110799999995,0.42022835399999997,0.964495737,0.501567278,9.977164600000002,g2
130,130,TKE_850mb,0.38805970100000003,0.010643221000000001,0.469387755,0.288888889,0.377416481,0.433893649,0.9666377740000001,0.5117962739999999,8.610635100000003,g2
131,131,TKE_850mb,0.38805970100000003,0.010643221000000001,0.469387755,0.288888889,0.377416481,0.433893649,0.9666377740000001,0.5117962739999999,8.610635100000003,g2
132,132,TKE_825mb,0.34328358200000003,0.010643221000000001,0.5,0.255555556,0.332640361,0.39219869700000004,0.959670027,0.479835014,12.780130299999996,g2
133,133,TKE_825mb,0.34328358200000003,0.010643221000000001,0.5,0.255555556,0.332640361,0.39219869700000004,0.959670027,0.479835014,12.780130299999996,g2
134,134,TKE_825mb,0.34328358200000003,0.010643221000000001,0.5,0.255555556,0.332640361,0.39219869700000004,0.959670027,0.479835014,12.780130299999996,g2
135,135,TKE_825mb,0.358208955,0.010643221000000001,0.489361702,0.26666666699999997,0.34756573399999996,0.406332006,0.962180455,0.49092257100000003,11.366799399999998,g2
136,136,TKE_800mb,0.358208955,0.010643221000000001,0.489361702,0.26666666699999997,0.34756573399999996,0.406332006,0.962180455,0.49092257100000003,11.366799399999998,g2
137,137,TKE_800mb,0.358208955,0.010643221000000001,0.489361702,0.26666666699999997,0.34756573399999996,0.406332006,0.962180455,0.49092257100000003,11.366799399999998,g2
138,138,TKE_800mb,0.358208955,0.010180472,0.47826087,0.269662921,0.34802848299999994,0.41034202,0.963811637,0.5020324389999999,10.965798,g2
139,139,TKE_800mb,0.358208955,0.009254975,0.454545455,0.275862069,0.348953981,0.41857074200000005,0.967077559,0.525765901,10.142925799999993,g2
140,140,TKE_775mb,0.358208955,0.009717723000000001,0.46666666700000003,0.272727273,0.34849123200000004,0.414421,0.9654440040000001,0.51363567,10.557900000000004,g2
141,141,TKE_775mb,0.358208955,0.010180472,0.47826087,0.269662921,0.34802848299999994,0.41034202,0.963811637,0.5020324389999999,10.965798,g2
142,142,TKE_775mb,0.358208955,0.009254975,0.454545455,0.275862069,0.348953981,0.41857074200000005,0.967077559,0.525765901,10.142925799999993,g2
143,143,TKE_775mb,0.358208955,0.008792226,0.441860465,0.27906976699999997,0.349416729,0.422793104,0.968712303,0.538459901,9.7206896,g2
144,144,TKE_750mb,0.358208955,0.008792226,0.441860465,0.27906976699999997,0.349416729,0.422793104,0.968712303,0.538459901,9.7206896,g2
145,145,TKE_750mb,0.358208955,0.009254975,0.454545455,0.275862069,0.348953981,0.41857074200000005,0.967077559,0.525765901,10.142925799999993,g2
146,146,TKE_750mb,0.358208955,0.009254975,0.454545455,0.275862069,0.348953981,0.41857074200000005,0.967077559,0.525765901,10.142925799999993,g2
147,147,TKE_750mb,0.358208955,0.008792226,0.441860465,0.27906976699999997,0.349416729,0.422793104,0.968712303,0.538459901,9.7206896,g2
148,148,TKE_725mb,0.358208955,0.008329477,0.428571429,0.282352941,0.34987947799999997,0.42709000799999997,0.970348236,0.55175794,9.290999200000002,g2
149,149,TKE_725mb,0.358208955,0.008329477,0.428571429,0.282352941,0.34987947799999997,0.42709000799999997,0.970348236,0.55175794,9.290999200000002,g2
150,150,TKE_725mb,0.358208955,0.008792226,0.441860465,0.27906976699999997,0.349416729,0.422793104,0.968712303,0.538459901,9.7206896,g2
151,151,TKE_725mb,0.358208955,0.008792226,0.441860465,0.27906976699999997,0.349416729,0.422793104,0.968712303,0.538459901,9.7206896,g2
152,152,TKE_700mb,0.358208955,0.009254975,0.454545455,0.275862069,0.348953981,0.41857074200000005,0.967077559,0.525765901,10.142925799999993,g2
153,153,TKE_700mb,0.358208955,0.008792226,0.441860465,0.27906976699999997,0.349416729,0.422793104,0.968712303,0.538459901,9.7206896,g2
154,154,TKE_700mb,0.358208955,0.007866728,0.41463414600000004,0.28571428600000004,0.350342227,0.43146344600000003,0.97198536,0.5657042170000001,8.853655399999994,g2
155,155,TKE_700mb,0.34328358200000003,0.008329477,0.43902439,0.270588235,0.334954105,0.412512227,0.9683712390000001,0.540856725,10.7487773,g2
156,156,Q_975mb,0.34328358200000003,0.008792226,0.452380952,0.26744186,0.334491356,0.40830607399999996,0.966628079,0.52749096,11.169392600000002,g2
157,157,Q_975mb,0.34328358200000003,0.008792226,0.452380952,0.26744186,0.334491356,0.40830607399999996,0.966628079,0.52749096,11.169392600000002,g2
158,158,Q_975mb,0.34328358200000003,0.007866728,0.425,0.27380952399999997,0.335416854,0.416793972,0.9701158609999999,0.554890311,10.320602799999996,g2
159,159,Q_975mb,0.34328358200000003,0.007866728,0.425,0.27380952399999997,0.335416854,0.416793972,0.9701158609999999,0.554890311,10.320602799999996,g2
160,160,Q_950mb,0.34328358200000003,0.007866728,0.425,0.27380952399999997,0.335416854,0.416793972,0.9701158609999999,0.554890311,10.320602799999996,g2
161,161,Q_950mb,0.34328358200000003,0.007866728,0.425,0.27380952399999997,0.335416854,0.416793972,0.9701158609999999,0.554890311,10.320602799999996,g2
162,162,Q_950mb,0.34328358200000003,0.007866728,0.425,0.27380952399999997,0.335416854,0.416793972,0.9701158609999999,0.554890311,10.320602799999996,g2
163,163,Q_950mb,0.34328358200000003,0.008329477,0.43902439,0.270588235,0.334954105,0.412512227,0.9683712390000001,0.540856725,10.7487773,g2
164,164,Q_925mb,0.328358209,0.009254975,0.47619047600000003,0.252873563,0.31910323399999996,0.389522139,0.962501562,0.5032239789999999,13.047786100000003,g2
165,165,Q_925mb,0.328358209,0.009254975,0.47619047600000003,0.252873563,0.31910323399999996,0.389522139,0.962501562,0.5032239789999999,13.047786100000003,g2
166,166,Q_925mb,0.313432836,0.008329477,0.46153846200000004,0.24705882399999998,0.30510335899999996,0.38256358700000004,0.9638672509999999,0.517447377,13.743641299999993,g2
167,167,Q_925mb,0.328358209,0.010180472,0.5,0.24719101100000002,0.318177737,0.381654599,0.958791209,0.479395604,13.834540099999998,g2
168,168,Q_900mb,0.34328358200000003,0.010180472,0.488888889,0.25842696600000004,0.33310311,0.396121656,0.9614073559999999,0.490955362,12.387834400000003,g2
169,169,Q_900mb,0.34328358200000003,0.010180472,0.488888889,0.25842696600000004,0.33310311,0.396121656,0.9614073559999999,0.490955362,12.387834400000003,g2
170,170,Q_900mb,0.34328358200000003,0.010180472,0.488888889,0.25842696600000004,0.33310311,0.396121656,0.9614073559999999,0.490955362,12.387834400000003,g2
171,171,Q_900mb,0.34328358200000003,0.010180472,0.488888889,0.25842696600000004,0.33310311,0.396121656,0.9614073559999999,0.490955362,12.387834400000003,g2
172,172,Q_875mb,0.358208955,0.010180472,0.47826087,0.269662921,0.34802848299999994,0.41034202,0.963811637,0.5020324389999999,10.965798,g2
173,173,Q_875mb,0.358208955,0.010180472,0.47826087,0.269662921,0.34802848299999994,0.41034202,0.963811637,0.5020324389999999,10.965798,g2
174,174,Q_875mb,0.358208955,0.010180472,0.47826087,0.269662921,0.34802848299999994,0.41034202,0.963811637,0.5020324389999999,10.965798,g2
175,175,Q_875mb,0.358208955,0.010643221000000001,0.489361702,0.26666666699999997,0.34756573399999996,0.406332006,0.962180455,0.49092257100000003,11.366799399999998,g2
176,176,Q_850mb,0.358208955,0.010643221000000001,0.489361702,0.26666666699999997,0.34756573399999996,0.406332006,0.962180455,0.49092257100000003,11.366799399999998,g2
177,177,Q_850mb,0.358208955,0.010643221000000001,0.489361702,0.26666666699999997,0.34756573399999996,0.406332006,0.962180455,0.49092257100000003,11.366799399999998,g2
178,178,Q_850mb,0.358208955,0.011105968999999999,0.5,0.263736264,0.347102986,0.402389226,0.960550459,0.48027522899999997,11.761077399999998,g2
179,179,Q_850mb,0.358208955,0.011568718,0.510204082,0.260869565,0.346640237,0.39851200200000003,0.958921645,0.47006209600000004,12.148799799999999,g2
180,180,Q_825mb,0.358208955,0.012031466999999999,0.52,0.258064516,0.346177488,0.394698712,0.957294014,0.46025711700000005,12.5301288,g2
181,181,Q_825mb,0.358208955,0.012494216,0.529411765,0.25531914899999997,0.34571474,0.39094778799999996,0.9556675640000001,0.45083628299999995,12.905221200000007,g2
182,182,Q_825mb,0.358208955,0.012494216,0.529411765,0.25531914899999997,0.34571474,0.39094778799999996,0.9556675640000001,0.45083628299999995,12.905221200000007,g2
183,183,Q_825mb,0.358208955,0.012494216,0.529411765,0.25531914899999997,0.34571474,0.39094778799999996,0.9556675640000001,0.45083628299999995,12.905221200000007,g2
184,184,Q_800mb,0.358208955,0.012031466999999999,0.52,0.258064516,0.346177488,0.394698712,0.957294014,0.46025711700000005,12.5301288,g2
185,185,Q_800mb,0.358208955,0.012031466999999999,0.52,0.258064516,0.346177488,0.394698712,0.957294014,0.46025711700000005,12.5301288,g2
186,186,Q_800mb,0.358208955,0.012031466999999999,0.52,0.258064516,0.346177488,0.394698712,0.957294014,0.46025711700000005,12.5301288,g2
187,187,Q_800mb,0.358208955,0.012494216,0.529411765,0.25531914899999997,0.34571474,0.39094778799999996,0.9556675640000001,0.45083628299999995,12.905221200000007,g2
188,188,Q_775mb,0.358208955,0.012031466999999999,0.52,0.258064516,0.346177488,0.394698712,0.957294014,0.46025711700000005,12.5301288,g2
189,189,Q_775mb,0.358208955,0.011568718,0.510204082,0.260869565,0.346640237,0.39851200200000003,0.958921645,0.47006209600000004,12.148799799999999,g2
190,190,Q_775mb,0.37313432799999996,0.012031466999999999,0.509803922,0.268817204,0.361102861,0.408349279,0.9599023259999999,0.470903474,11.165072099999996,g2
191,191,Q_775mb,0.37313432799999996,0.012031466999999999,0.509803922,0.268817204,0.361102861,0.408349279,0.9599023259999999,0.470903474,11.165072099999996,g2
192,192,Q_750mb,0.37313432799999996,0.012031466999999999,0.509803922,0.268817204,0.361102861,0.408349279,0.9599023259999999,0.470903474,11.165072099999996,g2
193,193,Q_750mb,0.37313432799999996,0.011568718,0.5,0.27173913,0.36156561,0.41224367700000003,0.961432507,0.480716253,10.775632299999998,g2
194,194,Q_750mb,0.37313432799999996,0.011568718,0.5,0.27173913,0.36156561,0.41224367700000003,0.961432507,0.480716253,10.775632299999998,g2
195,195,Q_750mb,0.38805970100000003,0.012031466999999999,0.5,0.279569892,0.376028235,0.421778404,0.962316176,0.481158088,9.822159599999999,g2
196,196,Q_725mb,0.37313432799999996,0.011568718,0.5,0.27173913,0.36156561,0.41224367700000003,0.961432507,0.480716253,10.775632299999998,g2
197,197,Q_725mb,0.38805970100000003,0.011568718,0.490196078,0.282608696,0.37649098299999995,0.42575077100000003,0.963755945,0.490970665,9.424922899999999,g2
198,198,Q_725mb,0.37313432799999996,0.011105968999999999,0.489795918,0.274725275,0.36202835899999997,0.416202825,0.9629636429999999,0.490929185,10.379717499999998,g2
199,199,Q_725mb,0.37313432799999996,0.011568718,0.5,0.27173913,0.36156561,0.41224367700000003,0.961432507,0.480716253,10.775632299999998,g2
200,200,Q_700mb,0.37313432799999996,0.011568718,0.5,0.27173913,0.36156561,0.41224367700000003,0.961432507,0.480716253,10.775632299999998,g2
201,201,Q_700mb,0.37313432799999996,0.011105968999999999,0.489795918,0.274725275,0.36202835899999997,0.416202825,0.9629636429999999,0.490929185,10.379717499999998,g2
202,202,Q_700mb,0.37313432799999996,0.012031466999999999,0.509803922,0.268817204,0.361102861,0.408349279,0.9599023259999999,0.470903474,11.165072099999996,g2
203,203,Q_700mb,0.37313432799999996,0.012031466999999999,0.509803922,0.268817204,0.361102861,0.408349279,0.9599023259999999,0.470903474,11.165072099999996,g2
204,204,TMP_2maboveground,0.37313432799999996,0.012031466999999999,0.509803922,0.268817204,0.361102861,0.408349279,0.9599023259999999,0.470903474,11.165072099999996,g3
205,205,TMP_2maboveground,0.37313432799999996,0.012031466999999999,0.509803922,0.268817204,0.361102861,0.408349279,0.9599023259999999,0.470903474,11.165072099999996,g3
206,206,TMP_2maboveground,0.37313432799999996,0.011105968999999999,0.489795918,0.274725275,0.36202835899999997,0.416202825,0.9629636429999999,0.490929185,10.379717499999998,g3
207,207,TMP_2maboveground,0.37313432799999996,0.011105968999999999,0.489795918,0.274725275,0.36202835899999997,0.416202825,0.9629636429999999,0.490929185,10.379717499999998,g3
208,208,TMP_975mb,0.37313432799999996,0.011105968999999999,0.489795918,0.274725275,0.36202835899999997,0.416202825,0.9629636429999999,0.490929185,10.379717499999998,g3
209,209,TMP_975mb,0.37313432799999996,0.011105968999999999,0.489795918,0.274725275,0.36202835899999997,0.416202825,0.9629636429999999,0.490929185,10.379717499999998,g3
210,210,TMP_975mb,0.37313432799999996,0.010180472,0.46808510600000003,0.280898876,0.362953856,0.424321946,0.966028787,0.512657672,9.567805399999997,g3
211,211,TMP_975mb,0.37313432799999996,0.011105968999999999,0.489795918,0.274725275,0.36202835899999997,0.416202825,0.9629636429999999,0.490929185,10.379717499999998,g3
212,212,TMP_950mb,0.37313432799999996,0.010643221000000001,0.47916666700000005,0.27777777800000003,0.36249110799999995,0.42022835399999997,0.964495737,0.501567278,9.977164600000002,g3
213,213,TMP_950mb,0.38805970100000003,0.009717723000000001,0.446808511,0.295454545,0.37834197799999997,0.442311885,0.969522663,0.534392773,7.768811499999998,g3
214,214,TMP_950mb,0.37313432799999996,0.010180472,0.46808510600000003,0.280898876,0.362953856,0.424321946,0.966028787,0.512657672,9.567805399999997,g3
215,215,TMP_950mb,0.37313432799999996,0.010180472,0.46808510600000003,0.280898876,0.362953856,0.424321946,0.966028787,0.512657672,9.567805399999997,g3
216,216,TMP_925mb,0.37313432799999996,0.010643221000000001,0.47916666700000005,0.27777777800000003,0.36249110799999995,0.42022835399999997,0.964495737,0.501567278,9.977164600000002,g3
217,217,TMP_925mb,0.37313432799999996,0.009717723000000001,0.456521739,0.284090909,0.363416605,0.42848534200000005,0.967562797,0.524229865,9.151465799999997,g3
218,218,TMP_925mb,0.34328358200000003,0.008329477,0.43902439,0.270588235,0.334954105,0.412512227,0.9683712390000001,0.540856725,10.7487773,g3
219,219,TMP_925mb,0.37313432799999996,0.008792226,0.43181818200000005,0.29069767399999996,0.364342103,0.437028814,0.9706336940000001,0.548951049,8.297118600000005,g3
220,220,TMP_900mb,0.37313432799999996,0.009254975,0.444444444,0.287356322,0.363879354,0.432720344,0.969097765,0.536315977,8.727965600000005,g3
221,221,TMP_900mb,0.358208955,0.008329477,0.428571429,0.282352941,0.34987947799999997,0.42709000799999997,0.970348236,0.55175794,9.290999200000002,g3
222,222,TMP_900mb,0.358208955,0.009717723000000001,0.46666666700000003,0.272727273,0.34849123200000004,0.414421,0.9654440040000001,0.51363567,10.557900000000004,g3
223,223,TMP_900mb,0.34328358200000003,0.008792226,0.452380952,0.26744186,0.334491356,0.40830607399999996,0.966628079,0.52749096,11.169392600000002,g3
224,224,TMP_875mb,0.358208955,0.008329477,0.428571429,0.282352941,0.34987947799999997,0.42709000799999997,0.970348236,0.55175794,9.290999200000002,g3
225,225,TMP_875mb,0.34328358200000003,0.008329477,0.43902439,0.270588235,0.334954105,0.412512227,0.9683712390000001,0.540856725,10.7487773,g3
226,226,TMP_875mb,0.34328358200000003,0.008792226,0.452380952,0.26744186,0.334491356,0.40830607399999996,0.966628079,0.52749096,11.169392600000002,g3
227,227,TMP_875mb,0.358208955,0.008792226,0.441860465,0.27906976699999997,0.349416729,0.422793104,0.968712303,0.538459901,9.7206896,g3
228,228,TMP_850mb,0.358208955,0.009254975,0.454545455,0.275862069,0.348953981,0.41857074200000005,0.967077559,0.525765901,10.142925799999993,g3
229,229,TMP_850mb,0.358208955,0.009254975,0.454545455,0.275862069,0.348953981,0.41857074200000005,0.967077559,0.525765901,10.142925799999993,g3
230,230,TMP_850mb,0.313432836,0.008329477,0.46153846200000004,0.24705882399999998,0.30510335899999996,0.38256358700000004,0.9638672509999999,0.517447377,13.743641299999993,g3
231,231,TMP_850mb,0.313432836,0.008792226,0.475,0.244186047,0.30464061,0.378550954,0.96188067,0.503976234,14.144904600000004,g3
232,232,TMP_825mb,0.34328358200000003,0.008329477,0.43902439,0.270588235,0.334954105,0.412512227,0.9683712390000001,0.540856725,10.7487773,g3
233,233,TMP_825mb,0.34328358200000003,0.008329477,0.43902439,0.270588235,0.334954105,0.412512227,0.9683712390000001,0.540856725,10.7487773,g3
234,234,TMP_825mb,0.328358209,0.008329477,0.45,0.258823529,0.320028732,0.397672463,0.9662190340000001,0.529433272,12.232753700000004,g3
235,235,TMP_825mb,0.328358209,0.008329477,0.45,0.258823529,0.320028732,0.397672463,0.9662190340000001,0.529433272,12.232753700000004,g3
236,236,TMP_800mb,0.328358209,0.008329477,0.45,0.258823529,0.320028732,0.397672463,0.9662190340000001,0.529433272,12.232753700000004,g3
237,237,TMP_800mb,0.328358209,0.008792226,0.463414634,0.255813953,0.319565983,0.39356100899999996,0.964359407,0.516009234,12.643899100000006,g3
238,238,TMP_800mb,0.34328358200000003,0.009254975,0.46511627899999997,0.26436781600000003,0.334028608,0.404173526,0.96488638,0.514746421,11.582647399999999,g3
239,239,TMP_800mb,0.358208955,0.008792226,0.441860465,0.27906976699999997,0.349416729,0.422793104,0.968712303,0.538459901,9.7206896,g3
240,240,TMP_775mb,0.358208955,0.008329477,0.428571429,0.282352941,0.34987947799999997,0.42709000799999997,0.970348236,0.55175794,9.290999200000002,g3
241,241,TMP_775mb,0.37313432799999996,0.008792226,0.43181818200000005,0.29069767399999996,0.364342103,0.437028814,0.9706336940000001,0.548951049,8.297118600000005,g3
242,242,TMP_775mb,0.358208955,0.008792226,0.441860465,0.27906976699999997,0.349416729,0.422793104,0.968712303,0.538459901,9.7206896,g3
243,243,TMP_775mb,0.34328358200000003,0.008329477,0.43902439,0.270588235,0.334954105,0.412512227,0.9683712390000001,0.540856725,10.7487773,g3
244,244,TMP_750mb,0.358208955,0.008792226,0.441860465,0.27906976699999997,0.349416729,0.422793104,0.968712303,0.538459901,9.7206896,g3
245,245,TMP_750mb,0.313432836,0.008792226,0.475,0.244186047,0.30464061,0.378550954,0.96188067,0.503976234,14.144904600000004,g3
246,246,TMP_750mb,0.313432836,0.008792226,0.475,0.244186047,0.30464061,0.378550954,0.96188067,0.503976234,14.144904600000004,g3
247,247,TMP_750mb,0.34328358200000003,0.008792226,0.452380952,0.26744186,0.334491356,0.40830607399999996,0.966628079,0.52749096,11.169392600000002,g3
248,248,TMP_725mb,0.328358209,0.008329477,0.45,0.258823529,0.320028732,0.397672463,0.9662190340000001,0.529433272,12.232753700000004,g3
249,249,TMP_725mb,0.328358209,0.007866728,0.435897436,0.261904762,0.320491481,0.401858475,0.968080446,0.543545232,11.814152499999999,g3
250,250,TMP_725mb,0.328358209,0.007866728,0.435897436,0.261904762,0.320491481,0.401858475,0.968080446,0.543545232,11.814152499999999,g3
251,251,TMP_725mb,0.313432836,0.00740398,0.43243243200000003,0.253012048,0.306028856,0.390811187,0.967846923,0.546572588,12.918881300000002,g3
252,252,TMP_700mb,0.328358209,0.007866728,0.435897436,0.261904762,0.320491481,0.401858475,0.968080446,0.543545232,11.814152499999999,g3
253,253,TMP_700mb,0.358208955,0.007866728,0.41463414600000004,0.28571428600000004,0.350342227,0.43146344600000003,0.97198536,0.5657042170000001,8.853655399999994,g3
254,254,TMP_700mb,0.328358209,0.008329477,0.45,0.258823529,0.320028732,0.397672463,0.9662190340000001,0.529433272,12.232753700000004,g3
255,255,TMP_700mb,0.358208955,0.007866728,0.41463414600000004,0.28571428600000004,0.350342227,0.43146344600000003,0.97198536,0.5657042170000001,8.853655399999994,g3
256,256,DPT_2maboveground,0.328358209,0.007866728,0.435897436,0.261904762,0.320491481,0.401858475,0.968080446,0.543545232,11.814152499999999,g3
257,257,DPT_2maboveground,0.28358209,0.006941231,0.441176471,0.231707317,0.27664085899999996,0.363347727,0.9652961870000001,0.5369456810000001,15.665227299999998,g3
258,258,DPT_2maboveground,0.313432836,0.006941231,0.41666666700000005,0.25609756100000003,0.306491605,0.39505029799999997,0.9698400209999999,0.562347932,12.494970200000004,g3
259,259,DPT_2maboveground,0.328358209,0.00740398,0.42105263200000004,0.26506024100000003,0.320954229,0.406121093,0.9699436440000001,0.558399423,11.3878907,g3
260,260,RH_2maboveground,0.328358209,0.006941231,0.405405405,0.26829268300000003,0.321416978,0.410462439,0.971808633,0.574056028,10.9537561,g3
261,261,RH_2maboveground,0.328358209,0.006941231,0.405405405,0.26829268300000003,0.321416978,0.410462439,0.971808633,0.574056028,10.9537561,g3
262,262,RH_2maboveground,0.328358209,0.00740398,0.42105263200000004,0.26506024100000003,0.320954229,0.406121093,0.9699436440000001,0.558399423,11.3878907,g3
263,263,RH_2maboveground,0.328358209,0.006941231,0.405405405,0.26829268300000003,0.321416978,0.410462439,0.971808633,0.574056028,10.9537561,g3
264,264,RH_975mb,0.328358209,0.00740398,0.42105263200000004,0.26506024100000003,0.320954229,0.406121093,0.9699436440000001,0.558399423,11.3878907,g3
265,265,RH_975mb,0.34328358200000003,0.00740398,0.41025641,0.27710843399999996,0.33587960200000005,0.42115336299999995,0.9718619479999999,0.569643087,9.884663700000004,g3
266,266,RH_975mb,0.328358209,0.00740398,0.42105263200000004,0.26506024100000003,0.320954229,0.406121093,0.9699436440000001,0.558399423,11.3878907,g3
267,267,RH_975mb,0.328358209,0.006478482,0.38888888899999996,0.271604938,0.321879727,0.414884715,0.973675414,0.5905819139999999,10.511528499999997,g3
268,268,RH_950mb,0.328358209,0.006478482,0.38888888899999996,0.271604938,0.321879727,0.414884715,0.973675414,0.5905819139999999,10.511528499999997,g3
269,269,RH_950mb,0.328358209,0.00740398,0.42105263200000004,0.26506024100000003,0.320954229,0.406121093,0.9699436440000001,0.558399423,11.3878907,g3
270,270,RH_950mb,0.328358209,0.00740398,0.42105263200000004,0.26506024100000003,0.320954229,0.406121093,0.9699436440000001,0.558399423,11.3878907,g3
271,271,RH_950mb,0.313432836,0.00740398,0.43243243200000003,0.253012048,0.306028856,0.390811187,0.967846923,0.546572588,12.918881300000002,g3
272,272,RH_925mb,0.28358209,0.006478482,0.424242424,0.23456790100000002,0.277103607,0.367445439,0.9675871220000001,0.553889694,15.255456100000004,g3
273,273,RH_925mb,0.29850746300000003,0.006478482,0.41176470600000004,0.24691358,0.292028981,0.38355891,0.9698151290000001,0.5668132339999999,13.644109,g3
274,274,RH_925mb,0.29850746300000003,0.006478482,0.41176470600000004,0.24691358,0.292028981,0.38355891,0.9698151290000001,0.5668132339999999,13.644109,g3
275,275,RH_925mb,0.29850746300000003,0.006478482,0.41176470600000004,0.24691358,0.292028981,0.38355891,0.9698151290000001,0.5668132339999999,13.644109,g3
276,276,RH_900mb,0.29850746300000003,0.006478482,0.41176470600000004,0.24691358,0.292028981,0.38355891,0.9698151290000001,0.5668132339999999,13.644109,g3
277,277,RH_900mb,0.29850746300000003,0.006478482,0.41176470600000004,0.24691358,0.292028981,0.38355891,0.9698151290000001,0.5668132339999999,13.644109,g3
278,278,RH_900mb,0.28358209,0.006478482,0.424242424,0.23456790100000002,0.277103607,0.367445439,0.9675871220000001,0.553889694,15.255456100000004,g3
279,279,RH_900mb,0.268656716,0.006478482,0.4375,0.222222222,0.262178234,0.351019955,0.965117462,0.5401867029999999,16.8980045,g3
280,280,RH_875mb,0.253731343,0.006478482,0.45161290299999995,0.209876543,0.24725286100000002,0.33427330899999996,0.96236458,0.52562879,18.572669100000006,g3
281,281,RH_875mb,0.253731343,0.0060157330000000005,0.433333333,0.2125,0.24771561,0.338205341,0.9650217940000001,0.543918714,18.179465900000004,g3
282,282,RH_875mb,0.268656716,0.006478482,0.4375,0.222222222,0.262178234,0.351019955,0.965117462,0.5401867029999999,16.8980045,g3
283,283,RH_875mb,0.29850746300000003,0.00740398,0.444444444,0.240963855,0.291103483,0.37521588200000006,0.9655456790000001,0.53411395,14.478411799999996,g3
284,284,RH_850mb,0.268656716,0.006941231,0.454545455,0.219512195,0.261715486,0.34704045299999997,0.962655285,0.523131083,17.295954700000003,g3
285,285,RH_850mb,0.23880597,0.006478482,0.46666666700000003,0.19753086399999997,0.232327488,0.317195987,0.959276792,0.510130422,20.280401299999998,g3
286,286,RH_850mb,0.253731343,0.006478482,0.45161290299999995,0.209876543,0.24725286100000002,0.33427330899999996,0.96236458,0.52562879,18.572669100000006,g3
287,287,RH_850mb,0.268656716,0.006478482,0.4375,0.222222222,0.262178234,0.351019955,0.965117462,0.5401867029999999,16.8980045,g3
288,288,RH_825mb,0.253731343,0.006478482,0.45161290299999995,0.209876543,0.24725286100000002,0.33427330899999996,0.96236458,0.52562879,18.572669100000006,g3
289,289,RH_825mb,0.253731343,0.006478482,0.45161290299999995,0.209876543,0.24725286100000002,0.33427330899999996,0.96236458,0.52562879,18.572669100000006,g3
290,290,RH_825mb,0.23880597,0.006478482,0.46666666700000003,0.19753086399999997,0.232327488,0.317195987,0.959276792,0.510130422,20.280401299999998,g3
291,291,RH_825mb,0.268656716,0.006478482,0.4375,0.222222222,0.262178234,0.351019955,0.965117462,0.5401867029999999,16.8980045,g3
292,292,RH_800mb,0.253731343,0.006478482,0.45161290299999995,0.209876543,0.24725286100000002,0.33427330899999996,0.96236458,0.52562879,18.572669100000006,g3
293,293,RH_800mb,0.253731343,0.0060157330000000005,0.433333333,0.2125,0.24771561,0.338205341,0.9650217940000001,0.543918714,18.179465900000004,g3
294,294,RH_800mb,0.28358209,0.005552985,0.387096774,0.240506329,0.278029105,0.37588122700000004,0.9721786170000001,0.591055251,14.411877299999993,g3
295,295,RH_800mb,0.28358209,0.0060157330000000005,0.40625,0.2375,0.277566356,0.371622496,0.969881263,0.571892077,14.837750399999997,g3
296,296,RH_775mb,0.28358209,0.0060157330000000005,0.40625,0.2375,0.277566356,0.371622496,0.969881263,0.571892077,14.837750399999997,g3
297,297,RH_775mb,0.28358209,0.006941231,0.441176471,0.231707317,0.27664085899999996,0.363347727,0.9652961870000001,0.5369456810000001,15.665227299999998,g3
298,298,RH_775mb,0.23880597,0.006941231,0.48387096799999996,0.19512195100000002,0.231864739,0.31346935,0.9564114979999999,0.492915559,20.653065,g3
299,299,RH_775mb,0.253731343,0.006941231,0.46875,0.20731707300000002,0.246790112,0.33041741399999996,0.959712076,0.50848133,18.9582586,g3
300,300,RH_750mb,0.268656716,0.0060157330000000005,0.419354839,0.225,0.262640983,0.35507726799999995,0.9675835220000001,0.558342021,16.492273200000007,g3
301,301,RH_750mb,0.253731343,0.005090236,0.39285714299999996,0.217948718,0.248641107,0.34630702,0.970350404,0.5844155839999999,17.369298,g3
302,302,RH_750mb,0.28358209,0.006941231,0.441176471,0.231707317,0.27664085899999996,0.363347727,0.9652961870000001,0.5369456810000001,15.665227299999998,g3
303,303,RH_750mb,0.268656716,0.006478482,0.4375,0.222222222,0.262178234,0.351019955,0.965117462,0.5401867029999999,16.8980045,g3
304,304,RH_725mb,0.268656716,0.0060157330000000005,0.419354839,0.225,0.262640983,0.35507726799999995,0.9675835220000001,0.558342021,16.492273200000007,g3
305,305,RH_725mb,0.268656716,0.005552985,0.4,0.22784810100000003,0.263103732,0.359214695,0.9700534759999999,0.577707006,16.0785305,g3
306,306,RH_725mb,0.29850746300000003,0.006478482,0.41176470600000004,0.24691358,0.292028981,0.38355891,0.9698151290000001,0.5668132339999999,13.644109,g3
307,307,RH_725mb,0.28358209,0.005552985,0.387096774,0.240506329,0.278029105,0.37588122700000004,0.9721786170000001,0.591055251,14.411877299999993,g3
308,308,RH_700mb,0.29850746300000003,0.006478482,0.41176470600000004,0.24691358,0.292028981,0.38355891,0.9698151290000001,0.5668132339999999,13.644109,g3
309,309,RH_700mb,0.29850746300000003,0.006478482,0.41176470600000004,0.24691358,0.292028981,0.38355891,0.9698151290000001,0.5668132339999999,13.644109,g3
310,310,RH_700mb,0.29850746300000003,0.0060157330000000005,0.393939394,0.25,0.292491729,0.38785042399999997,0.971953822,0.584648305,13.214957600000005,g3
311,311,RH_700mb,0.23880597,0.006478482,0.46666666700000003,0.19753086399999997,0.232327488,0.317195987,0.959276792,0.510130422,20.280401299999998,g3
312,312,Q_surface,0.23880597,0.0060157330000000005,0.448275862,0.2,0.23279023699999998,0.32099694300000003,0.962147812,0.528531778,19.900305699999997,g4
313,313,Q_surface,0.253731343,0.0060157330000000005,0.433333333,0.2125,0.24771561,0.338205341,0.9650217940000001,0.543918714,18.179465900000004,g4
314,314,Q_surface,0.164179104,0.005090236,0.5,0.141025641,0.159088868,0.235830125,0.9492293740000001,0.47461468700000004,28.4169875,g4
315,315,Q_surface,0.164179104,0.004164739000000001,0.45,0.144736842,0.160014366,0.242398878,0.958305758,0.524637681,27.7601122,g4
316,316,LCLT,0.164179104,0.004164739000000001,0.45,0.144736842,0.160014366,0.242398878,0.958305758,0.524637681,27.7601122,g4
317,317,LCLT,0.164179104,0.004164739000000001,0.45,0.144736842,0.160014366,0.242398878,0.958305758,0.524637681,27.7601122,g4
318,318,LCLT,0.164179104,0.0046274870000000004,0.47619047600000003,0.14285714300000002,0.15955161699999998,0.239078913,0.953759135,0.49843571299999995,28.0921087,g4
319,319,LCLT,0.164179104,0.00370199,0.42105263200000004,0.146666667,0.160477115,0.245792386,0.962869338,0.5535965310000001,27.4207614,g4
320,320,VIS_surface,0.164179104,0.00370199,0.42105263200000004,0.146666667,0.160477115,0.245792386,0.962869338,0.5535965310000001,27.4207614,g4
321,321,VIS_surface,0.149253731,0.003239241,0.41176470600000004,0.135135135,0.14601449,0.228707119,0.963626419,0.562455104,29.1292881,g4
322,322,VIS_surface,0.149253731,0.003239241,0.41176470600000004,0.135135135,0.14601449,0.228707119,0.963626419,0.562455104,29.1292881,g4
323,323,VIS_surface,0.149253731,0.005090236,0.523809524,0.128205128,0.144163495,0.21602069899999998,0.943327157,0.45036356200000005,30.397930100000004,g4
324,324,VVEL_975mb,0.149253731,0.0046274870000000004,0.5,0.12987013,0.14462624400000001,0.219088075,0.948369565,0.47418478299999994,30.091192500000002,g4
325,325,VVEL_975mb,0.149253731,0.0046274870000000004,0.5,0.12987013,0.14462624400000001,0.219088075,0.948369565,0.47418478299999994,30.091192500000002,g4
326,326,VVEL_975mb,0.179104478,0.004164739000000001,0.428571429,0.15789473699999998,0.17493973899999998,0.262137128,0.962384589,0.546507865,25.7862872,g4
327,327,VVEL_975mb,0.149253731,0.003239241,0.41176470600000004,0.135135135,0.14601449,0.228707119,0.963626419,0.562455104,29.1292881,g4
328,328,VVEL_950mb,0.149253731,0.003239241,0.41176470600000004,0.135135135,0.14601449,0.228707119,0.963626419,0.562455104,29.1292881,g4
329,329,VVEL_950mb,0.029850746,0.014345211,0.939393939,0.020408163,0.015505536,0.22056067899999998,0.357768924,0.030993304,29.9439321,g4
330,330,VVEL_950mb,0.014925373,0.012956964,0.9655172409999999,0.010526316,0.001968409,0.24271426,0.071590053,0.0044691159999999995,27.728574000000002,g4
331,331,VVEL_950mb,0.014925373,0.012031466999999999,0.962962963,0.010752688,0.002893906,0.26407163699999997,0.108802908,0.007050666999999999,25.592836300000002,g4
332,332,VVEL_925mb,0.014925373,0.012031466999999999,0.962962963,0.010752688,0.002893906,0.274071637,0.108802908,0.007050666999999999,24.592836300000002,g4
333,333,VVEL_925mb,0.014925373,0.012956964,0.9655172409999999,0.010526316,0.001968409,0.28271426,0.071590053,0.0044691159999999995,23.728574000000002,g4
334,334,VVEL_925mb,0.014925373,0.011568718,0.961538462,0.010869565,0.003356655,0.264771255,0.12836767,0.008488786,25.5228745,g4
335,335,VVEL_925mb,0.014925373,0.011568718,0.961538462,0.010869565,0.003356655,0.314771255,0.12836767,0.008488786,20.522874499999997,g4
336,336,VVEL_900mb,0.014925373,0.012031466999999999,0.962962963,0.010752688,0.002893906,0.304071637,0.108802908,0.007050666999999999,21.5928363,g4
337,337,VVEL_900mb,0.014925373,0.012031466999999999,0.962962963,0.010752688,0.002893906,0.254071637,0.108802908,0.007050666999999999,26.5928363,g4
338,338,VVEL_900mb,0.014925373,0.012031466999999999,0.962962963,0.010752688,0.002893906,0.234071637,0.108802908,0.007050666999999999,28.592836300000002,g4
339,339,VVEL_900mb,0.029850746,0.012031466999999999,0.9285714290000001,0.021505376,0.017819279,0.22481867,0.43288590600000004,0.041883117000000004,29.518133,g4
340,340,VVEL_875mb,0.014925373,0.012031466999999999,0.962962963,0.010752688,0.002893906,0.240716375,0.108802908,0.007050666999999999,27.9283625,g4
341,341,VVEL_875mb,0.014925373,0.011105968999999999,0.96,0.010989011000000002,0.003819404,0.254854037,0.14861596300000002,0.010040853,26.5145963,g4
342,342,VVEL_875mb,0.014925373,0.012956964,0.9655172409999999,0.010526316,0.001968409,0.22714259899999997,0.071590053,0.0044691159999999995,29.2857401,g4
343,343,VVEL_875mb,0.014925373,0.012956964,0.9655172409999999,0.010526316,0.001968409,0.22714259899999997,0.071590053,0.0044691159999999995,29.2857401,g4
344,344,VVEL_850mb,0.014925373,0.010643221000000001,0.958333333,0.011111111000000002,0.004282152,0.206214542,0.169584245,0.011721113,31.3785458,g4
345,345,VVEL_850mb,0.014925373,0.010643221000000001,0.958333333,0.011111111000000002,0.004282152,0.21621454199999998,0.169584245,0.011721113,30.3785458,g4
346,346,VVEL_850mb,0.014925373,0.010180472,0.956521739,0.011235955,0.004744901,0.20695914699999998,0.191311612,0.013546288,31.3040853,g4
347,347,VVEL_850mb,0.014925373,0.009717723000000001,0.954545455,0.011363636000000002,0.00520765,0.207719715,0.213840045,0.015536141000000002,31.2280285,g4
348,348,VVEL_825mb,0.014925373,0.010643221000000001,0.958333333,0.011111111000000002,0.004282152,0.206214542,0.169584245,0.011721113,31.3785458,g4
349,349,VVEL_825mb,0.014925373,0.011568718,0.961538462,0.010869565,0.003356655,0.204771255,0.12836767,0.008488786,31.5228745,g4
350,350,VVEL_825mb,0.014925373,0.011568718,0.961538462,0.010869565,0.003356655,0.204771255,0.12836767,0.008488786,31.5228745,g4
351,351,VVEL_825mb,0.014925373,0.011568718,0.961538462,0.010869565,0.003356655,0.204771255,0.12836767,0.008488786,31.5228745,g4
352,352,VVEL_800mb,0.014925373,0.011105968999999999,0.96,0.010989011000000002,0.003819404,0.20548540399999998,0.14861596300000002,0.010040853,31.451459600000003,g4
353,353,VVEL_800mb,0.014925373,0.011568718,0.961538462,0.010869565,0.003356655,0.204771255,0.12836767,0.008488786,31.5228745,g4
354,354,VVEL_800mb,0.014925373,0.012031466999999999,0.962962963,0.010752688,0.002893906,0.204071637,0.108802908,0.007050666999999999,31.5928363,g4
355,355,VVEL_800mb,0.014925373,0.012956964,0.9655172409999999,0.010526316,0.001968409,0.20271426,0.071590053,0.0044691159999999995,31.728574,g4
356,356,VVEL_775mb,0.014925373,0.013882462,0.967741935,0.010309278,0.001042911,0.201409963,0.036730722,0.0022171,31.8590037,g4
357,357,VVEL_775mb,0.014925373,0.014345211,0.96875,0.010204082,0.0005801630000000001,0.20077675600000003,0.020114943,0.001195355,31.922324399999997,g4
358,358,VVEL_775mb,0.014925373,0.013882462,0.967741935,0.010309278,0.001042911,0.201409963,0.036730722,0.0022171,31.8590037,g4
359,359,VVEL_775mb,0.014925373,0.016658954,0.972972973,0.009708738,-0.001733581,0.202213853,-0.055765385,-0.0030962040000000004,31.7786147,g4
360,360,VVEL_750mb,0.014925373,0.016658954,0.972972973,0.009708738,-0.001733581,0.202213853,-0.055765385,-0.0030962040000000004,31.7786147,g4
361,361,VVEL_750mb,0.014925373,0.015733457,0.9714285709999999,0.00990099,-0.0008080839999999999,0.20105137399999998,-0.02676733,-0.001524331,31.894862600000003,g4
362,362,VVEL_750mb,0.014925373,0.016196205,0.9722222220000001,0.009803922,-0.001270832,0.20163803100000002,-0.04147881,-0.002331711,31.836196899999997,g4
363,363,VVEL_750mb,0.014925373,0.017584452,0.974358974,0.00952381,-0.0026590790000000004,0.20333417,-0.083135392,-0.004509728,31.666583,g4
364,364,VVEL_725mb,0.014925373,0.017584452,0.974358974,0.00952381,-0.0026590790000000004,0.20333417,-0.083135392,-0.004509728,31.666583,g4
365,365,VVEL_725mb,0.014925373,0.017121703000000002,0.9736842109999999,0.009615385,-0.00219633,0.202779137,-0.069645204,-0.003821197,31.7220863,g4
366,366,VVEL_725mb,0.014925373,0.0180472,0.975,0.009433961999999999,-0.003121827,0.203879229,-0.096252129,-0.005164534,31.6120771,g4
367,367,VVEL_725mb,0.014925373,0.018509948999999998,0.975609756,0.009345794000000001,-0.003584576,0.20441457899999999,-0.109010712,-0.005788083,31.5585421,g4
368,368,VVEL_700mb,0.014925373,0.017121703000000002,0.9736842109999999,0.009615385,-0.00219633,0.202779137,-0.069645204,-0.003821197,31.7220863,g4
369,369,VVEL_700mb,0.014925373,0.017584452,0.974358974,0.00952381,-0.0026590790000000004,0.20333417,-0.083135392,-0.004509728,31.666583,g4
370,370,VVEL_700mb,0.014925373,0.019898195,0.977272727,0.009090909,-0.004972822,0.205964906,-0.14527845,-0.007492507,31.4035094,g4
371,371,VVEL_700mb,0.029850746,0.020360944,0.956521739,0.018018018,0.009489802,0.211188925,0.193684804,0.013689077,30.8811075,g4
372,372,analysed_sst,0.029850746,0.021286441,0.958333333,0.017699115,0.008564305,0.429928419,0.17174515199999998,0.011850153,9.007158099999998,g5
373,373,analysed_sst,0.029850746,0.024525683,0.9636363640000001,0.016666667,0.005325064,0.435831058,0.10063960300000001,0.006451073000000001,8.416894200000002,g5
374,374,analysed_sst,0.014925373,0.024062933999999998,0.981132075,0.008403361,-0.009137560999999999,0.45016683399999996,-0.238765566,-0.011476903,6.983316600000002,g5
375,375,analysed_sst,0.029850746,0.024988431000000002,0.9642857140000001,0.016528926,0.004862315,0.435282509,0.091144485,0.0057879509999999995,8.471749100000004,g5
376,376,TMP-DPT,0.029850746,0.024525683,0.9636363640000001,0.016666667,0.005325064,0.425831058,0.10063960300000001,0.006451073000000001,9.416894200000002,g5
377,377,TMP-DPT,0.029850746,0.03285516,0.97260274,0.014492753999999998,-0.003004413,0.412879479,-0.04945992,-0.002765153,10.712052100000001,g5
378,378,TMP-DPT,0.029850746,0.033317908,0.972972973,0.014388488999999999,-0.003467162,0.43300113100000004,-0.056671935,-0.0031493890000000003,8.699886899999996,g5
379,379,TMP-DPT,0.029850746,0.037482647,0.975903614,0.013513513999999999,-0.007631901,0.42684045299999995,-0.117241379,-0.006206645,9.315954700000006,g5
380,380,TMP-SST,0.029850746,0.036557149,0.975308642,0.01369863,-0.0067064030000000005,0.47608987399999997,-0.10441983,-0.005583444,4.391012600000003,g5
381,381,TMP-SST,0.029850746,0.033317908,0.972972973,0.014388488999999999,-0.003467162,0.483300113,-0.056671935,-0.0031493890000000003,3.6699887000000047,g5
382,382,TMP-SST,0.029850746,0.034706155,0.974025974,0.014084507,-0.004855408,0.484527976,-0.077705317,-0.004244477,3.547202399999996,g5
383,383,TMP-SST,0.029850746,0.032392411,0.9722222220000001,0.01459854,-0.002541665,0.46245297399999996,-0.042143839,-0.002370645,5.754702600000002,g5
