C0_Prob,C1_Prob
0.046701793,0.9532983
0.025386747,0.9746132
3.11E-08,1
1.38E-10,1
1.14E-07,0.9999999
1.49E-08,1
7.40E-09,1
3.22E-09,1
1.90E-09,1
2.23E-08,1
7.43E-09,1
3.26E-07,0.99999964
1.03E-05,0.99998975
0.0063651,0.99363494
2.03E-06,0.999998
4.46E-05,0.9999554
4.28E-07,0.9999995
9.65E-05,0.99990344
5.92E-06,0.99999404
9.37E-05,0.9999063
0.001847023,0.9981529
0.44312495,0.55687505
0.010985695,0.9890143
0.8403949,0.15960509
0.99612707,0.003872938
0.91424245,0.085757494
0.001723252,0.9982767
0.001583919,0.99841607
2.24E-08,1
4.88E-06,0.9999951
4.01E-08,1
1.53E-10,1
3.65E-10,1
1.53E-06,0.99999845
1.23E-07,0.9999999
2.36E-05,0.9999764
1.03E-05,0.9999896
0.000356631,0.9996433
3.70E-05,0.99996305
1.82E-05,0.9999819
0.000499913,0.99950004
0.010817622,0.9891824
7.28E-08,0.9999999
3.93E-07,0.99999964
2.74E-06,0.99999726
0.001015283,0.99898475
2.74E-08,1
3.12E-05,0.99996877
5.08E-05,0.9999492
0.012356567,0.9876435
2.18E-05,0.9999782
0.031614795,0.9683852
0.001174944,0.998825
0.04352961,0.95647043
5.92E-06,0.99999404
0.004651938,0.99534804
7.98E-05,0.99992025
0.006096816,0.9939031
0.000110596,0.9998894
0.001673704,0.99832624
0.000404838,0.9995952
0.002448047,0.997552
1.77E-05,0.99998236
0.000717176,0.9992829
0.000426775,0.9995732
0.019245867,0.98075414
4.37E-05,0.99995625
0.000899233,0.9991008
7.87E-05,0.9999213
8.08E-13,1
1.52E-17,1
5.35E-15,1
5.42E-05,0.99994576
4.90E-06,0.9999951
4.01E-05,0.99995995
8.01E-09,1
1.49E-05,0.9999851
0.001112339,0.9988877
3.98E-06,0.99999607
0.000211362,0.9997887
0.000372024,0.99962795
0.002271965,0.99772805
5.72E-08,1
0.000598789,0.9994012
0.026966376,0.97303355
0.27660295,0.7233971
0.000351284,0.9996487
0.003095885,0.9969041
0.07912863,0.9208714
0.009293003,0.9907069
0.20066343,0.79933655
0.06904992,0.9309501
0.920815,0.07918506
0.2315124,0.76848763
0.000147501,0.9998524
6.25E-06,0.9999938
0.000743891,0.9992561
0.005401707,0.99459827
5.99E-05,0.99994004
0.002742042,0.99725795
0.09244517,0.9075548
0.05027661,0.9497234
1.07E-05,0.9999894
0.000475763,0.99952424
0.000209795,0.99979025
0.000282035,0.9997179
0.005223807,0.9947761
0.049417764,0.95058227
0.011352687,0.9886473
0.07232233,0.9276777
0.017832002,0.98216796
0.00017931,0.99982077
0.000159525,0.9998405
0.005906193,0.99409384
1.44E-05,0.9999856
8.50E-06,0.99999154
1.80E-06,0.9999982
0.000774106,0.99922585
3.14E-05,0.99996865
4.59E-06,0.99999535
5.20E-05,0.999948
0.002732059,0.99726796
5.79E-06,0.99999416
1.49E-08,1
0.01635663,0.98364335
0.011251504,0.98874855
2.41E-06,0.9999976
5.74E-11,1
2.80E-07,0.99999976
2.18E-05,0.9999782
3.23E-06,0.9999968
7.04E-07,0.9999993
0.000127477,0.99987257
2.55E-05,0.9999745
2.00E-07,0.99999976
7.81E-05,0.9999218
0.001106207,0.9988938
0.000835765,0.9991642
1.93E-06,0.9999981
1.55E-06,0.99999845
8.25E-06,0.9999918
0.000128099,0.99987185
1.59E-05,0.99998415
5.60E-05,0.999944
0.005293774,0.9947062
0.014159927,0.9858401
5.33E-05,0.9999467
0.004285338,0.9957146
0.8000325,0.1999675
0.7393563,0.26064372
9.92E-12,1
1.90E-21,1
3.75E-06,0.9999963
6.42E-05,0.99993587
0.000120024,0.99987996
1.61E-05,0.9999839
0.002601985,0.997398
0.0007553,0.9992447
3.98E-05,0.9999602
2.07E-09,1
3.53E-07,0.99999964
0.000191382,0.9998086
3.29E-05,0.9999671
2.61E-14,1
4.20E-05,0.99995804
0.000168662,0.9998313
1.29E-08,1
2.58E-09,1
1.96E-05,0.99998045
1.22E-06,0.9999988
8.64E-09,1
2.01E-17,1
1.18E-07,0.9999999
8.72E-05,0.99991286
0.001699753,0.99830025
0.00052908,0.9994709
0.000254556,0.9997454
2.55E-05,0.9999745
3.72E-07,0.99999964
5.02E-06,0.999995
9.38E-05,0.9999062
1.69E-05,0.9999831
1.96E-08,1
4.50E-13,1
1.83E-08,1
0.000229097,0.99977094
2.72E-05,0.9999728
2.09E-06,0.99999785
0.00112403,0.9988759
0.004718929,0.99528104
3.23E-06,0.9999968
9.20E-06,0.9999908
0.000219572,0.9997805
0.000702099,0.99929786
3.09E-06,0.9999969
3.69E-05,0.99996305
4.30E-05,0.99995697
0.00012014,0.99987984
2.94E-07,0.99999976
2.30E-08,1
1.16E-17,1
1.78E-07,0.9999999
4.46E-07,0.9999995
6.66E-12,1
0.001073885,0.9989261
0.000669768,0.9993303
4.85E-05,0.9999515
3.84E-06,0.9999962
7.45E-06,0.9999926
0.000439348,0.99956065
1.64E-06,0.99999833
6.58E-08,0.9999999
6.50E-06,0.99999344
0.000126829,0.99987316
3.62E-07,0.99999964
1.48E-05,0.9999852
2.45E-05,0.99997556
0.000142424,0.99985754
5.42E-10,1
7.85E-07,0.99999917
0.00043893,0.999561
0.000408068,0.9995919
2.73E-06,0.99999726
0.000102137,0.99989784
0.024299381,0.9757007
0.014352529,0.98564744
0.003625718,0.9963743
7.60E-08,0.9999999
0.021078758,0.97892123
0.062051564,0.93794847
8.55E-05,0.9999145
0.000821985,0.999178
0.009387666,0.9906123
8.28E-07,0.99999917
3.63E-15,1
1.74E-16,1
6.54E-09,1
2.07E-06,0.999998
5.14E-07,0.9999995
1.47E-06,0.99999857
0.04150539,0.95849466
0.13005355,0.8699464
0.001818293,0.9981817
0.012843842,0.98715615
0.4192846,0.5807154
0.928554,0.071446024
0.04853278,0.9514672
0.002914162,0.99708587
0.9980996,0.00190036
0.011369308,0.9886308
1.54E-08,1
9.00E-18,1
2.78E-08,1
6.21E-07,0.9999994
1.32E-13,1
1.07E-15,1
1.78E-06,0.9999982
2.46E-08,1
3.65E-12,1
2.41E-14,1
5.31E-05,0.99994683
0.000268793,0.99973124
6.21E-09,1
1.44E-07,0.9999999
2.20E-05,0.99997795
2.11E-05,0.9999789
5.18E-07,0.9999995
2.03E-07,0.99999976
2.35E-06,0.9999976
2.92E-06,0.99999714
2.57E-09,1
7.37E-08,0.9999999
0.00024337,0.99975663
0.000130214,0.9998698
4.45E-07,0.9999995
0.000154663,0.99984527
0.015202984,0.984797
0.035467703,0.9645323
1.06E-05,0.9999894
0.000187378,0.99981266
1.89E-05,0.99998105
0.001992695,0.99800736
2.20E-06,0.99999785
5.81E-10,1
3.97E-06,0.99999607
0.0380941,0.9619059
1.90E-05,0.9999809
1.52E-10,1
0.000284563,0.9997154
0.000154985,0.999845
2.11E-06,0.99999785
1.36E-06,0.9999987
0.000106542,0.9998934
3.13E-05,0.99996877
1.47E-08,1
3.95E-08,1
0.000521279,0.99947876
2.18E-05,0.9999782
4.66E-06,0.99999535
7.78E-08,0.9999999
0.000801816,0.99919814
0.002353963,0.99764603
1.54E-06,0.99999845
1.61E-06,0.99999845
0.001424021,0.9985759
9.21E-05,0.999908
8.75E-08,0.9999999
1.26E-07,0.9999999
5.56E-06,0.9999944
6.54E-10,1
8.94E-08,0.9999999
3.36E-10,1
9.31E-05,0.9999069
0.00075981,0.99924016
8.25E-07,0.99999917
9.74E-08,0.9999999
1.90E-06,0.9999981
2.04E-06,0.999998
2.23E-08,1
2.16E-11,1
0.000405234,0.99959475
0.10151199,0.898488
0.000743819,0.9992562
1.25E-05,0.9999875
0.011463451,0.9885365
0.2318714,0.7681286
5.02E-05,0.9999497
1.98E-05,0.9999802
7.22E-05,0.99992776
0.000280048,0.9997199
0.000270005,0.99972993
1.93E-06,0.9999981
5.53E-05,0.9999447
0.005413591,0.99458635
1.82E-05,0.99998176
4.70E-07,0.9999995
1.19E-06,0.9999988
0.000595525,0.99940443
7.24E-09,1
6.24E-13,1
6.57E-05,0.9999343
0.000265056,0.99973494
4.94E-08,1
2.23E-08,1
6.08E-05,0.9999392
0.000225908,0.99977416
3.42E-06,0.99999654
8.94E-06,0.99999106
0.000374229,0.9996258
0.00097134,0.9990287
7.18E-07,0.9999993
1.78E-06,0.9999982
0.15785587,0.84214413
8.29E-09,1
4.23E-09,1
2.64E-10,1
3.19E-09,1
1.08E-07,0.9999999
3.15E-07,0.99999964
5.96E-06,0.99999404
0.020627698,0.9793723
0.009309555,0.99069047
0.000337447,0.9996625
3.07E-05,0.99996924
0.04857836,0.95142156
0.09079242,0.9092075
6.91E-05,0.99993086
9.22E-07,0.99999905
7.48E-06,0.9999925
0.000172654,0.9998273
1.96E-06,0.9999981
9.61E-06,0.99999034
0.001815021,0.998185
0.5400445,0.45995548
0.002529596,0.9974704
3.18E-05,0.9999682
0.00010073,0.99989927
0.01076311,0.9892369
1.18E-05,0.9999882
1.83E-09,1
8.62E-05,0.9999137
0.002716087,0.99728394
1.62E-05,0.9999838
3.98E-06,0.99999607
0.000130377,0.9998696
0.000442,0.99955803
1.09E-05,0.99998915
5.71E-06,0.9999943
0.000342499,0.9996575
1.20E-05,0.99998796
8.06E-07,0.99999917
1.20E-07,0.9999999
0.010036404,0.9899636
0.00029385,0.9997061
0.000103526,0.9998964
0.000475784,0.99952424
6.79E-11,1
2.29E-09,1
2.15E-09,1
1.67E-09,1
8.47E-09,1
1.25E-08,1
1.30E-08,1
9.70E-08,0.9999999
1.07E-06,0.9999989
1.53E-08,1
9.29E-07,0.99999905
3.71E-07,0.99999964
3.71E-06,0.9999963
1.52E-06,0.99999845
2.06E-05,0.9999794
3.97E-05,0.9999603
0.008386566,0.9916134
0.008398177,0.99160177
1.43E-06,0.99999857
3.29E-06,0.99999666
1.02E-05,0.99998975
0.000902938,0.9990971
2.42E-07,0.99999976
2.01E-07,0.99999976
1.55E-06,0.99999845
2.83E-05,0.9999716
3.69E-05,0.99996316
1.81E-07,0.99999976
0.000246649,0.9997533
0.000107329,0.9998927
9.55E-06,0.99999046
1.46E-06,0.99999857
3.87E-05,0.99996126
5.91E-07,0.9999994
0.000589877,0.99941015
4.38E-06,0.9999956
0.000212059,0.999788
0.03058014,0.96941984
0.000149001,0.999851
1.78E-06,0.9999982
7.87E-06,0.99999213
0.00819793,0.99180204
5.20E-06,0.99999475
5.19E-06,0.99999475
0.000981486,0.99901855
2.25E-09,1
8.13E-08,0.9999999
1.25E-05,0.9999875
8.97E-07,0.99999905
5.54E-08,1
9.53E-09,1
2.88E-09,1
7.83E-10,1
3.64E-09,1
5.88E-10,1
5.88E-12,1
5.50E-10,1
4.83E-07,0.9999995
4.83E-08,1
1.77E-10,1
2.10E-08,1
1.74E-09,1
5.07E-09,1
5.29E-06,0.99999475
5.46E-05,0.9999454
9.86E-07,0.99999905
6.73E-06,0.9999933
7.57E-07,0.9999993
0.000102496,0.9998975
9.29E-07,0.99999905
5.80E-06,0.99999416
1.72E-07,0.9999999
5.62E-05,0.99994385
1.37E-06,0.99999857
1.57E-07,0.9999999
9.28E-09,1
2.01E-08,1
2.18E-06,0.99999785
5.61E-06,0.9999944
1.51E-09,1
2.20E-07,0.99999976
5.77E-09,1
3.09E-08,1
2.76E-10,1
3.36E-07,0.99999964
1.41E-07,0.9999999
1.73E-07,0.9999999
5.32E-07,0.9999995
0.002103287,0.9978967
9.19E-08,0.9999999
3.79E-09,1
4.85E-08,1
3.01E-08,1
6.98E-09,1
2.89E-12,1
1.27E-10,1
2.98E-07,0.99999976
3.42E-11,1
9.33E-09,1
1.18E-08,1
5.35E-09,1
1.50E-10,1
3.83E-09,1
0.000475847,0.9995241
6.34E-06,0.9999937
1.62E-09,1
7.79E-11,1
0.000636889,0.9993631
6.30E-06,0.9999937
7.68E-09,1
3.39E-08,1
4.87E-07,0.9999995
3.37E-07,0.99999964
5.44E-09,1
2.22E-06,0.99999774
4.05E-06,0.99999595
8.36E-05,0.99991643
2.56E-06,0.9999974
4.49E-08,1
8.63E-08,0.9999999
5.66E-06,0.9999943
1.29E-08,1
7.33E-08,0.9999999
1.75E-08,1
5.88E-06,0.99999416
6.24E-08,0.9999999
5.81E-08,1
3.20E-07,0.99999964
0.000138951,0.999861
3.65E-06,0.9999963
5.81E-08,1
1.23E-08,1
6.36E-06,0.9999937
5.79E-13,1
1.40E-09,1
2.98E-09,1
1.59E-06,0.99999845
1.26E-09,1
4.07E-09,1
1.58E-09,1
4.24E-05,0.99995756
9.51E-07,0.99999905
8.07E-08,0.9999999
1.67E-08,1
6.79E-05,0.99993205
6.01E-08,0.9999999
7.42E-09,1
4.67E-09,1
0.000231913,0.9997681
2.13E-07,0.99999976
3.83E-10,1
2.43E-09,1
9.90E-06,0.9999901
3.80E-09,1
3.90E-09,1
1.98E-09,1
4.55E-05,0.99995446
4.86E-07,0.9999995
1.04E-10,1
3.27E-07,0.99999964
2.78E-05,0.9999722
2.32E-05,0.99997675
5.93E-09,1
3.39E-09,1
8.89E-05,0.99991107
5.38E-06,0.99999464
1.91E-12,1
1.63E-07,0.9999999
2.63E-05,0.99997365
1.83E-06,0.9999982
1.58E-09,1
2.60E-08,1
1.01E-07,0.9999999
1.01E-08,1
1.93E-08,1
3.24E-08,1
1.69E-06,0.99999833
7.19E-10,1
3.35E-07,0.99999964
6.73E-07,0.9999993
9.51E-06,0.99999046
5.39E-09,1
1.81E-10,1
3.20E-10,1
9.96E-08,0.9999999
5.71E-11,1
2.83E-09,1
5.55E-07,0.9999994
1.30E-05,0.999987
1.01E-06,0.9999989
1.57E-07,0.9999999
3.51E-08,1
1.68E-05,0.9999832
1.51E-07,0.9999999
6.66E-08,0.9999999
1.30E-08,1
7.51E-07,0.9999993
6.38E-07,0.9999994
4.53E-09,1
2.46E-08,1
8.85E-05,0.99991155
2.31E-06,0.99999774
1.37E-08,1
3.81E-08,1
1.12E-05,0.9999888
2.88E-08,1
3.26E-09,1
2.33E-13,1
4.71E-05,0.9999529
1.70E-06,0.99999833
4.15E-08,1
2.40E-06,0.9999976
3.13E-06,0.9999969
9.95E-06,0.9999901
3.59E-08,1
2.53E-06,0.9999975
1.34E-07,0.9999999
3.32E-06,0.99999666
2.40E-07,0.99999976
1.02E-07,0.9999999
3.41E-05,0.9999659
1.10E-07,0.9999999
5.46E-09,1
5.77E-09,1
5.35E-05,0.9999465
1.01E-06,0.99999905
1.21E-06,0.9999988
3.78E-08,1
0.000682097,0.9993179
0.000791582,0.9992084
5.09E-06,0.9999949
1.60E-07,0.9999999
0.000227531,0.9997725
1.46E-06,0.99999857
2.40E-06,0.9999976
6.64E-07,0.9999993
5.33E-05,0.9999467
7.35E-08,0.9999999
1.11E-07,0.9999999
3.59E-08,1
0.000412664,0.99958736
2.44E-05,0.99997556
3.78E-06,0.9999962
1.20E-08,1
0.000878689,0.99912137
2.47E-06,0.9999975
5.36E-10,1
3.57E-10,1
2.74E-06,0.99999726
9.25E-05,0.9999075
4.02E-07,0.99999964
3.24E-08,1
5.79E-05,0.99994206
0.000837499,0.99916255
5.95E-08,1
2.11E-08,1
1.00E-06,0.99999905
5.44E-06,0.9999945
1.20E-08,1
6.52E-09,1
6.00E-08,0.9999999
2.78E-07,0.99999976
2.64E-08,1
3.71E-09,1
1.29E-06,0.9999987
3.46E-08,1
4.62E-08,1
4.86E-08,1
2.93E-06,0.999997
9.74E-06,0.9999902
2.10E-09,1
3.34E-08,1
9.53E-05,0.99990475
1.79E-07,0.99999976
2.55E-09,1
2.48E-08,1
2.16E-05,0.9999783
1.19E-09,1
1.48E-09,1
4.94E-09,1
3.94E-06,0.99999607
2.79E-06,0.99999726
1.51E-07,0.9999999
5.61E-08,1
1.53E-09,1
3.34E-08,1
2.93E-07,0.99999976
1.44E-11,1
1.09E-08,1
9.76E-11,1
1.68E-08,1
6.26E-09,1
5.97E-05,0.9999403
1.50E-07,0.9999999
2.12E-08,1
1.21E-07,0.9999999
7.80E-06,0.99999225
5.06E-07,0.9999995
3.29E-08,1
5.71E-09,1
1.95E-07,0.99999976
1.81E-07,0.99999976
5.14E-07,0.9999995
4.07E-10,1
2.45E-07,0.99999976
8.72E-07,0.99999917
1.35E-08,1
1.08E-10,1
8.26E-09,1
5.60E-07,0.9999994
5.26E-22,1
3.02E-10,1
5.98E-09,1
5.41E-08,1
6.83E-10,1
1.05E-07,0.9999999
1.92E-06,0.9999981
3.20E-08,1
5.98E-07,0.9999994
1.53E-05,0.99998474
2.20E-08,1
1.86E-08,1
9.97E-14,1
2.69E-07,0.99999976
2.54E-10,1
6.71E-13,1
5.75E-12,1
9.94E-15,1
9.70E-11,1
1.21E-09,1
1.89E-07,0.99999976
4.06E-09,1
9.00E-09,1
8.11E-09,1
1.18E-06,0.9999988
3.40E-09,1
1.01E-05,0.99998987
1.65E-06,0.99999833
2.27E-08,1
3.20E-08,1
4.30E-08,1
2.65E-07,0.99999976
4.60E-08,1
4.50E-09,1
1.10E-05,0.99998903
7.07E-07,0.9999993
2.47E-06,0.9999975
6.09E-08,0.9999999
2.73E-06,0.99999726
1.65E-05,0.99998355
4.05E-06,0.99999595
7.31E-07,0.9999993
0.00019733,0.99980265
4.45E-05,0.99995553
1.83E-05,0.99998164
1.34E-07,0.9999999
1.22E-07,0.9999999
2.26E-06,0.99999774
1.94E-06,0.9999981
2.05E-08,1
2.00E-05,0.99998
1.48E-06,0.99999857
4.31E-09,1
5.53E-08,1
4.10E-05,0.999959
1.67E-05,0.9999833
2.07E-08,1
6.57E-10,1
4.54E-06,0.99999547
1.18E-06,0.9999988
1.05E-09,1
1.39E-11,1
2.86E-11,1
4.28E-11,1
2.54E-10,1
1.58E-10,1
1.75E-12,1
1.39E-12,1
1.32E-09,1
2.68E-08,1
3.36E-10,1
1.29E-09,1
1.68E-11,1
3.37E-08,1
3.02E-09,1
5.38E-07,0.9999994
2.76E-16,1
8.82E-17,1
1.77E-07,0.9999999
1.00E-06,0.99999905
1.15E-16,1
7.24E-14,1
1.41E-09,1
5.93E-10,1
3.27E-11,1
6.42E-16,1
4.76E-16,1
2.18E-20,1
4.61E-20,1
2.57E-22,1
3.47E-18,1
1.90E-14,1
6.39E-19,1
4.68E-14,1
1.70E-13,1
3.18E-12,1
4.46E-12,1
2.70E-13,1
4.57E-11,1
2.97E-10,1
4.87E-12,1
2.11E-10,1
2.31E-09,1
5.30E-10,1
1.26E-07,0.9999999
1.84E-11,1
1.73E-11,1
3.37E-07,0.99999964
6.04E-09,1
1.40E-05,0.99998593
5.11E-05,0.999949
0.000160046,0.9998399
5.84E-09,1
7.22E-11,1
0.001934592,0.9980654
0.009928456,0.99007154
4.70E-07,0.9999995
3.37E-08,1
9.15E-05,0.99990845
0.000303265,0.99969673
5.94E-05,0.99994063
6.55E-07,0.9999994
3.27E-05,0.99996734
3.13E-06,0.9999969
5.50E-11,1
1.03E-07,0.9999999
3.39E-06,0.99999666
1.03E-07,0.9999999
1.41E-05,0.99998593
2.05E-05,0.9999795
6.30E-07,0.9999994
0.003604711,0.9963953
3.05E-06,0.9999969
1.38E-05,0.9999862
3.42E-05,0.9999658
0.000171556,0.99982846
1.29E-08,1
2.87E-05,0.9999713
9.09E-08,0.9999999
1.80E-07,0.99999976
3.17E-10,1
5.37E-07,0.9999994
6.13E-06,0.9999939
0.000165374,0.99983466
1.47E-05,0.99998534
8.13E-08,0.9999999
0.000117788,0.9998822
0.000235918,0.99976414
1.08E-06,0.9999989
1.43E-10,1
4.45E-05,0.99995553
2.00E-08,1
6.55E-11,1
8.59E-13,1
1.04E-05,0.9999895
1.07E-05,0.9999894
1.72E-07,0.9999999
1.95E-06,0.9999981
3.10E-08,1
0.000394632,0.99960536
4.64E-08,1
4.20E-07,0.9999995
0.000133736,0.99986625
0.001163393,0.9988366
4.14E-06,0.9999958
8.59E-06,0.9999914
8.71E-05,0.99991286
0.002235189,0.9977648
4.06E-10,1
4.44E-05,0.99995553
1.86E-06,0.9999981
1.21E-06,0.9999988
1.43E-10,1
0.000408601,0.9995914
5.09E-07,0.9999995
3.81E-07,0.99999964
2.74E-07,0.99999976
1.23E-06,0.9999988
1.73E-07,0.9999999
7.43E-06,0.9999926
2.63E-06,0.9999974
3.59E-05,0.9999641
1.08E-05,0.99998915
0.002513578,0.99748635
0.001195397,0.99880457
0.000717559,0.9992824
0.003327434,0.9966725
0.00177839,0.9982216
1.19E-05,0.9999881
1.08E-06,0.9999989
0.000971087,0.9990289
0.000497093,0.9995029
2.86E-08,1
0.002899983,0.9971
0.000633397,0.9993666
0.005684923,0.9943151
1.94E-06,0.9999981
4.53E-05,0.9999547
0.000118324,0.9998816
0.010544651,0.9894553
1.64E-07,0.9999999
7.04E-10,1
1.93E-05,0.9999807
2.02E-05,0.99997985
1.32E-09,1
5.83E-09,1
3.60E-08,1
3.29E-05,0.9999671
3.62E-10,1
7.30E-08,0.9999999
2.63E-06,0.9999974
0.000130291,0.9998697
8.14E-08,0.9999999
3.86E-08,1
4.42E-08,1
1.79E-06,0.9999982
2.49E-08,1
1.34E-07,0.9999999
2.11E-07,0.99999976
0.000172393,0.9998276
1.74E-05,0.9999826
7.66E-06,0.9999924
0.000107802,0.99989223
0.001665729,0.99833435
2.03E-05,0.99997973
1.91E-05,0.9999809
5.29E-07,0.9999995
3.77E-06,0.9999962
2.40E-05,0.9999759
3.85E-08,1
0.10657758,0.8934225
0.11136155,0.88863844
4.73E-06,0.99999523
1.27E-08,1
1.71E-05,0.99998283
0.000148818,0.9998511
3.94E-11,1
3.57E-15,1
1.42E-10,1
1.91E-09,1
6.08E-09,1
4.51E-08,1
0.000139642,0.9998603
0.003714504,0.99628544
3.97E-10,1
3.39E-11,1
1.87E-08,1
2.47E-05,0.9999753
5.13E-09,1
3.63E-05,0.99996376
9.54E-07,0.99999905
4.99E-10,1
3.89E-11,1
1.90E-15,1
3.81E-07,0.99999964
9.61E-09,1
1.17E-10,1
6.93E-05,0.99993074
4.67E-05,0.99995327
0.00034048,0.99965954
1.36E-08,1
6.32E-07,0.9999994
1.33E-06,0.9999987
5.14E-05,0.9999486
1.42E-07,0.9999999
5.64E-10,1
4.62E-05,0.99995387
0.000711907,0.99928814
1.97E-06,0.9999981
2.07E-08,1
1.40E-06,0.99999857
0.001097586,0.99890244
4.03E-10,1
9.38E-14,1
1.29E-15,1
5.17E-14,1
3.89E-12,1
2.80E-09,1
0.000129691,0.9998703
0.003374695,0.9966253
7.03E-08,0.9999999
8.69E-05,0.9999131
9.45E-06,0.9999906
0.000351862,0.9996481
1.91E-06,0.9999981
0.000368619,0.9996314
0.2611705,0.7388295
0.013117765,0.98688227
0.000503068,0.99949694
5.94E-05,0.99994063
0.10418125,0.89581877
0.7559426,0.24405739
0.0019302,0.9980698
0.001339946,0.9986601
0.000153084,0.99984694
4.71E-06,0.99999523
3.63E-09,1
4.67E-06,0.99999535
9.10E-05,0.99990904
0.000629049,0.999371
2.12E-05,0.9999789
0.000974594,0.99902546
2.95E-09,1
1.37E-08,1
2.97E-09,1
4.85E-05,0.9999515
0.000488743,0.99951124
0.024082022,0.97591794
3.79E-05,0.9999621
0.00212161,0.99787843
0.000273423,0.9997266
0.016246954,0.9837531
4.58E-05,0.9999542
0.00248124,0.9975188
0.001047678,0.99895227
0.040539533,0.9594605
0.000121278,0.99987876
0.001447393,0.9985526
0.003348548,0.9966515
0.23667805,0.76332194
7.03E-05,0.99992967
0.001246443,0.99875355
0.008153703,0.9918464
0.24285093,0.7571491
0.000337797,0.99966216
0.002086109,0.9979139
0.000810305,0.9991897
0.10041005,0.89958996
0.002433482,0.9975666
0.18373327,0.8162667
0.8996534,0.10034664
0.9365606,0.06343949
0.08884692,0.9111531
0.009670162,0.99032986
0.015541642,0.9844583
0.000404632,0.99959534
4.64E-08,1
2.66E-08,1
4.86E-08,1
6.27E-09,1
5.36E-11,1
2.01E-08,1
9.10E-07,0.99999905
2.13E-05,0.99997866
0.000102101,0.99989784
5.84E-05,0.9999416
0.006062655,0.9939374
0.055373475,0.94462657
0.04139685,0.9586032
0.052919477,0.9470805
9.49E-05,0.9999051
6.59E-08,0.9999999
2.82E-07,0.99999976
1.05E-08,1
1.07E-06,0.9999989
5.17E-05,0.9999484
1.03E-06,0.9999989
0.000164218,0.9998357
6.09E-05,0.9999391
0.000243572,0.9997564
0.000203361,0.9997967
4.16E-06,0.9999958
0.000293679,0.9997063
0.006313967,0.993686
0.000542812,0.9994572
0.00058241,0.99941766
0.006769388,0.9932306
0.042774808,0.95722526
9.30E-08,0.9999999
3.49E-07,0.99999964
0.000111683,0.9998883
0.020080624,0.97991943
4.96E-07,0.9999995
3.24E-07,0.99999964
0.003296763,0.9967032
0.4246039,0.57539606
0.005109432,0.9948906
0.001727781,0.9982722
4.95E-06,0.999995
0.0884046,0.91159534
0.001086765,0.9989133
0.001061101,0.99893886
0.000195953,0.9998041
0.052388612,0.94761133
0.0001011,0.9998989
0.001739234,0.9982608
0.000376113,0.9996239
0.001003047,0.9989969
1.02E-05,0.99998975
0.002376851,0.99762315
0.033023506,0.96697646
0.16386761,0.8361324
0.000509547,0.9994904
0.000792219,0.9992078
0.010204498,0.9897955
0.003034152,0.9969658
1.03E-09,1
2.03E-11,1
1.09E-05,0.99998903
0.002976906,0.99702305
4.65E-06,0.99999535
2.59E-07,0.99999976
0.000102695,0.99989724
0.005198645,0.9948014
1.75E-05,0.9999825
4.58E-05,0.9999542
6.77E-06,0.9999932
5.10E-05,0.999949
1.54E-05,0.9999846
5.34E-06,0.99999464
3.75E-06,0.9999963
2.59E-05,0.99997413
1.09E-07,0.9999999
6.38E-08,0.9999999
8.64E-05,0.9999136
0.043869138,0.9561308
0.0002824,0.99971753
0.001485258,0.9985147
6.95E-06,0.9999931
2.34E-05,0.9999765
8.02E-08,0.9999999
0.005439967,0.99456006
0.018566608,0.98143345
0.018650189,0.9813498
1.96E-07,0.99999976
1.79E-09,1
2.09E-08,1
6.08E-08,0.9999999
3.94E-06,0.99999607
0.003569378,0.9964307
0.001641102,0.9983589
0.010458145,0.9895419
0.000181925,0.99981815
0.001209292,0.9987907
2.70E-07,0.99999976
8.30E-06,0.99999166
4.08E-09,1
7.33E-09,1
1.70E-07,0.9999999
3.47E-06,0.99999654
9.34E-05,0.99990666
0.000357815,0.99964213
0.21722135,0.7827786
0.10763243,0.8923676
0.014578734,0.98542124
0.08041968,0.9195803
0.38656816,0.6134318
0.9553135,0.044686425
0.38244057,0.6175594
0.005489491,0.99451053
0.000563608,0.9994363
0.033463903,0.96653605
0.000138805,0.9998611
0.00162081,0.99837923
3.47E-08,1
0.19391184,0.80608815
0.012472251,0.9875278
1.26E-08,1
0.004020202,0.9959798
0.000919971,0.99908006
0.000116968,0.99988306
3.29E-05,0.9999671
0.00184035,0.9981597
0.000338276,0.9996617
4.30E-09,1
1.41E-05,0.99998593
2.27E-07,0.99999976
0.000287801,0.99971217
2.12E-05,0.9999788
1.12E-06,0.9999989
5.81E-05,0.9999418
0.002908533,0.9970914
1.09E-06,0.9999989
7.57E-11,1
2.63E-05,0.9999738
0.013929827,0.9860701
0.000407703,0.99959236
8.41E-05,0.99991584
0.019220954,0.98077905
0.18934079,0.81065917
0.001172885,0.99882716
0.001794438,0.99820554
0.06354432,0.93645567
0.30432916,0.6956708
0.001431553,0.9985684
0.000126423,0.9998735
0.04708104,0.9529189
1.14E-06,0.9999988
5.08E-15,1
1.40E-08,1
0.00212414,0.9978758
0.009851294,0.99014866
0.001197586,0.9988024
0.000163903,0.9998361
2.49E-05,0.9999751
0.000178599,0.9998215
6.56E-06,0.99999344
0.000311941,0.999688
7.07E-18,1
0,1
1.38E-16,1
1.41E-11,1
0.000956684,0.9990433
0.011968443,0.9880315
2.24E-08,1
0.000311714,0.99968827
0.00222283,0.99777716
0.24334298,0.756657
8.15E-06,0.9999919
0.000102609,0.99989736
0.10186061,0.89813936
0.57281494,0.42718503
0.000795353,0.9992047
3.53E-07,0.99999964
4.40E-11,1
2.16E-12,1
6.33E-13,1
9.54E-12,1
2.22E-11,1
4.03E-11,1
2.19E-12,1
3.06E-11,1
6.94E-09,1
0.014680405,0.9853196
0.00957582,0.9904242
0.000610519,0.9993894
0.001129427,0.99887055
0.038360074,0.9616399
3.94E-06,0.99999607
0.000252435,0.9997476
0.021690557,0.9783094
0.015220765,0.9847793
5.44E-06,0.9999945
0.002286024,0.99771404
0.000934102,0.99906594
0.010221474,0.9897786
0.001463973,0.998536
0.000114055,0.9998859
0.006511722,0.9934883
0.01649021,0.98350984
8.07E-07,0.99999917
4.02E-10,1
3.97E-09,1
1.20E-08,1
4.23E-09,1
2.69E-07,0.99999976
6.91E-05,0.99993086
2.33E-05,0.99997675
3.47E-05,0.9999653
9.10E-05,0.99990904
0.001777955,0.99822205
0.067322105,0.9326779
4.58E-06,0.99999547
0.000218618,0.9997814
0.009202216,0.99079776
0.45487034,0.54512966
0.00148508,0.99851495
0.66778266,0.33221734
0.72681814,0.2731819
0.7130025,0.28699747
0.014025667,0.98597425
0.008102306,0.9918977
0.008563337,0.99143666
0.000189888,0.99981016
6.42E-08,0.9999999
9.40E-08,0.9999999
3.28E-09,1
4.08E-05,0.9999591
2.19E-06,0.99999785
8.89E-08,0.9999999
0.000196736,0.99980325
0.06801224,0.9319877
0.000963905,0.9990361
0.001802955,0.998197
1.12E-06,0.9999989
0.1116828,0.88831717
0.000195971,0.9998041
0.002317152,0.9976828
0.008666746,0.9913332
3.48E-05,0.9999652
1.63E-07,0.9999999
0.023923395,0.97607654
0.046537906,0.95346206
0.3577574,0.6422426
0.002193975,0.997806
0.022328211,0.9776718
0.000767304,0.99923265
0.08903729,0.9109627
0.000186875,0.99981314
0.013632718,0.9863673
0.81269604,0.18730392
0.98745126,0.012548707
0.775224,0.22477604
0.22635005,0.77365
0.5152316,0.4847684
0.5161178,0.4838822
0.001846987,0.99815303
0.000129581,0.9998704
0.010166479,0.9898335
0.001475845,0.9985241
2.93E-05,0.9999707
0.003485969,0.996514
3.32E-05,0.99996686
1.42E-10,1
1.28E-10,1
3.14E-09,1
1.93E-05,0.9999807
0.006367265,0.99363273
6.69E-05,0.9999331
0.000166904,0.9998331
0.73141426,0.26858568
0.9534936,0.04650636
0.90522903,0.09477102
0.99917406,0.000825877
0.99961984,0.000380144
0.95651144,0.04348853
0.003728788,0.99627125
0.013152316,0.9868477
0.8799979,0.12000209
0.7691044,0.23089558
0.016928175,0.98307186
0.7022769,0.29772314
0.6785603,0.3214397
0.004778541,0.99522144
6.07E-12,1
3.37E-11,1
8.01E-07,0.99999917
0.000306436,0.99969363
2.98E-08,1
4.59E-09,1
0.000408197,0.99959177
0.00911608,0.9908839
9.87E-07,0.99999905
0.001756092,0.9982439
0.25840235,0.7415976
0.6698314,0.33016858
0.001817117,0.99818283
0.000998158,0.9990018
0.053665496,0.9463345
0.06738478,0.9326152
9.39E-06,0.9999906
0.004915296,0.9950847
1.09E-05,0.99998903
5.80E-09,1
1.14E-10,1
9.65E-11,1
0.000475122,0.99952483
0.009092059,0.9909079
6.37E-06,0.9999937
1.22E-07,0.9999999
0.000625928,0.9993741
0.004341522,0.9956585
0.000131505,0.9998685
0.001410104,0.9985898
7.28E-05,0.99992716
0.034602474,0.9653975
0.000153603,0.99984634
0.000622751,0.9993773
8.15E-05,0.99991846
0.001700208,0.9982998
1.00E-07,0.9999999
0.001397035,0.9986029
1.18E-05,0.9999882
4.15E-06,0.9999958
3.92E-07,0.99999964
1.51E-05,0.999985
1.35E-06,0.9999987
0.004943529,0.9950565
1.32E-05,0.99998677
0.004653133,0.99534684
0.001874888,0.99812514
0.000514144,0.99948585
1.83E-07,0.99999976
6.67E-06,0.9999933
1.46E-05,0.99998546
0.003076876,0.99692315
0.000158023,0.9998419
0.004380219,0.9956197
0.021340586,0.97865945
0.001300475,0.99869955
0.000425707,0.99957424
0.006755719,0.99324423
0.3681224,0.6318776
0.40177193,0.59822804
0.07182822,0.9281718
0.36593232,0.6340677
1.35E-10,1
5.83E-11,1
6.16E-12,1
1.44E-12,1
3.09E-05,0.9999691
0.000120311,0.9998797
9.05E-09,1
3.79E-05,0.9999621
0.07120312,0.9287968
0.005297949,0.99470204
8.95E-05,0.9999105
3.19E-12,1
2.95E-10,1
2.23E-06,0.99999774
1.14E-06,0.9999988
0.00558687,0.9944132
0.71645814,0.28354186
0.53947103,0.46052897
0.73175687,0.26824313
0.005992746,0.99400723
1.65E-05,0.99998343
2.89E-06,0.99999714
1.47E-08,1
1.40E-06,0.99999857
7.02E-06,0.99999297
1.47E-05,0.99998534
1.43E-11,1
7.04E-09,1
4.69E-08,1
4.73E-07,0.9999995
4.01E-07,0.99999964
4.81E-07,0.9999995
5.82E-06,0.99999416
0.000208473,0.99979156
7.91E-08,0.9999999
1.62E-08,1
3.15E-16,1
3.06E-11,1
2.02E-13,1
2.25E-16,1
4.44E-06,0.9999956
1.96E-09,1
3.85E-08,1
8.48E-07,0.99999917
6.98E-07,0.9999993
8.58E-05,0.99991417
1.75E-05,0.9999825
6.23E-05,0.99993765
0.000414308,0.9995857
0.0004764,0.99952364
5.51E-06,0.9999945
9.42E-06,0.9999906
1.52E-05,0.99998474
1.75E-05,0.9999825
5.46E-07,0.9999994
7.44E-07,0.9999993
2.35E-05,0.9999765
0.000397169,0.99960285
4.79E-06,0.99999523
7.22E-06,0.9999927
4.91E-05,0.999951
0.01467671,0.9853233
0.00014505,0.9998549
7.41E-05,0.999926
3.74E-05,0.99996257
1.06E-06,0.9999989
3.39E-06,0.99999666
4.32E-05,0.9999567
0.23013423,0.76986575
0.22878306,0.771217
0.001557057,0.99844295
4.61E-05,0.999954
0.003061767,0.9969382
0.55807346,0.44192648
0.008386535,0.9916135
7.68E-05,0.9999232
0.000722566,0.9992774
7.87E-05,0.9999213
8.84E-07,0.99999917
0.003225163,0.99677485
0.022555025,0.977445
0.000840237,0.9991598
0.000459629,0.99954045
2.95E-07,0.99999976
1.97E-08,1
9.65E-08,0.9999999
3.74E-11,1
1.33E-13,1
3.05E-07,0.99999964
1.13E-05,0.9999887
3.90E-07,0.99999964
1.16E-06,0.9999988
0.000325658,0.9996743
6.03E-06,0.9999939
1.02E-09,1
2.47E-05,0.9999753
2.83E-06,0.99999714
4.18E-09,1
6.29E-09,1
2.66E-09,1
2.08E-07,0.99999976
1.26E-09,1
4.52E-08,1
5.56E-09,1
2.05E-09,1
1.10E-07,0.9999999
3.20E-08,1
1.59E-11,1
2.41E-11,1
1.30E-05,0.999987
1.20E-07,0.9999999
3.44E-08,1
0.000312427,0.99968755
0.000686138,0.99931383
0.000291245,0.9997087
0.000240956,0.999759
0.010368597,0.9896315
0.044876244,0.9551237
0.002363295,0.9976367
0.009508805,0.9904912
2.02E-07,0.99999976
1.37E-06,0.9999987
1.19E-12,1
2.53E-19,1
2.17E-07,0.99999976
3.11E-07,0.99999964
2.61E-09,1
1.14E-07,0.9999999
5.93E-08,1
1.13E-07,0.9999999
1.64E-08,1
5.70E-10,1
3.35E-07,0.99999964
2.23E-12,1
8.30E-12,1
1.05E-12,1
4.37E-08,1
6.28E-14,1
9.67E-12,1
1.11E-10,1
3.89E-10,1
4.82E-09,1
2.39E-09,1
2.20E-10,1
3.95E-08,1
2.11E-10,1
5.59E-08,1
3.57E-08,1
1.91E-05,0.9999809
5.79E-07,0.9999994
6.18E-07,0.9999994
1.53E-07,0.9999999
2.00E-05,0.99998
6.42E-06,0.99999356
3.50E-07,0.99999964
2.88E-07,0.99999976
2.03E-09,1
1.23E-09,1
1.06E-07,0.9999999
3.59E-08,1
1.10E-05,0.99998903
3.51E-06,0.99999654
2.13E-08,1
1.47E-05,0.99998534
0.001148903,0.99885106
7.67E-05,0.99992335
1.03E-06,0.9999989
3.01E-07,0.99999964
2.00E-05,0.9999801
0.003652797,0.99634725
0.000616947,0.999383
2.33E-05,0.99997663
0.001585606,0.9984144
0.021534674,0.9784653
2.94E-06,0.999997
2.30E-06,0.99999774
3.33E-09,1
8.63E-09,1
3.37E-08,1
3.61E-08,1
9.11E-11,1
2.22E-11,1
1.34E-08,1
1.47E-09,1
6.72E-16,1
1.13E-11,1
1.79E-07,0.99999976
2.37E-09,1
1.81E-09,1
3.88E-11,1
3.95E-08,1
5.21E-09,1
3.36E-09,1
2.24E-08,1
1.38E-07,0.9999999
4.40E-08,1
3.06E-09,1
2.64E-10,1
2.25E-07,0.99999976
1.06E-09,1
3.34E-10,1
4.03E-11,1
8.62E-09,1
2.83E-10,1
5.78E-07,0.9999994
4.47E-08,1
5.79E-07,0.9999994
2.54E-09,1
3.34E-07,0.99999964
1.06E-07,0.9999999
3.98E-07,0.99999964
3.25E-07,0.99999964
1.71E-06,0.99999833
1.24E-07,0.9999999
1.21E-07,0.9999999
7.72E-08,0.9999999
0.010930701,0.9890693
5.66E-09,1
3.60E-07,0.99999964
5.99E-08,0.9999999
8.37E-06,0.99999166
5.13E-11,1
5.95E-09,1
1.39E-09,1
9.60E-07,0.99999905
2.05E-08,1
2.63E-07,0.99999976
1.02E-10,1
4.89E-09,1
6.45E-09,1
6.48E-09,1
1.22E-08,1
9.62E-08,0.9999999
3.43E-07,0.99999964
8.60E-09,1
5.78E-10,1
7.56E-05,0.9999244
6.19E-09,1
2.73E-08,1
1.51E-09,1
0.000162119,0.9998379
9.99E-07,0.99999905
1.55E-08,1
6.40E-09,1
4.44E-05,0.99995553
4.00E-05,0.99995995
1.17E-08,1
4.88E-10,1
7.21E-07,0.9999993
2.25E-08,1
8.38E-10,1
3.86E-11,1
5.66E-08,1
1.01E-10,1
1.00E-08,1
5.53E-08,1
5.47E-05,0.9999453
2.61E-10,1
4.54E-08,1
3.25E-08,1
4.69E-05,0.99995315
1.58E-06,0.99999845
1.43E-08,1
1.91E-07,0.99999976
7.15E-05,0.9999285
1.31E-08,1
1.79E-07,0.9999999
2.37E-07,0.99999976
3.02E-06,0.999997
1.11E-15,1
2.19E-06,0.99999785
2.37E-07,0.99999976
1.16E-08,1
1.44E-05,0.9999856
2.85E-09,1
3.38E-09,1
5.22E-08,1
1.76E-10,1
6.35E-08,0.9999999
5.75E-09,1
2.25E-06,0.99999774
2.21E-06,0.99999774
5.70E-09,1
3.64E-09,1
1.29E-05,0.9999871
1.13E-09,1
2.73E-08,1
1.54E-08,1
1.04E-06,0.9999989
1.61E-06,0.99999833
4.81E-07,0.9999995
8.93E-10,1
1.17E-09,1
5.14E-08,1
1.80E-08,1
2.58E-06,0.9999974
1.09E-09,1
1.98E-09,1
4.02E-08,1
1.33E-08,1
3.72E-05,0.9999628
8.97E-08,0.9999999
2.74E-09,1
7.60E-10,1
3.04E-09,1
2.47E-10,1
1.84E-09,1
2.47E-10,1
1.45E-06,0.99999857
3.60E-08,1
1.41E-08,1
9.75E-09,1
8.68E-06,0.9999913
6.52E-08,0.9999999
4.12E-08,1
9.27E-10,1
7.26E-10,1
3.82E-09,1
8.87E-07,0.99999917
1.61E-07,0.9999999
1.26E-07,0.9999999
1.31E-07,0.9999999
6.92E-07,0.9999993
3.68E-08,1
7.73E-07,0.9999993
2.99E-08,1
3.15E-07,0.99999964
3.00E-08,1
2.87E-06,0.99999714
2.79E-10,1
5.19E-08,1
3.01E-08,1
2.03E-06,0.999998
2.62E-09,1
1.34E-07,0.9999999
4.03E-08,1
1.57E-07,0.9999999
1.83E-08,1
2.04E-07,0.99999976
1.84E-09,1
1.65E-07,0.9999999
5.02E-07,0.9999995
2.95E-06,0.999997
0.000114824,0.9998852
0.000261575,0.9997384
2.09E-07,0.99999976
1.66E-06,0.99999833
3.14E-08,1
9.83E-08,0.9999999
2.11E-07,0.99999976
9.71E-08,0.9999999
2.78E-06,0.99999726
0.000196042,0.99980396
0.001012286,0.99898773
1.23E-06,0.9999988
3.95E-06,0.99999607
0.000128328,0.9998716
0.001152266,0.9988477
2.31E-07,0.99999976
3.81E-07,0.99999964
9.58E-05,0.99990416
0.00030159,0.9996984
1.76E-08,1
2.23E-07,0.99999976
0.000159116,0.99984086
2.47E-05,0.9999753
3.92E-07,0.99999964
3.59E-07,0.99999964
0.000372799,0.99962723
6.15E-07,0.9999994
3.45E-08,1
2.24E-08,1
5.87E-07,0.9999994
1.15E-06,0.9999988
4.32E-09,1
2.87E-09,1
2.97E-08,1
4.80E-08,1
2.05E-10,1
1.26E-09,1
1.54E-05,0.9999846
4.19E-08,1
5.19E-08,1
6.46E-07,0.9999994
5.81E-06,0.99999416
1.51E-06,0.99999845
1.03E-06,0.9999989
1.78E-08,1
2.38E-05,0.9999763
2.14E-05,0.99997854
6.25E-07,0.9999994
2.08E-07,0.99999976
2.97E-05,0.9999703
1.51E-05,0.99998486
1.17E-07,0.9999999
3.08E-07,0.99999964
0.000196683,0.99980336
0.000119578,0.99988043
1.48E-06,0.99999857
8.87E-08,0.9999999
0.000836929,0.99916303
1.08E-05,0.99998915
9.83E-08,0.9999999
5.70E-07,0.9999994
7.97E-05,0.99992025
1.28E-05,0.99998724
4.96E-08,1
1.62E-07,0.9999999
1.07E-05,0.9999893
1.09E-05,0.99998915
3.55E-09,1
2.86E-08,1
1.71E-06,0.99999833
1.00E-05,0.99999
5.75E-08,1
1.46E-07,0.9999999
1.19E-06,0.9999988
9.82E-07,0.99999905
5.10E-08,1
8.85E-09,1
0.000365824,0.99963415
3.12E-07,0.99999964
6.83E-11,1
9.51E-09,1
3.63E-05,0.99996364
1.09E-05,0.99998903
9.23E-09,1
5.36E-08,1
1.21E-06,0.9999988
4.10E-07,0.99999964
9.27E-07,0.99999905
8.94E-08,0.9999999
1.02E-06,0.9999989
6.53E-07,0.9999994
3.70E-06,0.9999963
3.37E-07,0.99999964
8.74E-05,0.9999126
3.12E-05,0.99996877
6.10E-06,0.9999939
5.28E-07,0.9999995
3.26E-08,1
1.43E-05,0.9999857
2.55E-07,0.99999976
8.28E-09,1
2.40E-11,1
5.94E-10,1
4.58E-10,1
1.22E-11,1
2.03E-09,1
6.58E-09,1
8.32E-10,1
2.85E-14,1
1.46E-10,1
1.35E-08,1
1.13E-12,1
5.32E-10,1
3.72E-06,0.9999963
6.01E-07,0.9999994
1.41E-07,0.9999999
7.27E-08,0.9999999
3.81E-06,0.9999962
4.40E-06,0.9999956
1.78E-06,0.9999982
1.40E-07,0.9999999
0.000111964,0.99988806
0.000374385,0.99962556
1.81E-07,0.99999976
5.89E-07,0.9999994
5.88E-06,0.99999416
2.88E-05,0.99997115
3.25E-07,0.99999964
6.19E-09,1
1.10E-07,0.9999999
7.20E-07,0.9999993
2.58E-07,0.99999976
1.11E-08,1
0.00033971,0.99966025
9.17E-05,0.9999082
9.14E-06,0.9999908
6.93E-07,0.9999993
0.000387629,0.9996124
2.11E-05,0.9999789
1.43E-06,0.99999857
5.09E-07,0.9999995
3.04E-05,0.9999696
1.20E-06,0.9999988
2.19E-08,1
1.14E-10,1
4.07E-06,0.99999595
1.31E-07,0.9999999
3.39E-09,1
9.06E-09,1
1.17E-06,0.9999988
1.93E-05,0.9999807
2.41E-08,1
3.68E-07,0.99999964
1.22E-07,0.9999999
4.02E-06,0.99999595
9.61E-06,0.99999034
5.58E-05,0.9999442
1.36E-05,0.9999864
6.14E-05,0.9999386
1.56E-09,1
2.87E-07,0.99999976
3.02E-05,0.99996984
4.80E-05,0.99995196
3.53E-07,0.99999964
4.07E-06,0.99999595
1.36E-07,0.9999999
8.46E-07,0.99999917
1.51E-10,1
5.17E-12,1
8.67E-08,0.9999999
8.47E-09,1
2.96E-12,1
8.74E-15,1
2.29E-10,1
8.51E-11,1
1.10E-11,1
1.10E-14,1
2.02E-12,1
6.12E-10,1
6.20E-10,1
2.40E-10,1
4.60E-08,1
2.41E-07,0.99999976
9.17E-12,1
9.55E-15,1
3.76E-06,0.9999962
5.19E-06,0.9999949
2.15E-10,1
4.09E-10,1
8.53E-07,0.99999917
0.000218722,0.9997813
4.30E-12,1
2.66E-07,0.99999976
0.000564505,0.9994355
0.000640124,0.9993599
1.50E-05,0.999985
1.15E-05,0.99998856
0.003453072,0.9965469
0.04744981,0.9525501
2.78E-05,0.9999722
0.000217341,0.9997826
0.009613823,0.99038625
0.001509808,0.9984902
0.00010971,0.9998903
0.00513033,0.9948697
7.32E-07,0.9999993
6.88E-08,0.9999999
6.21E-10,1
3.87E-09,1
5.55E-06,0.9999944
0.000102638,0.99989736
2.32E-07,0.99999976
2.83E-08,1
4.19E-07,0.9999995
1.69E-05,0.9999831
2.87E-06,0.99999714
1.54E-08,1
0.000213775,0.9997862
0.009871454,0.9901286
1.57E-05,0.99998426
3.13E-06,0.9999969
1.34E-08,1
4.42E-05,0.9999558
9.91E-06,0.9999901
6.14E-06,0.9999939
9.13E-06,0.9999908
2.49E-05,0.9999751
1.00E-06,0.99999905
1.08E-07,0.9999999
1.08E-08,1
3.28E-06,0.99999666
1.88E-07,0.99999976
7.79E-10,1
2.97E-05,0.9999703
4.02E-05,0.9999598
1.15E-06,0.9999988
2.18E-05,0.9999782
0.000160546,0.9998394
3.22E-06,0.9999968
1.14E-07,0.9999999
7.89E-10,1
2.49E-06,0.9999975
5.82E-05,0.9999418
2.27E-09,1
5.07E-09,1
2.22E-09,1
2.79E-08,1
6.91E-13,1
3.47E-07,0.99999964
2.06E-09,1
2.82E-07,0.99999976
1.48E-10,1
1.42E-06,0.99999857
2.73E-08,1
0.000222602,0.9997774
9.11E-07,0.99999905
5.27E-07,0.9999995
0.000135608,0.99986434
0.003053762,0.9969463
1.73E-07,0.9999999
1.55E-06,0.99999845
1.57E-08,1
3.83E-07,0.99999964
1.75E-13,1
1.81E-12,1
2.37E-09,1
3.75E-10,1
1.78E-12,1
1.34E-12,1
1.60E-08,1
3.36E-09,1
6.62E-12,1
1.50E-11,1
2.95E-09,1
1.71E-05,0.99998295
3.23E-12,1
1.21E-11,1
1.90E-06,0.9999981
0.000100719,0.99989927
1.94E-07,0.99999976
1.51E-07,0.9999999
2.94E-08,1
1.17E-05,0.9999883
5.00E-09,1
1.43E-06,0.99999857
2.11E-08,1
0.000130444,0.9998696
3.95E-07,0.99999964
5.20E-07,0.9999995
4.34E-08,1
0.000340265,0.9996598
2.90E-08,1
5.47E-08,1
1.20E-05,0.99998796
0.003615436,0.9963845
3.44E-07,0.99999964
8.90E-07,0.99999917
3.29E-06,0.99999666
0.000258808,0.99974114
2.66E-08,1
4.25E-07,0.9999995
8.24E-07,0.99999917
2.88E-05,0.99997115
1.30E-09,1
1.86E-07,0.99999976
4.03E-06,0.99999595
1.08E-05,0.9999893
6.62E-13,1
2.57E-10,1
1.66E-11,1
2.93E-13,1
8.82E-16,1
1.66E-09,1
4.69E-07,0.9999995
6.71E-05,0.9999329
6.68E-08,0.9999999
3.88E-07,0.99999964
1.45E-06,0.99999857
3.20E-06,0.9999968
9.20E-11,1
1.76E-09,1
1.69E-05,0.9999831
1.48E-05,0.9999852
8.14E-09,1
6.02E-06,0.9999939
6.50E-07,0.9999994
9.35E-07,0.99999905
2.62E-08,1
1.42E-07,0.9999999
6.92E-06,0.9999931
7.60E-05,0.99992394
3.18E-07,0.99999964
0.000129548,0.9998704
7.07E-05,0.9999293
0.000365411,0.9996346
2.96E-06,0.999997
6.10E-05,0.99993896
0.00013334,0.9998666
0.001739064,0.9982609
0.000197561,0.9998024
2.04E-07,0.99999976
1.13E-10,1
9.46E-09,1
3.55E-08,1
1.28E-06,0.9999987
7.39E-05,0.9999261
0.000831913,0.99916816
0.000704638,0.99929535
0.006919739,0.9930803
3.65E-10,1
7.75E-13,1
1.42E-13,1
1.38E-12,1
3.97E-14,1
1.14E-17,1
4.51E-16,1
8.35E-12,1
1.60E-05,0.999984
0.000136484,0.9998635
1.68E-10,1
9.07E-07,0.99999905
3.96E-06,0.99999607
2.58E-07,0.99999976
3.62E-12,1
1.35E-08,1
3.05E-08,1
2.75E-05,0.99997246
0.000662032,0.999338
1.04E-07,0.9999999
0.002630084,0.9973699
0.000460427,0.9995396
5.82E-07,0.9999994
8.64E-12,1
3.68E-08,1
2.97E-09,1
8.26E-12,1
3.48E-10,1
2.90E-06,0.99999714
9.61E-06,0.99999034
0.000807421,0.99919254
2.21E-05,0.9999778
8.03E-05,0.99991965
0.000959243,0.9990408
1.53E-06,0.99999845
8.83E-05,0.9999118
0.000305518,0.99969447
0.012690775,0.9873093
0.000118021,0.999882
0.000663363,0.99933666
0.000144649,0.9998553
0.022244487,0.9777555
7.67E-06,0.9999924
0.000411571,0.99958843
0.000162478,0.9998375
0.000324636,0.9996754
7.35E-07,0.9999993
0.004184813,0.9958152
0.008121055,0.991879
0.25918403,0.74081594
9.19E-07,0.99999905
9.97E-06,0.99999
6.11E-05,0.99993885
0.000291681,0.99970824
0.000178213,0.99982184
0.000129854,0.9998702
0.00867389,0.99132603
0.025569769,0.97443026
5.69E-06,0.9999943
0.005020107,0.9949799
0.011305101,0.98869497
0.018611874,0.9813881
5.25E-07,0.9999995
0.011414071,0.9885859
0.29317087,0.70682913
0.9004006,0.099599406
0.038480964,0.961519
0.41445747,0.58554256
0.06452955,0.93547046
0.25326633,0.7467337
0.000936205,0.9990638
4.72E-05,0.9999528
0.002107765,0.9978922
0.007106891,0.99289304
7.85E-05,0.99992144
2.68E-05,0.9999732
3.77E-05,0.99996233
8.84E-05,0.99991155
1.01E-05,0.99998987
3.63E-06,0.9999964
0.000295685,0.9997043
0.004226708,0.99577326
1.59E-05,0.99998415
2.50E-05,0.9999751
7.00E-06,0.99999297
0.003681915,0.9963181
1.43E-05,0.9999857
7.94E-06,0.999992
1.54E-06,0.99999845
5.02E-06,0.999995
6.58E-09,1
2.63E-07,0.99999976
1.26E-07,0.9999999
5.20E-06,0.99999475
2.22E-09,1
6.61E-07,0.9999993
7.76E-05,0.9999224
0.002649284,0.9973507
1.17E-06,0.9999988
0.000671893,0.99932814
0.000132203,0.9998678
0.000786516,0.99921346
1.20E-05,0.99998796
0.000772658,0.9992273
0.000755259,0.9992448
0.07861074,0.9213893
9.33E-06,0.9999907
0.028892761,0.97110724
0.20915306,0.7908469
1.93E-06,0.9999981
2.48E-09,1
9.35E-08,0.9999999
1.16E-05,0.99998844
0.000326433,0.9996736
2.80E-05,0.999972
0.001472969,0.99852705
0.007438336,0.99256164
0.011773559,0.9882265
7.12E-06,0.99999285
0.002785434,0.9972146
0.005512426,0.9944876
0.011755509,0.98824453
1.40E-07,0.9999999
8.05E-05,0.9999194
0.002553183,0.9974469
0.005538693,0.9944613
4.19E-06,0.9999958
1.88E-05,0.99998116
0.000108811,0.99989116
0.000311542,0.9996885
2.31E-06,0.99999774
0.002469322,0.99753076
0.051976014,0.948024
0.2366319,0.7633681
0.0015997,0.9984003
0.001663421,0.99833655
0.24098682,0.75901324
0.4932248,0.5067752
0.000580006,0.99942005
4.22E-11,1
4.97E-07,0.9999995
1.03E-07,0.9999999
2.33E-10,1
1.95E-06,0.9999981
0.000155388,0.99984455
0.004003796,0.99599624
0.001465439,0.99853456
1.25E-06,0.9999988
3.58E-07,0.99999964
8.43E-06,0.99999154
1.08E-06,0.9999989
0.043266866,0.9567331
0.4110381,0.5889619
0.7548775,0.24512249
0.021422444,0.9785776
0.001338024,0.998662
0.010678408,0.9893216
0.19527474,0.8047252
3.49E-05,0.9999652
0.08753973,0.9124603
0.002776277,0.99722373
0.012105676,0.98789436
0.009529441,0.9904705
0.000251851,0.9997482
4.33E-05,0.9999567
1.85E-07,0.99999976
8.77E-08,0.9999999
1.58E-08,1
4.66E-09,1
5.04E-08,1
3.28E-06,0.99999666
0.000324349,0.99967563
6.33E-06,0.9999937
2.10E-06,0.99999785
9.26E-07,0.99999905
2.53E-06,0.9999975
0.000182597,0.99981743
0.002050164,0.9979499
1.43E-07,0.9999999
2.61E-08,1
1.81E-05,0.9999819
1.61E-05,0.9999839
1.13E-05,0.9999888
0.000274357,0.99972564
0.000240321,0.99975973
0.004828422,0.9951716
2.50E-06,0.9999975
0.000154106,0.99984586
8.06E-05,0.9999194
0.006637977,0.99336207
4.50E-05,0.99995494
3.29E-09,1
3.35E-17,1
1.17E-13,1
3.19E-09,1
9.78E-06,0.9999902
0.000312693,0.9996873
0.000136848,0.99986315
1.45E-06,0.99999857
8.04E-12,1
0.022440292,0.9775597
0.38253903,0.6174609
9.54E-05,0.99990463
0.001099759,0.9989002
3.61E-06,0.9999964
1.78E-07,0.9999999
9.89E-10,1
1.20E-09,1
6.66E-08,0.9999999
1.96E-06,0.9999981
4.96E-07,0.9999995
1.66E-07,0.9999999
4.33E-06,0.9999957
2.67E-07,0.99999976
5.27E-11,1
2.51E-06,0.9999975
0.00016956,0.99983037
0.00528041,0.9947196
0.000537716,0.9994623
0.000158183,0.9998418
2.62E-06,0.9999974
5.20E-05,0.999948
5.88E-05,0.99994123
0.000201361,0.9997987
0.012662279,0.9873377
0.003857289,0.9961427
2.98E-07,0.99999976
5.83E-06,0.99999416
0.002339637,0.9976604
0.035431746,0.96456826
7.79E-07,0.99999917
0.000420993,0.999579
0.039931007,0.96006906
0.8886635,0.11133649
8.88E-05,0.9999112
0.006226719,0.9937733
0.000197014,0.999803
0.00037094,0.999629
1.06E-06,0.9999989
1.10E-13,1
1.77E-05,0.99998224
0.000427997,0.999572
0.005785126,0.99421483
0.002612755,0.99738723
0.000293982,0.999706
0.007949832,0.99205023
4.90E-05,0.999951
0.000719332,0.99928063
0.004985715,0.99501425
0.00461427,0.9953857
1.08E-05,0.99998915
0.000322508,0.99967754
0.000576648,0.9994234
0.016147183,0.98385286
0.001559165,0.9984408
4.15E-05,0.9999585
0.004125471,0.9958746
0.06670085,0.9332991
0.001171847,0.9988281
0.003833421,0.9961665
0.005090421,0.9949096
0.102843344,0.8971566
6.20E-05,0.999938
0.045636695,0.9543633
0.019307273,0.9806927
0.06723068,0.9327693
3.50E-06,0.99999654
2.47E-06,0.9999975
0.000694476,0.9993055
0.004742125,0.9952579
2.52E-08,1
1.18E-05,0.9999882
2.18E-05,0.9999782
0.000517083,0.99948287
4.11E-06,0.9999958
0.029240804,0.9707592
6.91E-07,0.9999993
1.17E-11,1
4.66E-11,1
5.06E-08,1
0.006956044,0.99304396
0.008146815,0.9918532
0.000205739,0.9997943
1.02E-05,0.99998975
0.000899185,0.9991008
0.000885422,0.9991146
0.000133785,0.99986625
0.001520557,0.9984794
1.80E-05,0.999982
0.002792796,0.9972072
2.07E-06,0.999998
0.003886224,0.9961138
0.000940252,0.99905974
0.09260419,0.90739584
2.59E-05,0.999974
0.005920129,0.9940799
0.001636381,0.9983637
0.002540029,0.99745995
3.50E-06,0.99999654
0.002281665,0.99771833
9.03E-05,0.99990964
0.000181507,0.9998185
3.89E-08,1
2.84E-06,0.99999714
1.41E-09,1
2.25E-06,0.99999774
1.75E-10,1
9.41E-08,0.9999999
6.96E-05,0.9999304
0.000954538,0.99904543
3.74E-05,0.99996257
2.83E-06,0.99999714
4.66E-10,1
2.30E-06,0.99999774
9.63E-07,0.99999905
3.78E-06,0.9999962
0.00046499,0.9995351
4.60E-05,0.999954
2.38E-05,0.99997616
1.15E-07,0.9999999
6.31E-06,0.9999937
8.23E-06,0.9999918
5.00E-07,0.9999995
8.24E-06,0.9999918
0.000306488,0.9996935
2.24E-07,0.99999976
1.28E-07,0.9999999
4.98E-07,0.9999995
0.000407281,0.9995927
0.017276132,0.9827239
6.79E-05,0.99993205
1.59E-09,1
2.62E-08,1
3.78E-09,1
3.14E-08,1
1.81E-07,0.99999976
0.000853973,0.999146
0.013601258,0.9863987
0.002921717,0.9970783
0.011006711,0.9889932
0.073440045,0.92656
0.035621434,0.96437854
0.016113507,0.9838864
0.002439279,0.99756074
0.6100074,0.38999256
0.9846666,0.015333429
0.06891119,0.93108875
0.025638886,0.9743611
0.8578618,0.1421382
0.89057064,0.10942939
0.000119003,0.999881
0.16476332,0.8352367
2.74E-10,1
2.89E-07,0.99999976
8.14E-11,1
1.37E-09,1
4.82E-12,1
2.43E-07,0.99999976
5.15E-09,1
5.09E-09,1
0.003484514,0.9965155
3.12E-05,0.99996877
5.02E-10,1
6.00E-08,0.9999999
0.008724744,0.9912752
0.19280069,0.8071993
0.00010252,0.9998975
0.004593493,0.9954065
0.001577434,0.9984226
0.003300628,0.9966994
2.33E-07,0.99999976
1.70E-05,0.9999831
1.09E-05,0.99998915
1.64E-07,0.9999999
1.18E-10,1
2.43E-07,0.99999976
0.9849973,0.015002736
0.9999442,5.58E-05
0.2245516,0.7754484
0.35101792,0.6489821
0.9933581,0.006641874
0.9997042,0.000295825
0.008475243,0.99152476
0.03281328,0.96718675
0.916559,0.08344099
0.3083597,0.6916403
0.000126494,0.9998735
0.020150153,0.9798498
0.025154946,0.97484505
0.12506537,0.8749346
6.99E-05,0.99993014
0.035162214,0.96483773
5.27E-05,0.9999473
0.015219222,0.9847808
4.51E-06,0.99999547
0.002116242,0.99788374
2.64E-05,0.99997354
0.000640364,0.99935967
6.47E-06,0.99999356
0.002875162,0.99712485
0.012806502,0.9871935
0.002995753,0.9970042
1.34E-06,0.9999987
2.20E-15,1
2.64E-06,0.9999974
5.88E-05,0.99994123
8.39E-08,0.9999999
4.77E-06,0.99999523
8.76E-05,0.9999124
0.001792792,0.9982072
7.72E-08,0.9999999
4.31E-05,0.99995685
7.39E-05,0.9999261
9.05E-05,0.9999095
6.27E-08,0.9999999
6.68E-06,0.9999933
8.34E-06,0.99999166
1.34E-05,0.9999865
4.03E-08,1
2.95E-05,0.99997056
0.00143307,0.9985669
0.003357366,0.9966426
3.28E-06,0.99999666
0.000455297,0.9995447
0.016788581,0.9832114
0.055936597,0.9440635
1.74E-06,0.9999982
1.80E-05,0.999982
0.08671703,0.91328293
0.28889018,0.71110976
0.000463424,0.99953663
0.002692677,0.9973073
0.5101569,0.48984313
0.5699507,0.4300493
0.000405173,0.99959487
0.00789861,0.9921014
0.21672638,0.7832736
0.001724333,0.99827564
2.77E-09,1
3.58E-12,1
4.77E-06,0.99999523
0.05019103,0.94980896
7.02E-05,0.9999298
0.000946482,0.99905354
0.007408749,0.99259126
2.22E-05,0.9999778
6.18E-07,0.9999994
2.13E-05,0.99997866
0.07734978,0.9226503
0.12920445,0.87079555
9.25E-07,0.99999905
1.33E-05,0.99998665
0.008875196,0.9911248
0.009837368,0.9901626
1.23E-06,0.9999988
4.02E-06,0.99999595
0.011492227,0.98850775
0.039174,0.96082604
3.63E-06,0.9999964
2.51E-05,0.99997485
3.88E-05,0.99996114
0.000622974,0.9993771
1.86E-07,0.99999976
5.64E-05,0.9999436
0.017909173,0.9820908
0.000528936,0.9994711
2.67E-06,0.9999974
1.72E-05,0.99998283
0.00073181,0.99926823
0.000545531,0.99945444
7.73E-05,0.99992263
0.025506236,0.97449374
0.031509332,0.96849066
0.005865361,0.9941347
3.63E-09,1
0,1
6.29E-07,0.9999994
1.13E-06,0.9999989
1.32E-09,1
1.09E-10,1
0.25680184,0.7431981
0.8070954,0.19290465
0.001603317,0.9983967
0.04916982,0.95083016
0.23173107,0.7682689
0.21248421,0.7875158
3.02E-06,0.999997
0.004664955,0.99533504
0.9953092,0.004690866
0.98572713,0.014272854
0.014772271,0.9852277
0.03608293,0.9639171
0.921588,0.078412026
0.001540353,0.9984597
8.16E-07,0.99999917
0.000161337,0.9998386
0.001139229,0.99886084
0.09284214,0.9071578
8.89E-07,0.99999917
1.58E-14,1
0.000369723,0.9996302
7.79E-05,0.99992204
5.74E-16,1
4.95E-16,1
1.43E-05,0.9999857
0.000129061,0.9998709
4.34E-09,1
6.09E-08,0.9999999
9.90E-08,0.9999999
2.59E-05,0.999974
2.24E-09,1
1.17E-08,1
2.11E-07,0.99999976
4.02E-05,0.9999598
1.20E-11,1
4.62E-08,1
2.65E-07,0.99999976
1.99E-05,0.9999801
1.94E-10,1
4.13E-11,1
7.16E-13,1
9.67E-11,1
2.44E-11,1
1.44E-12,1
5.78E-11,1
3.20E-07,0.99999964
2.17E-11,1
1.27E-12,1
8.96E-09,1
3.71E-07,0.99999964
2.11E-08,1
1.68E-07,0.9999999
0.015967721,0.98403233
0.000300921,0.9996991
1.08E-05,0.9999893
3.38E-05,0.99996614
0.028143296,0.97185665
2.30E-05,0.999977
1.52E-06,0.99999845
3.23E-07,0.99999964
0.00168923,0.9983108
0.010489621,0.9895104
5.49E-06,0.9999945
1.50E-08,1
7.78E-06,0.99999225
0.000214796,0.99978524
1.04E-07,0.9999999
7.47E-07,0.9999993
4.93E-05,0.99995077
3.16E-05,0.9999684
1.25E-08,1
9.27E-07,0.99999905
1.68E-05,0.9999832
0.00010348,0.9998965
2.45E-05,0.99997556
1.17E-05,0.9999883
3.13E-05,0.99996865
0.000281904,0.9997181
1.79E-07,0.99999976
2.31E-08,1
0.000130517,0.99986947
4.18E-05,0.99995816
1.21E-06,0.9999988
1.27E-07,0.9999999
1.80E-07,0.99999976
5.99E-08,0.9999999
6.72E-09,1
8.97E-09,1
2.51E-08,1
7.90E-08,0.9999999
1.42E-08,1
4.72E-08,1
4.28E-09,1
6.07E-07,0.9999994
5.26E-15,1
2.16E-09,1
1.43E-07,0.9999999
6.08E-08,0.9999999
8.23E-09,1
2.05E-10,1
2.04E-07,0.99999976
4.30E-06,0.9999957
5.87E-06,0.99999416
1.17E-05,0.9999883
8.41E-05,0.99991584
1.64E-05,0.99998367
1.72E-08,1
1.28E-08,1
1.25E-06,0.9999988
6.39E-05,0.9999361
2.05E-06,0.999998
7.52E-09,1
8.41E-07,0.99999917
1.42E-08,1
6.79E-07,0.9999993
1.23E-08,1
7.89E-05,0.9999211
3.52E-07,0.99999964
4.65E-12,1
5.15E-09,1
4.05E-08,1
1.39E-05,0.99998605
3.55E-06,0.9999964
2.66E-11,1
4.91E-07,0.9999995
0.000111824,0.9998882
3.16E-06,0.9999968
1.82E-10,1
1.73E-07,0.9999999
3.74E-06,0.9999963
3.14E-07,0.99999964
7.44E-11,1
2.31E-08,1
2.23E-06,0.99999774
1.65E-07,0.9999999
3.42E-15,1
9.23E-08,0.9999999
1.01E-06,0.9999989
5.05E-09,1
3.64E-10,1
1.67E-08,1
1.93E-06,0.9999981
4.20E-07,0.9999995
6.62E-14,1
8.93E-07,0.99999917
9.29E-07,0.99999905
3.26E-07,0.99999964
1.63E-12,1
4.74E-07,0.9999995
2.82E-06,0.99999714
3.11E-07,0.99999964
3.91E-11,1
7.37E-08,0.9999999
2.80E-06,0.99999714
7.69E-07,0.9999993
3.47E-11,1
1.46E-07,0.9999999
2.59E-08,1
6.33E-09,1
1.52E-11,1
7.22E-10,1
1.63E-11,1
2.51E-09,1
1.58E-11,1
1.86E-12,1
1.09E-10,1
2.59E-10,1
3.37E-13,1
3.06E-10,1
3.17E-11,1
6.42E-10,1
4.52E-14,1
3.96E-11,1
3.92E-12,1
2.95E-13,1
2.14E-09,1
0.000389112,0.99961096
0.000143066,0.99985695
5.53E-07,0.9999994
1.16E-06,0.9999988
2.15E-05,0.99997854
3.04E-07,0.99999964
2.11E-07,0.99999976
1.03E-06,0.9999989
1.74E-05,0.9999826
1.75E-07,0.9999999
1.66E-08,1
8.77E-10,1
2.20E-05,0.99997807
7.75E-07,0.9999993
2.58E-07,0.99999976
1.18E-09,1
1.65E-07,0.9999999
5.58E-08,1
4.05E-10,1
2.33E-10,1
3.17E-09,1
1.39E-06,0.99999857
4.07E-08,1
1.70E-06,0.99999833
8.75E-07,0.99999917
6.12E-06,0.9999939
1.25E-06,0.9999988
8.37E-07,0.99999917
1.72E-05,0.99998283
3.79E-07,0.99999964
2.92E-07,0.99999976
1.35E-07,0.9999999
0.000168826,0.9998312
1.12E-05,0.9999888
6.18E-07,0.9999994
3.97E-07,0.99999964
3.25E-08,1
1.64E-05,0.99998367
8.94E-07,0.99999905
8.56E-06,0.9999914
1.95E-06,0.9999981
2.90E-06,0.99999714
6.07E-09,1
2.15E-07,0.99999976
0.001401602,0.9985984
0.00026974,0.9997303
1.38E-07,0.9999999
5.91E-08,1
3.68E-05,0.99996316
2.30E-05,0.999977
8.85E-09,1
6.49E-08,0.9999999
5.98E-07,0.9999994
8.76E-08,0.9999999
2.28E-08,1
3.50E-09,1
2.70E-10,1
1.55E-08,1
3.80E-08,1
6.99E-08,0.9999999
7.63E-07,0.9999993
3.10E-05,0.999969
2.11E-06,0.99999785
1.70E-07,0.9999999
3.85E-07,0.99999964
3.23E-06,0.9999968
1.55E-06,0.99999845
8.93E-08,0.9999999
4.02E-06,0.99999595
5.94E-06,0.99999404
3.18E-08,1
1.36E-09,1
3.25E-06,0.9999968
4.90E-09,1
4.83E-08,1
9.38E-10,1
5.08E-09,1
5.93E-05,0.99994075
1.57E-07,0.9999999
5.19E-09,1
4.54E-07,0.9999995
1.62E-08,1
2.86E-06,0.99999714
2.00E-07,0.99999976
6.64E-06,0.9999933
2.12E-08,1
7.76E-07,0.99999917
3.25E-08,1
5.11E-05,0.99994886
7.55E-07,0.9999993
3.71E-07,0.99999964
8.75E-09,1
1.35E-06,0.9999987
9.44E-06,0.9999906
4.14E-07,0.99999964
3.29E-08,1
0.000195628,0.99980444
3.97E-05,0.9999603
3.52E-07,0.99999964
9.24E-08,0.9999999
0.000248218,0.99975175
8.12E-05,0.9999188
5.27E-09,1
4.80E-09,1
5.07E-06,0.9999949
1.98E-07,0.99999976
1.29E-09,1
4.07E-10,1
5.88E-05,0.99994123
2.09E-05,0.99997914
3.40E-07,0.99999964
1.77E-07,0.9999999
2.19E-05,0.99997807
0.008205836,0.99179417
1.33E-06,0.9999987
1.53E-07,0.9999999
5.46E-05,0.9999454
0.000111499,0.99988854
6.75E-07,0.9999993
5.13E-08,1
1.32E-05,0.99998677
0.000412208,0.99958783
3.38E-07,0.99999964
4.55E-10,1
8.81E-06,0.9999912
0.001219546,0.9987804
1.62E-07,0.9999999
9.78E-10,1
3.00E-06,0.999997
0.00050232,0.99949765
2.79E-07,0.99999976
2.34E-08,1
3.41E-05,0.9999659
8.31E-05,0.9999169
5.25E-08,1
6.08E-08,0.9999999
2.50E-06,0.9999975
3.22E-06,0.9999968
1.94E-08,1
4.06E-10,1
1.06E-05,0.9999894
1.07E-06,0.9999989
1.07E-08,1
1.36E-08,1
1.44E-05,0.9999856
1.58E-06,0.99999845
5.56E-08,1
1.16E-08,1
1.38E-05,0.9999862
2.55E-05,0.9999745
1.10E-07,0.9999999
7.77E-08,0.9999999
1.35E-05,0.9999865
3.65E-07,0.99999964
2.65E-08,1
4.25E-09,1
2.43E-07,0.99999976
3.77E-07,0.99999964
7.62E-06,0.9999924
1.92E-08,1
3.81E-06,0.9999962
1.03E-05,0.99998975
6.23E-05,0.99993765
3.79E-07,0.99999964
2.84E-07,0.99999976
1.64E-06,0.99999833
1.85E-07,0.99999976
6.88E-09,1
1.07E-10,1
4.79E-07,0.9999995
1.19E-07,0.9999999
5.28E-09,1
2.03E-07,0.99999976
5.62E-05,0.99994385
1.70E-09,1
2.94E-09,1
1.14E-07,0.9999999
1.43E-07,0.9999999
4.27E-10,1
5.54E-09,1
6.29E-10,1
2.61E-07,0.99999976
3.61E-19,1
9.22E-08,0.9999999
8.83E-08,0.9999999
1.19E-06,0.9999988
1.64E-10,1
4.71E-09,1
2.05E-05,0.9999795
7.80E-07,0.99999917
1.09E-10,1
2.91E-08,1
1.12E-07,0.9999999
7.54E-07,0.9999993
6.12E-08,0.9999999
1.07E-07,0.9999999
6.14E-05,0.9999386
5.39E-05,0.9999461
2.08E-06,0.999998
6.84E-07,0.9999993
8.83E-06,0.9999912
0.000356077,0.9996439
9.94E-06,0.9999901
2.02E-06,0.999998
1.53E-05,0.99998474
0.001008548,0.99899143
2.15E-05,0.9999784
3.21E-07,0.99999964
3.25E-06,0.9999968
0.000170155,0.99982977
1.86E-06,0.9999981
4.53E-07,0.9999995
2.39E-07,0.99999976
9.85E-06,0.9999901
2.86E-07,0.99999976
1.18E-08,1
1.33E-08,1
5.42E-09,1
9.90E-10,1
2.88E-10,1
1.29E-08,1
4.38E-09,1
2.41E-16,1
8.09E-13,1
3.23E-09,1
4.06E-10,1
7.71E-14,1
1.25E-11,1
3.54E-11,1
2.04E-07,0.99999976
5.74E-11,1
1.98E-11,1
1.11E-06,0.9999989
0.000202639,0.9997974
4.41E-09,1
1.66E-08,1
2.43E-05,0.9999757
1.19E-05,0.9999881
1.97E-09,1
6.20E-10,1
1.89E-08,1
7.05E-07,0.9999993
2.15E-08,1
1.06E-09,1
5.80E-07,0.9999994
6.41E-06,0.99999356
1.46E-08,1
3.70E-06,0.9999963
8.17E-05,0.9999182
8.92E-05,0.9999107
1.55E-07,0.9999999
2.01E-08,1
3.27E-05,0.9999672
0.004866466,0.99513346
6.31E-07,0.9999994
3.96E-08,1
2.39E-05,0.99997604
0.000257945,0.9997421
2.68E-06,0.9999974
3.59E-08,1
8.80E-08,0.9999999
1.38E-05,0.9999863
3.95E-07,0.99999964
2.87E-09,1
1.70E-08,1
1.07E-06,0.9999989
7.92E-08,0.9999999
1.94E-09,1
3.57E-09,1
1.23E-06,0.9999988
1.37E-08,1
3.24E-10,1
3.16E-05,0.9999684
3.77E-05,0.99996233
1.22E-09,1
3.11E-12,1
1.36E-08,1
2.39E-08,1
1.72E-17,1
2.28E-16,1
1.54E-09,1
5.40E-07,0.9999994
1.33E-10,1
2.55E-12,1
4.71E-06,0.99999535
1.69E-06,0.99999833
2.10E-10,1
1.06E-14,1
2.02E-09,1
5.79E-08,1
7.03E-10,1
7.70E-14,1
1.97E-07,0.99999976
0.00017728,0.9998228
4.46E-06,0.9999956
4.67E-08,1
7.84E-10,1
1.02E-05,0.99998987
1.49E-07,0.9999999
9.35E-09,1
1.28E-07,0.9999999
5.07E-05,0.99994934
1.54E-07,0.9999999
4.23E-08,1
4.81E-08,1
1.65E-05,0.99998355
8.62E-07,0.99999917
2.02E-08,1
4.35E-07,0.9999995
9.15E-07,0.99999905
2.80E-08,1
1.16E-12,1
1.17E-09,1
5.55E-09,1
1.55E-09,1
1.79E-12,1
2.89E-11,1
5.14E-09,1
3.20E-13,1
6.01E-17,1
1.30E-09,1
3.49E-05,0.9999651
2.29E-08,1
2.35E-16,1
4.80E-07,0.9999995
7.05E-05,0.9999294
1.49E-08,1
1.90E-11,1
1.81E-06,0.9999982
1.95E-06,0.9999981
2.06E-09,1
1.64E-11,1
1.67E-10,1
8.93E-11,1
8.20E-14,1
4.17E-11,1
1.08E-09,1
6.04E-12,1
1.47E-11,1
1.49E-10,1
1.03E-08,1
5.50E-06,0.9999945
4.26E-15,1
3.17E-13,1
8.37E-05,0.9999163
0.000120545,0.9998795
1.01E-06,0.99999905
7.50E-09,1
5.39E-05,0.9999461
0.000542927,0.99945706
8.61E-07,0.99999917
2.70E-09,1
1.89E-05,0.99998116
7.48E-06,0.9999925
4.40E-08,1
2.57E-08,1
9.86E-08,0.9999999
7.22E-06,0.9999927
1.46E-08,1
8.28E-10,1
1.20E-05,0.99998796
0.000660897,0.99933904
1.84E-09,1
9.52E-11,1
6.18E-06,0.9999938
6.28E-05,0.9999372
5.02E-09,1
1.22E-06,0.9999988
8.31E-07,0.99999917
0.000425764,0.99957424
1.29E-06,0.9999987
5.27E-06,0.99999475
0.000188986,0.999811
0.000236965,0.9997631
1.16E-05,0.9999883
1.75E-06,0.9999982
0.001346977,0.99865294
0.000174039,0.999826
4.44E-07,0.9999995
2.10E-10,1
3.26E-10,1
1.10E-07,0.9999999
2.56E-08,1
2.37E-11,1
1.83E-09,1
1.44E-07,0.9999999
8.77E-10,1
5.79E-14,1
2.20E-13,1
1.72E-12,1
2.88E-14,1
2.42E-20,1
2.62E-13,1
3.76E-14,1
3.69E-15,1
7.99E-16,1
1.22E-12,1
5.91E-10,1
2.44E-11,1
8.98E-13,1
2.43E-05,0.9999757
0.000338978,0.99966097
3.11E-06,0.9999969
1.60E-08,1
5.25E-09,1
2.91E-07,0.99999976
6.77E-12,1
4.99E-14,1
1.05E-05,0.9999895
0.000135276,0.9998647
9.42E-06,0.9999906
6.52E-07,0.9999994
9.45E-14,1
3.25E-05,0.99996746
1.08E-08,1
7.78E-09,1
5.16E-05,0.9999484
6.21E-05,0.9999379
3.20E-05,0.99996793
8.64E-06,0.9999914
1.85E-06,0.9999981
0.000148044,0.99985194
2.74E-05,0.9999726
1.06E-06,0.9999989
0.002998101,0.9970018
0.013440301,0.98655975
9.01E-07,0.99999905
0.001604592,0.9983954
5.01E-06,0.999995
0.000107213,0.99989283
0.000114887,0.9998851
4.28E-05,0.9999572
0.001177233,0.99882275
0.001459455,0.9985405
0.000284349,0.9997156
0.000305826,0.9996942
0.043954607,0.9560454
0.21222141,0.78777856
0.000976369,0.9990237
1.17E-06,0.9999988
2.14E-07,0.99999976
2.69E-08,1
1.50E-08,1
1.56E-08,1
1.34E-12,1
2.60E-10,1
2.00E-09,1
1.20E-07,0.9999999
5.80E-05,0.99994206
0.001448917,0.9985511
2.64E-06,0.9999974
8.49E-05,0.9999151
7.66E-05,0.99992347
0.00433616,0.9956638
4.32E-05,0.99995685
0.004596895,0.99540305
0.2452558,0.7547442
0.000673757,0.9993262
2.34E-12,1
1.65E-12,1
1.93E-11,1
5.61E-10,1
1.71E-10,1
6.26E-10,1
1.15E-08,1
4.53E-10,1
1.37E-11,1
5.24E-11,1
9.80E-09,1
6.44E-06,0.99999356
3.43E-07,0.99999964
2.70E-05,0.99997306
1.27E-05,0.99998724
0.004916101,0.99508387
0.000358811,0.9996412
0.00045583,0.9995441
1.04E-11,1
8.77E-07,0.99999917
1.16E-08,1
4.11E-08,1
9.88E-06,0.9999901
1.36E-05,0.9999864
3.13E-09,1
8.15E-08,0.9999999
5.51E-10,1
2.17E-08,1
1.42E-09,1
0.000100911,0.999899
0.000850057,0.9991499
0.016020892,0.9839791
3.70E-14,1
4.74E-15,1
9.32E-15,1
3.58E-09,1
5.94E-08,1
6.50E-06,0.99999344
5.75E-05,0.9999424
0.002850831,0.99714917
5.79E-06,0.99999416
6.08E-05,0.9999392
7.24E-07,0.9999993
4.68E-05,0.99995315
4.82E-07,0.9999995
1.15E-05,0.99998844
4.23E-06,0.9999958
5.21E-06,0.99999475
1.25E-09,1
4.29E-07,0.9999995
5.03E-06,0.999995
4.53E-05,0.9999547
4.24E-08,1
1.82E-07,0.99999976
0.016320819,0.98367923
1.39E-05,0.9999862
0.000485949,0.9995141
7.70E-05,0.999923
0.000137343,0.9998627
0.00150591,0.998494
0.000389316,0.9996107
0.002401099,0.99759895
0.015933635,0.98406637
0.003869314,0.9961307
0.000486123,0.99951386
0.005405751,0.9945943
0.021228323,0.9787717
0.057150587,0.94284946
0.006644769,0.9933553
0.02093251,0.97906744
0.007084531,0.9929155
0.000111605,0.9998884
1.71E-10,1
2.72E-08,1
0.00014135,0.9998586
1.13E-05,0.9999887
1.23E-07,0.9999999
3.77E-06,0.9999962
1.61E-06,0.99999833
2.09E-06,0.99999785
3.19E-06,0.9999968
5.39E-05,0.9999461
3.52E-05,0.99996483
0.005048819,0.99495125
5.60E-05,0.999944
5.56E-05,0.99994445
0.000495336,0.9995047
0.007228971,0.99277097
0.001398162,0.99860185
0.000138635,0.99986136
0.003636143,0.99636394
0.07711965,0.9228804
0.000337413,0.99966264
0.000113838,0.99988616
0.00203529,0.99796474
0.24321605,0.75678396
7.98E-05,0.9999201
0.001615078,0.99838495
0.011620877,0.9883791
0.4124448,0.5875552
0.001685727,0.99831426
0.00433085,0.9956691
0.02722162,0.9727783
0.1739925,0.8260075
0.006030283,0.9939697
1.42E-05,0.9999858
0.11001547,0.88998455
0.00534354,0.99465644
6.72E-08,0.9999999
4.24E-08,1
0.00342205,0.9965779
0.000156766,0.99984324
6.58E-06,0.99999344
0.000147052,0.9998529
9.22E-07,0.99999905
0.000391297,0.9996087
4.81E-05,0.99995184
0.02456488,0.9754351
0.58897835,0.4110216
0.5091624,0.49083757
9.04E-11,1
1.63E-11,1
1.50E-07,0.9999999
0.000157256,0.99984276
3.09E-05,0.9999691
9.74E-06,0.9999902
0.00013475,0.9998652
0.00133518,0.99866486
2.92E-06,0.999997
0.003269402,0.99673057
1.62E-05,0.9999838
0.000225616,0.9997744
0.000118946,0.999881
3.51E-06,0.99999654
1.32E-06,0.9999987
0.000128852,0.99987113
4.42E-05,0.9999558
0.000466546,0.99953353
5.77E-05,0.9999423
0.98862326,0.011376748
6.79E-06,0.9999932
2.66E-05,0.9999734
0.017979963,0.9820201
0.01367642,0.9863236
0.000146043,0.99985397
0.024515133,0.97548485
0.07025689,0.9297431
0.002364938,0.997635
3.06E-10,1
0.000297133,0.9997029
0.8608494,0.13915057
0.15375772,0.8462423
0.030402517,0.96959746
0.9629826,0.037017405
0.99222857,0.00777139
0.9337616,0.0662384
0.15353826,0.8464618
0.9195455,0.08045446
0.9122405,0.0877595
0.02194403,0.97805595
3.70E-11,1
4.97E-11,1
0,1
3.39E-35,1
2.02E-18,1
1.01E-06,0.99999905
2.11E-05,0.9999789
0.000163499,0.99983644
1.45E-05,0.99998546
7.73E-08,0.9999999
0.000561823,0.9994381
0.006725626,0.99327433
0.001896673,0.99810326
1.09E-05,0.99998915
7.13E-06,0.99999285
3.66E-05,0.9999634
7.33E-09,1
9.21E-08,0.9999999
0.000770915,0.9992291
0.7646953,0.23530468
4.95E-05,0.9999504
0.00052238,0.9994777
0.23031867,0.76968133
0.38006946,0.6199305
0.001304602,0.99869543
0.003795278,0.9962048
0.9998541,0.000145927
6.94E-05,0.9999306
4.15E-05,0.9999585
2.85E-06,0.99999714
0.005373361,0.9946266
0.009157656,0.99084234
3.61E-05,0.999964
0.0011332,0.9988668
6.72E-05,0.99993277
3.47E-05,0.9999653
5.00E-06,0.999995
2.77E-06,0.99999726
1.33E-05,0.99998677
6.80E-05,0.99993205
6.83E-07,0.9999993
6.30E-08,0.9999999
3.84E-06,0.9999962
0.001992345,0.9980077
5.04E-05,0.9999496
2.94E-05,0.99997056
8.18E-06,0.9999918
0.000114585,0.99988544
1.10E-06,0.9999989
0.005652735,0.9943473
0.004403024,0.99559695
0.025636882,0.97436315
1.66E-06,0.99999833
3.60E-10,1
7.50E-05,0.999925
0.00315644,0.9968436
0.000346911,0.9996531
0.000841667,0.9991584
1.06E-06,0.9999989
0.004632488,0.9953675
0.000883816,0.9991161
0.000483186,0.99951684
2.28E-05,0.9999771
0.00716502,0.99283504
0.000162661,0.9998373
0.001119531,0.99888045
0.002615692,0.99738425
0.051439073,0.9485609
0.03715539,0.96284455
0.42318958,0.5768104
0.09595877,0.9040413
0.32630202,0.67369795
0.000917995,0.99908197
5.38E-11,1
0.004069423,0.9959306
0.00044306,0.99955696
3.13E-09,1
3.77E-07,0.99999964
1.27E-06,0.9999987
4.70E-05,0.9999529
1.19E-05,0.9999881
0.002362261,0.99763775
1.68E-07,0.9999999
0.004747742,0.99525225
0.000375869,0.99962413
5.33E-05,0.9999467
4.94E-05,0.99995065
0.000740742,0.9992593
3.58E-05,0.99996424
0.041310005,0.9586899
0.020103866,0.9798962
0.013707208,0.98629284
3.30E-06,0.99999666
3.55E-10,1
3.27E-17,1
1.13E-09,1
3.74E-09,1
2.39E-12,1
1.52E-07,0.9999999
0.001082476,0.9989176
0.002285074,0.997715
0.00374353,0.9962565
2.27E-05,0.99997735
0.007066522,0.9929335
8.46E-06,0.99999154
0.002745509,0.99725455
0.00031012,0.99968994
0.000127775,0.9998722
1.56E-05,0.9999844
0.005348705,0.9946514
0.9773053,0.022694705
0.7726415,0.22735853
0.005767775,0.99423224
0.001603358,0.9983966
1.94E-05,0.99998057
0.000483306,0.9995167
0.000162137,0.9998379
4.33E-14,1
4.35E-10,1
6.31E-09,1
2.61E-08,1
8.75E-12,1
2.73E-06,0.99999726
0.000254507,0.9997454
1.69E-05,0.9999831
6.34E-07,0.9999994
2.37E-12,1
7.50E-09,1
1.79E-09,1
4.32E-09,1
1.35E-07,0.9999999
0.000417837,0.9995821
9.25E-05,0.9999075
4.52E-09,1
3.47E-08,1
5.12E-05,0.99994874
2.30E-05,0.999977
0.000590336,0.9994097
4.03E-05,0.9999597
0.001389285,0.99861073
1.60E-06,0.99999845
6.51E-10,1
1.12E-05,0.9999888
0.001664833,0.9983352
2.43E-05,0.9999758
0.000161619,0.99983835
1.92E-06,0.9999981
0.0010353,0.99896467
4.63E-05,0.9999536
0.000581825,0.99941814
0.011103442,0.9888966
0.004591058,0.99540895
8.25E-07,0.99999917
0.003999634,0.99600035
0.001683409,0.99831665
0.02493517,0.9750649
2.12E-06,0.99999785
0.02473683,0.9752632
0.005374888,0.99462515
0.006414732,0.9935853
8.80E-07,0.99999917
0.000386104,0.99961394
0.000169667,0.99983025
0.02740206,0.97259796
1.59E-06,0.99999845
2.08E-05,0.99997926
0.023725506,0.97627443
0.04200675,0.9579932
9.29E-05,0.99990714
0.000735301,0.99926466
0.00249308,0.9975069
0.2653017,0.73469836
0.00067064,0.9993293
0.000726555,0.9992735
0.4231089,0.57689106
0.055527266,0.9444728
2.19E-06,0.99999785
4.49E-06,0.99999547
1.09E-07,0.9999999
0.000199092,0.999801
5.30E-06,0.99999475
3.12E-05,0.99996877
7.98E-06,0.999992
0.000232639,0.99976736
5.52E-07,0.9999994
0.00066539,0.99933463
0.001536316,0.99846375
0.000792407,0.9992077
3.77E-06,0.9999962
0.000242159,0.9997578
0.002033129,0.9979668
0.017326998,0.98267305
2.91E-05,0.9999709
0.001242762,0.99875724
0.1700336,0.82996637
0.68470126,0.31529877
1.12E-05,0.9999888
7.49E-05,0.99992514
0.02421091,0.97578907
1.49E-18,1
0.000260766,0.9997392
1.01E-06,0.99999905
4.57E-12,1
2.04E-11,1
1.08E-09,1
8.11E-11,1
5.55E-06,0.9999944
6.37E-06,0.9999937
5.50E-10,1
4.60E-06,0.99999535
7.52E-08,0.9999999
0.000126539,0.9998734
1.78E-08,1
1.80E-06,0.9999982
4.42E-05,0.9999558
0.011612765,0.9883873
4.52E-10,1
9.32E-05,0.9999068
5.30E-06,0.99999475
0.003577133,0.9964228
4.65E-08,1
7.54E-05,0.99992454
8.68E-05,0.9999131
0.002489503,0.99751043
5.05E-05,0.99994946
0.000191109,0.99980897
0.000399578,0.99960047
0.03018417,0.9698158
0.000195977,0.9998041
0.018395634,0.98160434
0.65441215,0.34558788
0.058392815,0.9416072
2.52E-05,0.9999747
0.001036018,0.99896395
0.000618976,0.99938095
5.94E-07,0.9999994
3.05E-09,1
3.42E-09,1
0.000129377,0.99987066
0.009513442,0.99048656
4.01E-08,1
3.95E-09,1
6.67E-06,0.9999933
2.32E-05,0.99997675
1.10E-07,0.9999999
9.88E-09,1
6.24E-09,1
1.45E-07,0.9999999
1.53E-26,1
1.10E-18,1
1.02E-07,0.9999999
2.15E-07,0.99999976
6.71E-07,0.9999993
0.000242693,0.99975735
3.41E-10,1
1.14E-08,1
4.38E-07,0.9999995
1.12E-06,0.9999989
2.75E-07,0.99999976
2.37E-07,0.99999976
3.17E-10,1
2.51E-10,1
1.77E-05,0.99998236
3.90E-05,0.999961
3.42E-06,0.99999654
0.00023964,0.9997603
8.35E-05,0.99991643
0.005308566,0.99469143
4.24E-05,0.9999577
0.00047758,0.99952245
0.63330585,0.36669412
0.9688747,0.031125301
0.000151342,0.9998486
0.000103793,0.99989617
0.16346022,0.83653975
0.04598951,0.95401055
0.000870665,0.99912935
0.006221062,0.9937789
0.9974962,0.002503739
0.7692703,0.23072965
0.006655437,0.99334455
0.003248942,0.99675107
0.86687726,0.13312282
0.015026642,0.9849733
0.000615697,0.9993843
0.000270244,0.9997297
6.51E-09,1
3.47E-09,1
2.28E-14,1
8.42E-16,1
2.83E-10,1
3.34E-08,1
5.91E-10,1
3.69E-05,0.99996316
7.00E-07,0.9999993
0.000836765,0.99916327
5.73E-09,1
1.19E-06,0.9999988
0.058296107,0.9417039
6.07E-06,0.9999939
8.54E-08,0.9999999
1.60E-12,1
2.44E-05,0.99997556
0.000924385,0.99907565
3.06E-06,0.9999969
2.98E-08,1
4.72E-06,0.99999523
0.007823777,0.99217623
2.62E-05,0.9999738
0.000335907,0.99966407
0.005170747,0.99482924
0.000150786,0.9998492
1.38E-06,0.99999857
2.63E-06,0.9999974
0.03928454,0.9607155
0.7035248,0.2964752
0.025083004,0.974917
0.028508883,0.9714911
0.77389836,0.22610165
0.97407156,0.025928425
0.000368748,0.9996313
0,1
2.03E-19,1
3.18E-07,0.99999964
0.008602076,0.99139786
0.006357501,0.99364245
3.11E-16,1
0.001301682,0.99869823
5.31E-06,0.99999464
3.96E-10,1
3.61E-12,1
9.79E-07,0.99999905
5.73E-10,1
1.48E-16,1
5.30E-05,0.99994695
0.000156107,0.99984384
5.56E-09,1
2.12E-07,0.99999976
1.68E-06,0.99999833
0.000338891,0.9996611
6.77E-06,0.9999932
3.24E-05,0.9999676
6.30E-06,0.9999937
0.001219179,0.9987808
5.59E-06,0.9999944
2.97E-07,0.99999976
4.76E-07,0.9999995
4.73E-05,0.9999527
2.16E-05,0.9999784
7.92E-05,0.99992085
0.5468762,0.45312378
0.66004497,0.33995503
1.36E-05,0.9999864
1.76E-07,0.9999999
1.31E-05,0.9999869
0.011491742,0.9885083
5.60E-07,0.9999994
4.72E-13,1
1.10E-07,0.9999999
1.26E-05,0.9999875
5.06E-07,0.9999995
9.05E-07,0.99999905
0.23549835,0.76450163
0.06391696,0.936083
0.01981241,0.9801876
2.89E-05,0.99997115
0.001070116,0.9989299
0.002165083,0.997835
1.41E-06,0.99999857
0.000129146,0.9998709
0.001758722,0.9982413
0.003119352,0.99688065
0.000698893,0.9993011
1.48E-05,0.9999852
0.000240841,0.99975914
0.002165844,0.99783415
0.000219208,0.99978083
8.88E-07,0.99999917
0.000149384,0.99985063
0.001364876,0.9986351
2.66E-05,0.9999734
1.71E-06,0.99999833
0.000204591,0.9997954
0.000371953,0.99962807
1.19E-07,0.9999999
1.84E-09,1
4.47E-07,0.9999995
0.004413846,0.99558616
3.05E-06,0.9999969
0.003824789,0.99617517
0.003024141,0.9969759
0.004164623,0.9958354
4.75E-05,0.99995244
1.77E-05,0.99998224
5.58E-06,0.9999944
3.08E-05,0.9999691
1.21E-05,0.99998796
6.43E-08,0.9999999
0.000717833,0.9992822
0.029940963,0.97005904
2.56E-05,0.9999745
1.06E-07,0.9999999
2.01E-07,0.99999976
0.000492359,0.99950767
9.87E-07,0.99999905
9.56E-10,1
9.63E-09,1
7.33E-09,1
0.000136759,0.99986327
4.34E-05,0.9999566
3.05E-07,0.99999964
6.44E-06,0.99999356
4.41E-06,0.9999956
2.79E-05,0.9999721
0.00053269,0.9994673
0.005046819,0.9949531
0.000840221,0.9991598
0.000959252,0.99904066
0.26054147,0.7394585
0.013479165,0.9865209
0.005516178,0.99448377
0.000320757,0.9996792
0.000925774,0.9990742
3.73E-06,0.9999963
1.06E-09,1
5.19E-09,1
0.00032328,0.9996767
0.001355356,0.99864465
0.007261086,0.9927389
0.000233984,0.99976605
0.000832058,0.9991679
0.002517407,0.9974826
1.40E-05,0.99998593
1.19E-07,0.9999999
2.54E-08,1
2.94E-05,0.99997056
4.25E-07,0.9999995
3.81E-11,1
3.44E-09,1
2.89E-06,0.99999714
2.48E-06,0.9999975
1.10E-06,0.9999989
4.15E-05,0.9999585
2.90E-06,0.99999714
2.18E-14,1
3.77E-05,0.99996233
7.14E-07,0.9999993
2.15E-05,0.99997854
2.55E-09,1
2.54E-09,1
3.05E-10,1
1.30E-07,0.9999999
7.68E-12,1
1.70E-15,1
8.33E-09,1
3.16E-07,0.99999964
3.23E-09,1
4.51E-10,1
1.20E-05,0.99998796
0.02556396,0.97443604
2.09E-05,0.999979
2.02E-06,0.999998
3.81E-06,0.9999962
1.45E-06,0.99999857
6.73E-08,0.9999999
6.46E-08,0.9999999
2.68E-06,0.9999974
8.51E-05,0.9999149
0.000179105,0.9998209
4.55E-06,0.99999547
6.72E-06,0.9999933
0.04723705,0.95276296
0.000216079,0.99978393
4.00E-06,0.99999595
1.02E-05,0.99998987
0.010372209,0.98962784
1.67E-05,0.9999833
1.09E-07,0.9999999
1.94E-05,0.99998057
0.028523842,0.97147614
2.78E-05,0.9999722
4.93E-05,0.99995077
0.00112263,0.99887735
0.001493017,0.99850696
5.59E-07,0.9999994
1.22E-11,1
0.000121236,0.99987876
0.004382487,0.9956175
9.50E-07,0.99999905
8.86E-06,0.9999912
2.24E-05,0.9999777
0.00529395,0.9947061
1.97E-05,0.99998033
0.004542391,0.99545765
0.001975364,0.9980247
0.001869031,0.998131
1.36E-06,0.9999987
1.91E-07,0.99999976
7.50E-05,0.999925
0.003026881,0.99697316
0.000941214,0.9990588
3.42E-07,0.99999964
9.24E-05,0.9999076
0.000516726,0.9994832
0.000172605,0.9998274
2.88E-06,0.99999714
0.01264988,0.98735017
0.023753151,0.97624683
9.73E-06,0.9999902
6.13E-05,0.9999387
0.000641171,0.99935883
6.40E-06,0.99999356
1.16E-07,0.9999999
4.26E-08,1
6.64E-05,0.9999336
2.64E-08,1
1.51E-13,1
3.11E-07,0.99999964
8.04E-07,0.99999917
0.000113445,0.9998865
9.91E-07,0.99999905
2.85E-07,0.99999976
1.14E-05,0.9999887
0.000261481,0.9997385
3.44E-06,0.99999654
8.32E-08,0.9999999
2.37E-05,0.9999763
7.71E-05,0.9999229
5.75E-05,0.99994254
1.35E-06,0.9999987
0.000128215,0.99987173
9.10E-09,1
9.51E-11,1
3.45E-08,1
1.46E-06,0.99999857
2.00E-06,0.999998
2.64E-11,1
5.31E-10,1
1.73E-07,0.9999999
4.91E-06,0.9999951
3.01E-09,1
5.08E-08,1
2.38E-06,0.9999976
6.77E-07,0.9999993
1.30E-07,0.9999999
7.87E-09,1
3.51E-08,1
2.48E-09,1
4.32E-08,1
2.66E-10,1
2.27E-10,1
1.30E-06,0.9999987
3.57E-07,0.99999964
1.68E-07,0.9999999
7.86E-07,0.99999917
6.07E-05,0.9999392
1.13E-06,0.9999989
4.62E-06,0.99999535
6.39E-05,0.9999361
2.32E-06,0.99999774
2.24E-06,0.99999774
2.43E-05,0.9999757
6.24E-06,0.9999938
9.32E-07,0.99999905
3.81E-07,0.99999964
6.22E-08,0.9999999
2.30E-05,0.999977
6.50E-05,0.99993503
7.18E-05,0.9999281
4.32E-05,0.9999567
0.008251228,0.9917488
5.83E-05,0.9999417
4.28E-06,0.9999957
1.63E-06,0.99999833
0.000393358,0.99960667
4.71E-09,1
9.48E-09,1
1.22E-09,1
8.68E-06,0.9999913
1.35E-08,1
6.17E-07,0.9999994
2.25E-07,0.99999976
2.17E-06,0.99999785
1.80E-06,0.9999982
3.50E-06,0.99999654
8.18E-10,1
3.00E-09,1
2.34E-09,1
5.21E-08,1
3.95E-09,1
9.60E-10,1
2.00E-10,1
2.76E-11,1
6.10E-13,1
4.16E-07,0.99999964
3.49E-05,0.9999651
6.28E-07,0.9999994
1.15E-06,0.9999988
1.49E-05,0.9999851
1.03E-05,0.99998975
8.17E-07,0.99999917
2.38E-07,0.99999976
3.70E-07,0.99999964
2.92E-06,0.999997
1.23E-07,0.9999999
9.44E-08,0.9999999
7.91E-05,0.99992096
9.68E-06,0.99999034
1.40E-06,0.99999857
1.57E-06,0.99999845
3.06E-09,1
7.22E-07,0.9999993
7.33E-07,0.9999993
4.07E-07,0.99999964
1.13E-06,0.9999988
1.01E-05,0.99999
6.00E-06,0.99999404
3.36E-06,0.99999666
2.30E-05,0.999977
5.53E-05,0.9999447
6.86E-06,0.9999931
1.29E-06,0.9999987
0.000354082,0.99964595
1.96E-06,0.9999981
1.30E-07,0.9999999
4.36E-06,0.9999956
0.000767688,0.9992323
6.40E-05,0.999936
1.72E-06,0.99999833
3.46E-06,0.99999654
0.00022615,0.9997738
1.63E-06,0.99999833
5.13E-07,0.9999995
5.49E-07,0.9999994
0.000218266,0.9997818
3.89E-05,0.99996114
9.33E-08,0.9999999
1.63E-07,0.9999999
0.000140539,0.99985945
8.54E-07,0.99999917
1.18E-07,0.9999999
1.24E-07,0.9999999
4.38E-05,0.99995625
3.73E-08,1
2.89E-07,0.99999976
1.46E-07,0.9999999
4.84E-05,0.9999516
2.14E-06,0.99999785
1.01E-07,0.9999999
8.21E-09,1
0.000565541,0.9994344
0.000116765,0.9998832
3.97E-08,1
6.74E-08,0.9999999
0.000392733,0.99960726
0.000107121,0.99989283
9.34E-09,1
1.99E-08,1
0.000296372,0.9997036
0.000197979,0.99980205
4.11E-07,0.99999964
2.07E-05,0.99997926
0.002539627,0.99746037
7.88E-06,0.99999213
1.65E-07,0.9999999
4.84E-07,0.9999995
0.000186179,0.99981385
3.32E-05,0.99996686
3.58E-09,1
3.67E-09,1
4.81E-06,0.99999523
1.12E-06,0.9999989
5.54E-09,1
4.74E-07,0.9999995
2.27E-05,0.99997735
6.44E-05,0.9999356
1.91E-07,0.99999976
3.20E-07,0.99999964
1.59E-06,0.99999845
5.49E-08,1
2.99E-07,0.99999964
6.63E-07,0.9999993
2.05E-06,0.999998
1.04E-07,0.9999999
3.89E-08,1
3.97E-08,1
4.02E-07,0.99999964
1.72E-07,0.9999999
7.92E-08,0.9999999
9.59E-09,1
3.70E-07,0.99999964
1.03E-06,0.9999989
6.10E-08,0.9999999
1.47E-06,0.99999857
0.000315369,0.9996847
6.81E-05,0.99993193
5.71E-08,1
1.48E-09,1
1.03E-08,1
8.48E-09,1
3.32E-09,1
5.23E-13,1
2.03E-07,0.99999976
2.34E-07,0.99999976
4.63E-09,1
8.09E-10,1
2.84E-09,1
5.10E-07,0.9999995
1.37E-08,1
8.21E-10,1
7.19E-08,0.9999999
1.20E-05,0.99998796
1.15E-07,0.9999999
3.00E-07,0.99999964
0.000281482,0.9997185
3.70E-05,0.99996305
5.71E-06,0.9999943
4.41E-06,0.9999956
3.67E-05,0.9999633
4.69E-05,0.99995303
2.42E-07,0.99999976
5.82E-08,1
6.51E-06,0.99999344
7.04E-07,0.9999993
1.84E-08,1
3.97E-08,1
5.23E-06,0.99999475
0.0002471,0.99975294
4.21E-08,1
1.90E-06,0.9999981
1.13E-05,0.9999887
2.15E-05,0.99997854
4.33E-10,1
9.23E-08,0.9999999
4.63E-06,0.99999535
4.09E-05,0.9999591
4.23E-11,1
8.77E-08,0.9999999
4.78E-05,0.9999522
3.06E-05,0.99996936
7.49E-08,0.9999999
9.23E-07,0.99999905
5.37E-05,0.99994636
3.66E-05,0.9999634
1.20E-06,0.9999988
2.53E-06,0.9999975
4.37E-05,0.99995625
4.30E-05,0.9999571
4.04E-09,1
8.37E-08,0.9999999
3.14E-06,0.9999969
5.53E-07,0.9999994
9.34E-09,1
3.39E-09,1
9.17E-08,0.9999999
1.14E-06,0.9999988
3.34E-07,0.99999964
2.58E-08,1
2.62E-06,0.9999974
1.38E-05,0.9999863
8.89E-07,0.99999917
1.39E-06,0.99999857
4.61E-06,0.99999535
7.75E-07,0.99999917
2.84E-08,1
1.57E-07,0.9999999
2.51E-06,0.9999975
1.26E-06,0.9999987
9.58E-09,1
8.92E-07,0.99999917
1.13E-06,0.9999988
9.98E-05,0.9999002
8.96E-09,1
1.11E-07,0.9999999
3.24E-06,0.9999968
2.07E-06,0.999998
4.77E-08,1
3.76E-07,0.99999964
8.21E-07,0.99999917
0.000145866,0.9998541
4.57E-07,0.9999995
2.54E-07,0.99999976
1.48E-08,1
9.14E-07,0.99999905
1.80E-07,0.99999976
4.41E-07,0.9999995
5.57E-06,0.9999944
5.13E-05,0.99994874
8.24E-08,0.9999999
1.88E-06,0.9999981
2.51E-06,0.9999975
1.29E-06,0.9999987
4.80E-07,0.9999995
8.21E-07,0.99999917
1.03E-08,1
8.58E-07,0.99999917
8.42E-06,0.99999154
5.28E-07,0.9999995
2.49E-05,0.9999751
8.79E-08,0.9999999
3.71E-07,0.99999964
6.45E-07,0.9999994
0.001124717,0.9988753
0.000136622,0.9998634
5.96E-07,0.9999994
6.16E-07,0.9999994
2.49E-05,0.9999751
4.27E-06,0.9999957
2.53E-08,1
5.77E-09,1
0.000318993,0.999681
0.002316166,0.99768376
4.90E-06,0.9999951
4.57E-05,0.99995434
0.008600305,0.99139977
0.000285417,0.99971455
5.59E-07,0.9999994
2.07E-06,0.999998
0.000854044,0.999146
3.27E-05,0.9999672
5.16E-08,1
4.99E-07,0.9999995
0.001153246,0.99884677
0.001145571,0.9988544
7.38E-07,0.9999993
4.74E-06,0.99999523
0.02883268,0.97116727
0.000489802,0.99951017
1.13E-06,0.9999989
1.07E-06,0.9999989
0.001646779,0.99835324
0.000130662,0.99986935
1.32E-07,0.9999999
3.96E-07,0.99999964
1.93E-05,0.9999807
0.000165964,0.99983406
1.15E-06,0.9999988
1.31E-07,0.9999999
5.59E-06,0.9999944
9.58E-05,0.99990416
2.89E-06,0.99999714
7.61E-08,0.9999999
1.40E-07,0.9999999
2.16E-07,0.99999976
2.66E-07,0.99999976
6.55E-08,0.9999999
3.45E-07,0.99999964
3.34E-07,0.99999964
1.33E-07,0.9999999
1.24E-08,1
7.62E-10,1
2.82E-08,1
2.14E-09,1
1.07E-10,1
1.09E-07,0.9999999
6.97E-08,0.9999999
1.96E-11,1
5.13E-09,1
2.12E-06,0.99999785
8.83E-05,0.99991167
3.93E-09,1
3.19E-07,0.99999964
2.05E-08,1
1.43E-06,0.99999857
1.53E-08,1
3.26E-10,1
8.73E-07,0.99999917
1.49E-07,0.9999999
6.37E-09,1
2.03E-11,1
1.72E-08,1
1.74E-07,0.9999999
3.52E-09,1
5.89E-08,1
8.48E-07,0.99999917
7.52E-06,0.9999925
8.75E-08,0.9999999
1.64E-11,1
4.85E-08,1
8.11E-08,0.9999999
2.01E-07,0.99999976
6.53E-08,0.9999999
4.48E-06,0.99999547
5.33E-06,0.99999464
2.26E-06,0.99999774
9.18E-09,1
3.22E-06,0.9999968
2.23E-05,0.9999777
2.87E-08,1
3.75E-09,1
2.12E-07,0.99999976
1.18E-06,0.9999988
7.06E-08,0.9999999
1.12E-08,1
3.64E-05,0.99996364
2.34E-05,0.9999765
7.67E-08,0.9999999
5.70E-09,1
1.73E-07,0.9999999
3.63E-09,1
1.65E-08,1
9.90E-10,1
1.56E-06,0.99999845
5.76E-05,0.9999424
5.26E-06,0.99999475
2.26E-08,1
7.43E-08,0.9999999
8.90E-08,0.9999999
3.05E-07,0.99999964
9.24E-10,1
5.96E-13,1
1.30E-10,1
2.20E-09,1
3.98E-10,1
1.99E-09,1
7.19E-07,0.9999993
1.30E-06,0.9999987
9.72E-09,1
5.63E-07,0.9999994
2.94E-06,0.999997
1.04E-05,0.9999896
8.21E-08,0.9999999
4.69E-08,1
1.53E-07,0.9999999
1.79E-06,0.9999982
2.18E-09,1
7.47E-09,1
1.36E-07,0.9999999
4.02E-09,1
2.20E-11,1
2.67E-10,1
4.28E-09,1
2.58E-09,1
5.72E-13,1
8.08E-06,0.9999919
1.10E-06,0.9999989
1.09E-06,0.9999989
7.77E-09,1
4.92E-08,1
2.64E-07,0.99999976
1.02E-08,1
8.57E-10,1
1.56E-07,0.9999999
5.85E-06,0.99999416
1.49E-13,1
5.07E-08,1
1.34E-07,0.9999999
1.83E-05,0.99998164
5.96E-08,1
2.91E-05,0.9999709
6.14E-06,0.9999938
1.52E-05,0.99998474
3.48E-08,1
1.12E-10,1
1.93E-06,0.9999981
4.74E-05,0.9999527
1.03E-07,0.9999999
1.04E-08,1
4.33E-06,0.9999957
1.24E-05,0.9999876
1.04E-11,1
6.89E-09,1
5.72E-06,0.9999943
7.85E-05,0.99992156
2.93E-10,1
1.35E-10,1
8.21E-06,0.9999918
6.75E-07,0.9999993
2.10E-07,0.99999976
9.91E-07,0.99999905
1.08E-07,0.9999999
3.40E-05,0.999966
8.12E-06,0.9999919
1.02E-08,1
4.66E-07,0.9999995
4.62E-05,0.99995387
9.11E-08,0.9999999
1.09E-08,1
7.41E-10,1
9.57E-07,0.99999905
1.23E-07,0.9999999
8.43E-08,0.9999999
1.46E-07,0.9999999
8.07E-07,0.99999917
2.88E-07,0.99999976
1.31E-14,1
1.38E-12,1
1.25E-09,1
3.39E-12,1
1.14E-14,1
5.99E-09,1
5.06E-07,0.9999995
9.52E-09,1
1.52E-08,1
2.87E-06,0.99999714
3.25E-06,0.9999968
1.88E-07,0.99999976
2.76E-08,1
3.19E-05,0.99996805
0.001943931,0.99805605
4.51E-06,0.99999547
1.03E-06,0.9999989
1.05E-05,0.9999895
6.95E-05,0.9999305
6.78E-07,0.9999993
3.05E-06,0.9999969
5.21E-07,0.9999995
3.08E-06,0.9999969
9.94E-08,0.9999999
1.68E-11,1
6.65E-07,0.9999993
5.37E-05,0.99994636
6.67E-06,0.9999933
3.46E-07,0.99999964
6.91E-07,0.9999993
8.87E-05,0.9999113
3.56E-06,0.9999964
4.64E-06,0.99999535
1.45E-05,0.9999856
0.0011669,0.9988331
1.56E-05,0.9999844
1.13E-08,1
1.35E-05,0.9999865
0.00159925,0.99840075
2.91E-06,0.99999714
2.41E-08,1
1.01E-06,0.99999905
0.00072723,0.99927276
9.45E-08,0.9999999
4.79E-09,1
1.83E-06,0.9999982
1.04E-05,0.9999896
5.11E-07,0.9999995
8.13E-09,1
1.42E-11,1
9.43E-13,1
2.39E-14,1
4.99E-10,1
1.30E-06,0.9999987
6.27E-07,0.9999994
1.27E-09,1
1.19E-08,1
1.50E-06,0.99999845
8.93E-05,0.9999107
3.25E-07,0.99999964
3.52E-07,0.99999964
3.74E-07,0.99999964
1.01E-05,0.99998987
3.00E-08,1
2.02E-10,1
1.77E-08,1
7.67E-07,0.9999993
1.14E-07,0.9999999
9.34E-10,1
6.38E-07,0.9999994
4.27E-05,0.9999573
3.50E-08,1
1.87E-07,0.99999976
1.03E-07,0.9999999
5.57E-06,0.9999944
1.19E-09,1
1.91E-11,1
1.07E-08,1
2.26E-07,0.99999976
3.64E-09,1
2.05E-12,1
4.30E-08,1
2.28E-05,0.9999771
1.05E-08,1
7.73E-08,0.9999999
2.37E-06,0.9999976
2.87E-05,0.9999713
2.27E-07,0.99999976
1.99E-10,1
4.19E-06,0.9999958
8.63E-05,0.9999137
1.37E-07,0.9999999
3.10E-07,0.99999964
2.64E-06,0.9999974
1.48E-05,0.9999852
3.07E-07,0.99999964
1.57E-06,0.99999845
5.96E-06,0.99999404
3.55E-06,0.9999964
7.20E-07,0.9999993
4.11E-06,0.99999595
2.34E-08,1
2.63E-08,1
6.54E-09,1
4.31E-08,1
2.44E-05,0.99997556
6.00E-05,0.99994004
4.15E-12,1
1.81E-11,1
2.04E-05,0.9999796
9.21E-07,0.99999905
3.60E-12,1
8.51E-13,1
4.52E-09,1
3.66E-07,0.99999964
2.11E-10,1
1.75E-13,1
6.24E-08,0.9999999
7.80E-08,0.9999999
1.14E-10,1
2.19E-09,1
1.12E-05,0.9999888
0.000406168,0.9995938
3.04E-10,1
5.10E-06,0.9999949
0.001169602,0.9988304
0.08102925,0.91897076
3.05E-06,0.9999969
5.92E-07,0.9999994
0.0001386,0.99986136
0.007393447,0.9926065
1.21E-06,0.9999988
6.47E-07,0.9999994
1.39E-06,0.99999857
0.000281106,0.99971884
1.40E-07,0.9999999
9.24E-06,0.9999907
3.25E-10,1
1.01E-12,1
1.98E-12,1
6.71E-09,1
4.24E-06,0.9999957
2.09E-06,0.99999785
9.91E-07,0.99999905
0.002826556,0.9971734
1.08E-05,0.99998915
0.000729816,0.99927014
2.21E-06,0.99999774
9.13E-05,0.9999087
3.38E-05,0.99996614
0.000526415,0.99947363
2.09E-05,0.999979
0.000522356,0.9994777
5.57E-05,0.9999442
0.002923718,0.9970763
1.15E-08,1
3.27E-05,0.99996734
0.003522914,0.99647707
0.014809126,0.9851909
6.04E-05,0.99993956
0.000215011,0.999785
0.001265499,0.99873453
0.002007898,0.99799216
9.72E-09,1
2.35E-08,1
1.45E-06,0.99999857
3.07E-05,0.99996924
8.97E-10,1
3.58E-09,1
1.45E-05,0.99998546
2.67E-05,0.9999733
1.39E-06,0.99999857
6.78E-06,0.9999932
0.000182111,0.9998179
0.000399728,0.99960023
1.56E-07,0.9999999
5.15E-10,1
0.15834157,0.8416585
2.76E-09,1
4.09E-09,1
1.28E-08,1
2.43E-05,0.9999758
7.64E-05,0.9999236
4.61E-10,1
1.76E-08,1
6.33E-05,0.9999367
3.06E-05,0.99996936
5.82E-08,1
8.26E-06,0.9999918
4.11E-06,0.99999595
0.00210229,0.99789774
0.000119931,0.9998801
0.009185644,0.9908144
3.04E-06,0.999997
4.18E-06,0.9999958
3.38E-06,0.99999666
0.000324796,0.9996753
0.015510985,0.98448896
0.03949386,0.96050614
0.001330774,0.99866927
0.000418892,0.99958116
0.034885243,0.96511483
0.1630155,0.8369845
0.00359624,0.9964038
0.05264285,0.9473572
0.033301223,0.96669877
9.25E-05,0.9999075
0,1
0,1
0,1
7.43E-27,1
9.94E-14,1
1.24E-09,1
9.17E-09,1
2.26E-06,0.99999774
4.47E-06,0.9999956
1.98E-06,0.999998
0.20443481,0.7955652
0.7026589,0.2973411
0.000637781,0.9993622
0.15726061,0.8427394
0.60512996,0.39487007
0.76972926,0.23027074
0.000177774,0.9998222
0.02316415,0.97683585
0.25562963,0.74437034
0.003260437,0.99673957
0.001107791,0.99889225
0.002517168,0.99748284
0.003482508,0.99651754
0.000664915,0.9993351
0.0001068,0.9998932
0.001119291,0.9988807
0.019908294,0.98009175
0.26523474,0.7347653
0.36509803,0.63490194
0.1153739,0.88462603
0.33586863,0.6641314
0.04121461,0.9587854
0.000203144,0.9997969
0.02099079,0.9790092
0.61644506,0.38355488
5.55E-09,1
6.94E-21,1
1.35E-24,1
2.71E-17,1
2.14E-10,1
9.08E-11,1
7.16E-12,1
1.52E-10,1
6.94E-09,1
6.38E-08,0.9999999
2.78E-10,1
4.99E-07,0.9999995
0.000142154,0.9998578
3.22E-05,0.9999678
0.00550859,0.99449146
0.56433976,0.43566027
0.83447653,0.16552347
0.051472865,0.94852716
0.059953153,0.9400469
0.3551824,0.6448176
0.6312521,0.36874786
0.009852764,0.9901473
0.05216308,0.94783694
0.14914796,0.850852
0.3398901,0.6601099
0.000951503,0.99904853
0.6752927,0.32470733
0.99783224,0.002167817
0.9969324,0.003067631
0.06252658,0.9374734
0.9795843,0.020415781
0.9962353,0.003764659
0.9196618,0.08033818
0.05414071,0.9458593
0.6420505,0.3579495
0.9715201,0.028479882
0.87674457,0.123255394
1.78E-06,0.9999982
7.67E-17,1
2.19E-13,1
1.04E-09,1
3.55E-10,1
6.48E-09,1
1.17E-05,0.9999883
1.01E-05,0.99999
0.002971582,0.9970284
0.00135532,0.99864465
0.005559144,0.99444085
0.08828028,0.9117197
3.62E-08,1
0.003062607,0.9969374
0.83601373,0.16398625
0.7277824,0.27221754
0.001755712,0.9982443
8.66E-08,0.9999999
0.84455776,0.15544225
0.7825422,0.21745774
0.005895644,0.9941043
1.70E-05,0.9999831
0.019542208,0.98045784
0.027515292,0.97248465
5.49E-07,0.9999994
0.001382265,0.99861777
0.00645209,0.99354786
0.046562277,0.9534377
0.009243016,0.99075705
0.010568653,0.9894314
0.001771151,0.99822885
4.98E-06,0.999995
2.05E-14,1
4.04E-15,1
9.86E-13,1
7.65E-08,0.9999999
6.89E-11,1
2.73E-08,1
4.34E-07,0.9999995
4.19E-05,0.99995816
6.79E-08,0.9999999
4.05E-05,0.99995947
1.04E-05,0.9999896
3.06E-05,0.99996936
6.90E-06,0.9999931
0.001628496,0.99837154
0.011890139,0.9881098
0.009256361,0.9907437
4.77E-06,0.99999523
0.004841576,0.9951584
0.4183168,0.5816832
0.2123659,0.7876341
0.000476469,0.9995235
0.01781641,0.9821836
0.017344022,0.982656
0.09484103,0.905159
6.04E-05,0.9999397
0.000440767,0.9995592
0.001875549,0.9981244
0.003552529,0.99644744
2.55E-07,0.99999976
1.34E-06,0.9999987
0.000159375,0.9998406
0.002403467,0.99759656
0.000295107,0.9997049
0.005508425,0.9944916
0.7852712,0.21472873
0.906968,0.09303201
0.000821445,0.9991786
0.011195079,0.98880494
0.026635366,0.9733646
0.8204853,0.1795147
0.000366206,0.9996338
0.000273701,0.99972624
0.001264723,0.99873525
0.7243924,0.27560765
0.020342328,0.9796577
0.029663475,0.97033656
0.92441964,0.07558036
0.13435726,0.8656427
0.4911149,0.5088851
0,1
0,1
2.32E-11,1
7.24E-28,1
4.02E-19,1
3.17E-07,0.99999964
6.31E-05,0.99993694
7.00E-05,0.99993
0.000736212,0.9992638
4.12E-05,0.99995875
0.000243208,0.99975675
3.18E-07,0.99999964
0.000349474,0.9996505
0.000827017,0.999173
0.047442645,0.9525574
0.00131802,0.99868196
1.41E-10,1
1.52E-12,1
5.48E-07,0.9999994
5.72E-10,1
1.33E-09,1
2.83E-06,0.99999714
1.95E-06,0.9999981
4.73E-11,1
1.85E-18,1
0.000382446,0.9996176
0.000474055,0.9995259
1.53E-06,0.99999845
0.000115287,0.9998847
9.87E-05,0.9999013
0.001196286,0.99880373
4.43E-07,0.9999995
1.15E-05,0.99998856
3.20E-05,0.99996805
0.008824345,0.99117565
3.26E-06,0.9999968
0.000569767,0.99943024
0.0003187,0.99968135
0.01716258,0.98283744
0.000209044,0.99979097
0.010218735,0.98978126
0.006629009,0.993371
0.4538696,0.54613036
0.000468796,0.99953127
0.002011966,0.997988
1.87E-06,0.9999981
0.000221614,0.99977845
1.70E-05,0.99998295
1.88E-08,1
4.54E-06,0.99999547
0.000179825,0.9998202
2.79E-06,0.99999726
0.000116236,0.9998838
0.003977373,0.9960226
0.03276346,0.9672365
0.000192349,0.99980766
0.003945401,0.99605453
0.016110824,0.9838892
0.02333268,0.9766673
0.001350445,0.99864954
0.001298897,0.9987011
0.12823214,0.8717679
0.4367186,0.56328136
0.00091544,0.9990846
0.08603511,0.91396487
0.99955755,0.000442479
0.9948774,0.00512258
0.007246671,0.9927533
0.002534061,0.99746597
0.000157873,0.99984205
1.78E-10,1
2.65E-09,1
9.35E-12,1
9.26E-06,0.9999907
0.011824303,0.98817575
0.00031835,0.9996817
0.024677407,0.97532254
0.88810885,0.11189121
0.84108865,0.15891132
6.41E-06,0.99999356
0.001117026,0.99888295
0.15823556,0.84176445
0.2191332,0.78086674
0.000132786,0.9998672
0.005195018,0.9948049
0.13920604,0.860794
0.36652264,0.63347733
0.002883786,0.9971162
0.001312132,0.9986879
0.001809746,0.9981902
0.000793636,0.99920636
2.19E-06,0.99999785
1.10E-08,1
0.003219558,0.9967804
0.005364407,0.9946355
1.88E-15,1
3.70E-15,1
4.15E-06,0.9999958
0.000550713,0.9994493
9.02E-09,1
8.23E-14,1
2.13E-05,0.99997866
4.40E-06,0.9999956
3.04E-10,1
8.92E-07,0.99999917
0.017300144,0.9826999
0.51481366,0.4851863
0.003966831,0.99603313
0.081685185,0.9183149
0.75603825,0.24396174
0.08029237,0.9197076
1.11E-05,0.9999889
0.000620656,0.9993793
0.000958712,0.99904126
0.009472711,0.9905273
9.65E-08,0.9999999
7.64E-07,0.9999993
6.92E-05,0.99993086
0.001957604,0.99804235
4.58E-06,0.99999547
0.00012871,0.99987125
6.14E-05,0.9999386
0.001029416,0.9989706
8.45E-06,0.99999154
1.62E-05,0.9999838
7.19E-05,0.9999281
4.59E-05,0.9999541
2.21E-05,0.99997795
3.63E-06,0.9999964
1.79E-06,0.9999982
1.06E-09,1
5.23E-09,1
5.90E-09,1
2.35E-05,0.9999765
0.000193864,0.9998061
3.37E-07,0.99999964
7.94E-06,0.999992
0.1086751,0.8913249
0.07244115,0.9275589
0.000203888,0.9997961
0.03257115,0.9674288
0.8044549,0.19554512
0.001038363,0.9989617
1.13E-07,0.9999999
0.000957455,0.9990426
0.060487807,0.93951213
0.008031841,0.9919681
3.89E-06,0.99999607
2.11E-06,0.99999785
7.01E-14,1
2.42E-13,1
4.73E-15,1
2.25E-18,1
7.30E-16,1
1.06E-11,1
5.25E-17,1
2.56E-17,1
0.002378893,0.9976211
0.000725303,0.9992747
2.66E-05,0.9999734
0.001655366,0.99834466
0.057903357,0.9420966
0.003038237,0.9969618
2.58E-05,0.99997425
0.021709831,0.97829014
0.008554112,0.9914459
3.03E-05,0.9999697
9.86E-07,0.99999905
0.004127246,0.9958728
0.32497534,0.6750246
0.051595703,0.9484044
1.76E-06,0.9999982
7.55E-06,0.9999925
0.000119011,0.999881
2.51E-07,0.99999976
1.36E-14,1
1.84E-11,1
1.30E-05,0.999987
0.003148187,0.99685186
7.39E-09,1
4.66E-11,1
0.000124281,0.99987566
0.004240124,0.9957599
2.50E-05,0.99997497
0.000142403,0.99985754
8.97E-07,0.99999905
4.03E-05,0.9999597
5.28E-08,1
1.29E-07,0.9999999
3.44E-06,0.99999654
0.000215786,0.9997842
1.36E-06,0.9999987
5.50E-05,0.99994504
1.69E-05,0.9999832
1.50E-05,0.999985
1.71E-09,1
2.71E-05,0.99997294
0.000223247,0.9997768
0.000932397,0.9990676
1.63E-07,0.9999999
0.00025915,0.9997409
0.00042274,0.9995772
0.003007372,0.9969926
4.06E-06,0.99999595
0.000392214,0.99960786
6.85E-05,0.99993145
0.000407857,0.9995921
3.69E-07,0.99999964
3.02E-05,0.99996984
4.32E-07,0.9999995
1.22E-05,0.99998784
3.47E-08,1
6.48E-10,1
0.001678926,0.998321
0.000867925,0.9991321
8.66E-05,0.99991345
0.000218028,0.999782
0.000457093,0.99954295
0.001601734,0.99839824
2.06E-05,0.9999794
0.000669864,0.99933016
0.022951785,0.9770483
0.000808679,0.99919134
1.86E-06,0.9999981
1.06E-08,1
9.12E-07,0.99999905
1.01E-05,0.99999
9.32E-09,1
1.80E-05,0.999982
0.01427437,0.98572564
4.67E-05,0.99995327
3.46E-06,0.99999654
6.34E-08,0.9999999
0.001561085,0.9984389
7.42E-05,0.99992585
5.37E-06,0.99999464
6.95E-10,1
9.08E-10,1
2.50E-08,1
4.59E-07,0.9999995
1.82E-07,0.99999976
0.005758352,0.9942417
0.1670339,0.8329661
0.007604217,0.99239576
8.66E-05,0.99991333
4.66E-05,0.9999534
5.44E-05,0.99994564
0.003307073,0.9966929
4.89E-05,0.9999511
4.97E-06,0.999995
0.000117027,0.99988294
1.29E-06,0.9999987
6.19E-05,0.99993813
0.12622385,0.8737762
0.24480695,0.7551931
0.000201998,0.999798
1.50E-12,1
7.17E-05,0.99992824
8.88E-07,0.99999917
1.15E-11,1
8.33E-12,1
7.49E-08,0.9999999
2.52E-05,0.99997485
1.00E-10,1
1.97E-12,1
1.49E-07,0.9999999
3.69E-05,0.99996305
2.15E-08,1
6.32E-09,1
1.05E-08,1
5.59E-06,0.9999944
4.50E-08,1
1.06E-05,0.9999894
6.43E-05,0.99993575
0.002298509,0.99770147
1.16E-06,0.9999988
1.36E-06,0.9999987
1.88E-05,0.99998116
0.000298559,0.99970144
4.29E-10,1
3.51E-13,1
6.13E-09,1
4.46E-06,0.9999956
1.86E-09,1
5.22E-12,1
1.85E-07,0.99999976
0.000163633,0.9998363
2.59E-08,1
2.78E-07,0.99999976
1.25E-06,0.9999987
4.25E-06,0.9999957
1.32E-07,0.9999999
1.42E-06,0.99999857
5.45E-07,0.9999994
0.00071265,0.9992874
1.18E-06,0.9999988
1.38E-07,0.9999999
2.16E-06,0.99999785
0.000248604,0.9997514
1.46E-08,1
3.01E-07,0.99999964
1.26E-05,0.9999875
3.05E-07,0.99999964
3.24E-08,1
8.79E-08,0.9999999
3.21E-08,1
1.04E-05,0.9999896
7.43E-08,0.9999999
5.40E-07,0.9999994
0.000188346,0.9998117
0.000314289,0.99968576
3.67E-06,0.9999963
9.51E-08,0.9999999
8.03E-05,0.99991965
2.98E-05,0.9999702
9.92E-07,0.99999905
1.20E-05,0.9999881
2.57E-05,0.99997425
8.52E-10,1
5.29E-11,1
1.48E-14,1
9.03E-05,0.99990976
0.000426237,0.99957377
5.01E-05,0.99994993
2.41E-10,1
1.17E-05,0.9999883
0.000123619,0.9998764
9.73E-05,0.9999027
5.54E-05,0.9999447
0.002486824,0.9975132
0.000180459,0.9998196
5.78E-06,0.9999943
2.18E-06,0.99999785
0.000555148,0.9994448
5.72E-06,0.9999943
5.24E-06,0.99999475
1.14E-06,0.9999988
0.021991313,0.9780086
0.012519411,0.9874806
2.68E-05,0.9999732
6.03E-08,0.9999999
0.000843893,0.9991561
2.08E-10,1
3.64E-08,1
2.45E-12,1
0.000226731,0.9997733
7.13E-06,0.99999285
3.55E-06,0.9999964
5.36E-13,1
1.57E-07,0.9999999
3.95E-07,0.99999964
1.50E-07,0.9999999
3.11E-07,0.99999964
6.53E-07,0.9999994
2.58E-11,1
5.12E-12,1
7.44E-09,1
2.92E-06,0.99999714
1.75E-06,0.9999982
3.66E-09,1
6.17E-08,0.9999999
2.82E-07,0.99999976
1.18E-05,0.9999882
4.01E-08,1
8.62E-11,1
7.89E-07,0.99999917
3.49E-07,0.99999964
1.96E-09,1
2.17E-12,1
6.16E-11,1
0.000991949,0.9990081
7.16E-08,0.9999999
4.75E-08,1
1.81E-05,0.9999819
0.000398039,0.999602
1.87E-07,0.99999976
1.25E-08,1
3.66E-07,0.99999964
1.26E-06,0.9999987
1.05E-06,0.9999989
3.86E-06,0.9999962
0.001562891,0.9984371
0.14871767,0.8512823
0.000256732,0.9997433
2.46E-08,1
2.61E-06,0.9999974
3.48E-05,0.9999652
1.14E-06,0.9999988
1.09E-07,0.9999999
0.000200365,0.99979967
1.24E-05,0.9999876
1.02E-05,0.99998975
2.06E-07,0.99999976
7.08E-05,0.9999292
2.13E-05,0.9999788
8.51E-07,0.99999917
9.23E-09,1
6.44E-09,1
8.84E-08,0.9999999
6.94E-09,1
1.70E-09,1
2.34E-09,1
8.94E-08,0.9999999
9.06E-06,0.99999094
0.005544743,0.9944553
0.002692349,0.99730766
9.29E-06,0.9999907
8.18E-08,0.9999999
3.53E-10,1
5.88E-06,0.99999416
0.000116826,0.9998832
3.74E-08,1
4.34E-09,1
0.000191366,0.9998086
7.49E-05,0.99992514
1.62E-06,0.99999833
4.62E-07,0.9999995
0.000160767,0.9998392
0.000351888,0.9996481
0.000227357,0.9997726
0.000236188,0.9997638
5.79E-08,1
0.001250261,0.99874973
7.97E-06,0.999992
5.84E-06,0.99999416
3.52E-06,0.9999964
0.000134065,0.9998659
1.10E-06,0.9999989
1.81E-09,1
2.44E-06,0.9999976
2.00E-08,1
3.28E-08,1
2.86E-09,1
1.38E-09,1
2.17E-06,0.99999785
5.68E-05,0.99994314
0.000561389,0.9994386
0.00042569,0.99957436
0.010434476,0.9895655
2.66E-06,0.9999974
3.17E-06,0.9999968
4.73E-06,0.99999523
6.12E-06,0.9999939
1.49E-06,0.99999845
4.41E-07,0.9999995
1.01E-05,0.99998987
6.31E-06,0.9999937
1.51E-07,0.9999999
4.53E-10,1
2.28E-07,0.99999976
2.18E-06,0.99999785
2.45E-06,0.9999975
1.87E-06,0.9999981
7.61E-08,0.9999999
2.58E-08,1
7.30E-06,0.9999927
5.68E-05,0.99994314
5.53E-09,1
1.63E-08,1
2.36E-06,0.9999976
1.01E-07,0.9999999
1.28E-08,1
1.58E-09,1
1.36E-07,0.9999999
2.09E-08,1
1.29E-08,1
3.18E-10,1
3.33E-08,1
1.53E-08,1
7.11E-08,0.9999999
3.12E-10,1
2.44E-15,1
7.72E-08,0.9999999
9.71E-07,0.99999905
3.49E-12,1
1.51E-11,1
3.13E-10,1
4.26E-09,1
4.52E-11,1
4.05E-10,1
1.72E-10,1
4.64E-10,1
2.02E-09,1
4.30E-10,1
1.09E-09,1
8.43E-07,0.99999917
2.55E-07,0.99999976
5.53E-08,1
6.95E-09,1
2.01E-08,1
1.55E-06,0.99999845
4.38E-07,0.9999995
8.88E-09,1
2.20E-06,0.99999785
1.22E-10,1
1.45E-07,0.9999999
1.68E-09,1
1.43E-06,0.99999857
3.04E-07,0.99999964
5.17E-08,1
4.71E-09,1
3.35E-06,0.99999666
1.86E-07,0.99999976
6.12E-06,0.9999939
3.21E-07,0.99999964
0.000423393,0.9995766
0.000129816,0.9998702
1.78E-05,0.99998224
1.38E-06,0.99999857
0.001312991,0.99868697
3.51E-06,0.99999654
3.16E-06,0.9999969
3.15E-08,1
2.16E-07,0.99999976
1.86E-07,0.99999976
7.12E-07,0.9999993
4.49E-09,1
1.67E-08,1
7.39E-07,0.9999993
1.53E-08,1
5.22E-11,1
2.23E-12,1
1.17E-12,1
2.69E-14,1
1.93E-13,1
1.90E-14,1
2.56E-13,1
1.19E-14,1
1.69E-14,1
3.01E-08,1
2.33E-11,1
7.56E-07,0.9999993
7.00E-08,0.9999999
1.15E-09,1
1.19E-08,1
9.70E-07,0.99999905
9.85E-07,0.99999905
1.90E-09,1
2.12E-11,1
9.63E-08,0.9999999
4.63E-09,1
4.13E-07,0.99999964
6.53E-07,0.9999994
1.83E-06,0.9999982
6.65E-07,0.9999993
5.16E-05,0.9999484
2.32E-05,0.99997675
2.50E-06,0.9999975
3.29E-08,1
3.28E-06,0.99999666
0.00017724,0.9998228
1.27E-07,0.9999999
5.88E-09,1
5.94E-05,0.99994063
3.51E-06,0.99999654
2.71E-06,0.99999726
1.11E-07,0.9999999
7.18E-05,0.9999281
6.79E-05,0.99993217
7.49E-07,0.9999993
2.50E-07,0.99999976
0.000102238,0.9998977
0.000170597,0.9998294
8.60E-07,0.99999917
6.89E-08,0.9999999
3.45E-05,0.9999654
8.48E-07,0.99999917
1.84E-07,0.99999976
1.28E-07,0.9999999
7.24E-06,0.9999927
1.49E-08,1
8.93E-09,1
1.09E-08,1
0.000183917,0.9998161
0.000227561,0.9997725
4.58E-08,1
1.22E-06,0.9999988
0.008021648,0.9919783
0.000461553,0.9995384
1.60E-06,0.99999845
9.18E-08,0.9999999
0.010755406,0.9892446
4.76E-06,0.99999523
2.22E-06,0.99999774
7.11E-09,1
0.000484685,0.9995153
4.00E-05,0.99995995
4.48E-07,0.9999995
1.98E-08,1
0.000286381,0.9997136
3.49E-07,0.99999964
9.89E-09,1
9.83E-08,0.9999999
0.000165335,0.99983466
1.08E-06,0.9999989
2.57E-07,0.99999976
6.86E-07,0.9999993
0.000161069,0.99983895
2.07E-06,0.999998
8.94E-07,0.99999905
1.47E-08,1
1.50E-05,0.999985
1.94E-08,1
2.83E-09,1
3.20E-09,1
6.23E-09,1
1.46E-06,0.99999857
2.65E-07,0.99999976
2.59E-07,0.99999976
0.000715798,0.9992842
2.85E-05,0.9999715
3.61E-07,0.99999964
8.36E-08,0.9999999
2.88E-06,0.99999714
2.82E-06,0.99999714
2.01E-07,0.99999976
8.97E-08,0.9999999
6.24E-06,0.9999938
8.55E-06,0.9999914
2.19E-08,1
3.80E-07,0.99999964
5.07E-05,0.99994934
1.80E-06,0.9999982
1.53E-06,0.99999845
1.08E-07,0.9999999
2.72E-05,0.9999728
1.08E-05,0.99998915
6.88E-08,0.9999999
4.82E-07,0.9999995
0.000325246,0.9996748
0.000227449,0.9997726
1.49E-07,0.9999999
9.16E-09,1
1.40E-05,0.99998593
2.70E-06,0.99999726
6.28E-08,0.9999999
2.14E-09,1
8.06E-08,0.9999999
1.68E-07,0.9999999
2.24E-08,1
2.61E-09,1
6.08E-06,0.9999939
3.31E-06,0.99999666
5.95E-08,1
8.51E-07,0.99999917
0.000188352,0.9998117
0.000137216,0.9998628
6.78E-05,0.99993217
2.38E-06,0.9999976
0.000514094,0.99948585
0.000254118,0.9997459
1.77E-05,0.99998224
3.73E-07,0.99999964
1.28E-05,0.9999871
1.92E-05,0.9999808
4.68E-07,0.9999995
3.48E-09,1
5.41E-09,1
1.32E-06,0.9999987
2.12E-07,0.99999976
5.49E-10,1
1.04E-06,0.9999989
1.01E-06,0.99999905
2.93E-08,1
6.76E-08,0.9999999
1.80E-06,0.9999982
0.000171287,0.9998287
8.66E-09,1
2.06E-08,1
1.91E-13,1
2.55E-06,0.9999975
1.61E-05,0.9999839
4.48E-05,0.9999552
2.15E-07,0.99999976
1.02E-08,1
1.81E-06,0.9999982
1.91E-07,0.99999976
8.55E-07,0.99999917
3.99E-06,0.99999607
2.81E-07,0.99999976
1.95E-07,0.99999976
1.18E-07,0.9999999
2.35E-05,0.9999765
2.83E-08,1
9.86E-08,0.9999999
2.44E-08,1
3.98E-05,0.9999603
1.28E-06,0.9999987
1.80E-07,0.99999976
6.07E-07,0.9999994
1.94E-06,0.9999981
4.90E-07,0.9999995
4.41E-08,1
1.61E-08,1
5.23E-10,1
7.02E-09,1
2.66E-10,1
1.02E-07,0.9999999
1.63E-07,0.9999999
4.09E-08,1
9.52E-06,0.99999046
0.000299956,0.99970007
1.52E-06,0.99999845
4.70E-06,0.99999535
7.49E-07,0.9999993
0.001655399,0.99834454
0.000107967,0.999892
3.61E-06,0.9999964
1.75E-07,0.9999999
4.62E-05,0.99995387
2.92E-06,0.999997
9.78E-07,0.99999905
1.54E-07,0.9999999
0.000167235,0.99983275
5.14E-06,0.9999949
1.11E-06,0.9999989
2.45E-07,0.99999976
0.000322427,0.99967754
3.13E-06,0.9999969
1.09E-07,0.9999999
1.64E-07,0.9999999
0.00035811,0.9996419
5.20E-05,0.999948
7.86E-07,0.99999917
5.92E-08,1
0.00247877,0.9975212
0.000749427,0.9992506
1.66E-06,0.99999833
4.68E-07,0.9999995
2.00E-05,0.99998
1.41E-05,0.99998593
3.19E-07,0.99999964
1.31E-07,0.9999999
1.16E-06,0.9999988
5.33E-05,0.9999467
2.51E-07,0.99999976
2.84E-07,0.99999976
1.05E-06,0.9999989
6.87E-07,0.9999993
4.68E-07,0.9999995
8.97E-10,1
2.89E-08,1
1.57E-09,1
1.97E-08,1
3.33E-09,1
5.07E-07,0.9999995
4.94E-07,0.9999995
1.21E-08,1
1.55E-09,1
1.86E-06,0.9999981
1.67E-07,0.9999999
1.43E-09,1
2.93E-10,1
5.09E-10,1
9.72E-14,1
9.50E-14,1
3.61E-23,1
