,Feature,HSS_mean,HSS_std
0,FRICV_surface,0.483812032912113,0.015818384891262156
1,FRICV_surface,0.483812032912113,0.015818384891262156
2,FRICV_surface,0.5064675281087431,0.015818384891262156
3,FRICV_surface,0.5064675281087431,0.015818384891262156
4,FRICV_surface,0.5064675281087431,0.015818384891262156
5,FRICV_surface,0.5064675281087431,0.015818384891262156
6,FRICV_surface,0.5297689966707743,0.015818384891262156
7,FRICV_surface,0.5297689966707743,0.015818384891262156
8,UGRD_10maboveground,0.5024863020090387,0.015818384891262156
9,UGRD_10maboveground,0.5024863020090387,0.015818384891262156
10,UGRD_10maboveground,0.5024863020090387,0.015818384891262156
11,UGRD_10maboveground,0.5024863020090387,0.015818384891262156
12,UGRD_10maboveground,0.509334981198559,0.015818384891262156
13,UGRD_10maboveground,0.509334981198559,0.015818384891262156
14,UGRD_10maboveground,0.513308488174278,0.015818384891262156
15,UGRD_10maboveground,0.513308488174278,0.015818384891262156
16,UGRD_975mb,0.513308488174278,0.015818384891262156
17,UGRD_975mb,0.513308488174278,0.015818384891262156
18,UGRD_975mb,0.513308488174278,0.015818384891262156
19,UGRD_975mb,0.513308488174278,0.015818384891262156
20,UGRD_975mb,0.513308488174278,0.015818384891262156
21,UGRD_975mb,0.513308488174278,0.015818384891262156
22,UGRD_975mb,0.5297689966707743,0.015818384891262156
23,UGRD_975mb,0.5297689966707743,0.015818384891262156
24,UGRD_950mb,0.5214230575599933,0.015818384891262156
25,UGRD_950mb,0.5214230575599933,0.015818384891262156
26,UGRD_950mb,0.534031844425854,0.015818384891262156
27,UGRD_950mb,0.534031844425854,0.015818384891262156
28,UGRD_950mb,0.49397328283345276,0.015818384891262156
29,UGRD_950mb,0.49397328283345276,0.015818384891262156
30,UGRD_950mb,0.517337457172948,0.015818384891262156
31,UGRD_950mb,0.517337457172948,0.015818384891262156
32,UGRD_925mb,0.49773601190284494,0.015818384891262156
33,UGRD_925mb,0.49773601190284494,0.015818384891262156
34,UGRD_925mb,0.5015498346410738,0.015818384891262156
35,UGRD_925mb,0.5015498346410738,0.015818384891262156
36,UGRD_925mb,0.513308488174278,0.015818384891262156
37,UGRD_925mb,0.513308488174278,0.015818384891262156
38,UGRD_925mb,0.5214230575599933,0.015818384891262156
39,UGRD_925mb,0.5214230575599933,0.015818384891262156
40,UGRD_900mb,0.5105051105943432,0.015818384891262156
41,UGRD_900mb,0.5105051105943432,0.015818384891262156
42,UGRD_900mb,0.49544372938186143,0.015818384891262156
43,UGRD_900mb,0.49544372938186143,0.015818384891262156
44,UGRD_900mb,0.49544372938186143,0.015818384891262156
45,UGRD_900mb,0.49544372938186143,0.015818384891262156
46,UGRD_900mb,0.5024863020090387,0.015818384891262156
47,UGRD_900mb,0.5024863020090387,0.015818384891262156
48,UGRD_875mb,0.49544372938186143,0.015818384891262156
49,UGRD_875mb,0.49544372938186143,0.015818384891262156
50,UGRD_875mb,0.517337457172948,0.015818384891262156
51,UGRD_875mb,0.517337457172948,0.015818384891262156
52,UGRD_875mb,0.5024863020090387,0.015818384891262156
53,UGRD_875mb,0.5024863020090387,0.015818384891262156
54,UGRD_875mb,0.480041547240264,0.015818384891262156
55,UGRD_875mb,0.480041547240264,0.015818384891262156
56,UGRD_850mb,0.5105051105943432,0.015818384891262156
57,UGRD_850mb,0.5105051105943432,0.015818384891262156
58,UGRD_850mb,0.514600254627896,0.015818384891262156
59,UGRD_850mb,0.514600254627896,0.015818384891262156
60,UGRD_850mb,0.534031844425854,0.015818384891262156
61,UGRD_850mb,0.534031844425854,0.015818384891262156
62,UGRD_850mb,0.5229682222851499,0.015818384891262156
63,UGRD_850mb,0.5229682222851499,0.015818384891262156
64,UGRD_825mb,0.5272436343397802,0.015818384891262156
65,UGRD_825mb,0.5272436343397802,0.015818384891262156
66,UGRD_825mb,0.5105051105943432,0.015818384891262156
67,UGRD_825mb,0.5105051105943432,0.015818384891262156
68,UGRD_825mb,0.5187541999808001,0.015818384891262156
69,UGRD_825mb,0.5187541999808001,0.015818384891262156
70,UGRD_825mb,0.5064675281087431,0.015818384891262156
71,UGRD_825mb,0.5064675281087431,0.015818384891262156
72,UGRD_800mb,0.5064675281087431,0.015818384891262156
73,UGRD_800mb,0.5064675281087431,0.015818384891262156
74,UGRD_800mb,0.5054157988548148,0.015818384891262156
75,UGRD_800mb,0.5054157988548148,0.015818384891262156
76,UGRD_800mb,0.517337457172948,0.015818384891262156
77,UGRD_800mb,0.517337457172948,0.015818384891262156
78,UGRD_800mb,0.513308488174278,0.015818384891262156
79,UGRD_800mb,0.513308488174278,0.015818384891262156
80,UGRD_775mb,0.517337457172948,0.015818384891262156
81,UGRD_775mb,0.517337457172948,0.015818384891262156
82,UGRD_775mb,0.49773601190284494,0.015818384891262156
83,UGRD_775mb,0.49773601190284494,0.015818384891262156
84,UGRD_775mb,0.5064675281087431,0.015818384891262156
85,UGRD_775mb,0.5064675281087431,0.015818384891262156
86,UGRD_775mb,0.509334981198559,0.015818384891262156
87,UGRD_775mb,0.509334981198559,0.015818384891262156
88,UGRD_750mb,0.5064675281087431,0.015818384891262156
89,UGRD_750mb,0.5064675281087431,0.015818384891262156
90,UGRD_750mb,0.517337457172948,0.015818384891262156
91,UGRD_750mb,0.517337457172948,0.015818384891262156
92,UGRD_750mb,0.4994315125850178,0.015818384891262156
93,UGRD_750mb,0.4994315125850178,0.015818384891262156
94,UGRD_750mb,0.4994315125850178,0.015818384891262156
95,UGRD_750mb,0.4994315125850178,0.015818384891262156
96,UGRD_725mb,0.4994315125850178,0.015818384891262156
97,UGRD_725mb,0.4994315125850178,0.015818384891262156
98,UGRD_725mb,0.4994315125850178,0.015818384891262156
99,UGRD_725mb,0.4994315125850178,0.015818384891262156
100,UGRD_725mb,0.5297689966707743,0.015818384891262156
101,UGRD_725mb,0.5297689966707743,0.015818384891262156
102,UGRD_725mb,0.5214230575599933,0.015818384891262156
103,UGRD_725mb,0.5214230575599933,0.015818384891262156
104,UGRD_700mb,0.5105051105943432,0.015818384891262156
105,UGRD_700mb,0.5105051105943432,0.015818384891262156
106,UGRD_700mb,0.5214230575599933,0.015818384891262156
107,UGRD_700mb,0.5214230575599933,0.015818384891262156
108,UGRD_700mb,0.49856026054319547,0.015818384891262156
109,UGRD_700mb,0.49856026054319547,0.015818384891262156
110,UGRD_700mb,0.517337457172948,0.015818384891262156
111,UGRD_700mb,0.517337457172948,0.015818384891262156
112,VGRD_10maboveground,0.517337457172948,0.015818384891262156
113,VGRD_10maboveground,0.517337457172948,0.015818384891262156
114,VGRD_10maboveground,0.5064675281087431,0.015818384891262156
115,VGRD_10maboveground,0.5064675281087431,0.015818384891262156
116,VGRD_10maboveground,0.4946882642194115,0.015818384891262156
117,VGRD_10maboveground,0.4946882642194115,0.015818384891262156
118,VGRD_10maboveground,0.4994315125850178,0.015818384891262156
119,VGRD_10maboveground,0.4994315125850178,0.015818384891262156
120,VGRD_975mb,0.5105051105943432,0.015818384891262156
121,VGRD_975mb,0.5105051105943432,0.015818384891262156
122,VGRD_975mb,0.514600254627896,0.015818384891262156
123,VGRD_975mb,0.514600254627896,0.015818384891262156
124,VGRD_975mb,0.5064675281087431,0.015818384891262156
125,VGRD_975mb,0.5064675281087431,0.015818384891262156
126,VGRD_975mb,0.514600254627896,0.015818384891262156
127,VGRD_975mb,0.514600254627896,0.015818384891262156
128,VGRD_950mb,0.517337457172948,0.015818384891262156
129,VGRD_950mb,0.517337457172948,0.015818384891262156
130,VGRD_950mb,0.5214230575599933,0.015818384891262156
131,VGRD_950mb,0.5214230575599933,0.015818384891262156
132,VGRD_950mb,0.517337457172948,0.015818384891262156
133,VGRD_950mb,0.517337457172948,0.015818384891262156
134,VGRD_950mb,0.517337457172948,0.015818384891262156
135,VGRD_950mb,0.517337457172948,0.015818384891262156
136,VGRD_925mb,0.517337457172948,0.015818384891262156
137,VGRD_925mb,0.517337457172948,0.015818384891262156
138,VGRD_925mb,0.5064675281087431,0.015818384891262156
139,VGRD_925mb,0.5064675281087431,0.015818384891262156
140,VGRD_925mb,0.5214230575599933,0.015818384891262156
141,VGRD_925mb,0.5214230575599933,0.015818384891262156
142,VGRD_925mb,0.5105051105943432,0.015818384891262156
143,VGRD_925mb,0.5105051105943432,0.015818384891262156
144,VGRD_900mb,0.5105051105943432,0.015818384891262156
145,VGRD_900mb,0.5105051105943432,0.015818384891262156
146,VGRD_900mb,0.4994315125850178,0.015818384891262156
147,VGRD_900mb,0.4994315125850178,0.015818384891262156
148,VGRD_900mb,0.5105051105943432,0.015818384891262156
149,VGRD_900mb,0.5105051105943432,0.015818384891262156
150,VGRD_900mb,0.5105051105943432,0.015818384891262156
151,VGRD_900mb,0.5105051105943432,0.015818384891262156
152,VGRD_875mb,0.5105051105943432,0.015818384891262156
153,VGRD_875mb,0.5105051105943432,0.015818384891262156
154,VGRD_875mb,0.5064675281087431,0.015818384891262156
155,VGRD_875mb,0.5064675281087431,0.015818384891262156
156,VGRD_875mb,0.517337457172948,0.015818384891262156
157,VGRD_875mb,0.517337457172948,0.015818384891262156
158,VGRD_875mb,0.4876351468451294,0.015818384891262156
159,VGRD_875mb,0.4876351468451294,0.015818384891262156
160,VGRD_850mb,0.509334981198559,0.015818384891262156
161,VGRD_850mb,0.509334981198559,0.015818384891262156
162,VGRD_850mb,0.5064675281087431,0.015818384891262156
163,VGRD_850mb,0.5064675281087431,0.015818384891262156
164,VGRD_850mb,0.5082275565564541,0.015818384891262156
165,VGRD_850mb,0.5082275565564541,0.015818384891262156
166,VGRD_850mb,0.517337457172948,0.015818384891262156
167,VGRD_850mb,0.517337457172948,0.015818384891262156
168,VGRD_825mb,0.5214230575599933,0.015818384891262156
169,VGRD_825mb,0.5214230575599933,0.015818384891262156
170,VGRD_825mb,0.5255664918068249,0.015818384891262156
171,VGRD_825mb,0.5255664918068249,0.015818384891262156
172,VGRD_825mb,0.5214230575599933,0.015818384891262156
173,VGRD_825mb,0.5214230575599933,0.015818384891262156
174,VGRD_825mb,0.513308488174278,0.015818384891262156
175,VGRD_825mb,0.513308488174278,0.015818384891262156
176,VGRD_800mb,0.517337457172948,0.015818384891262156
177,VGRD_800mb,0.517337457172948,0.015818384891262156
178,VGRD_800mb,0.517337457172948,0.015818384891262156
179,VGRD_800mb,0.517337457172948,0.015818384891262156
180,VGRD_800mb,0.5064675281087431,0.015818384891262156
181,VGRD_800mb,0.5064675281087431,0.015818384891262156
182,VGRD_800mb,0.517337457172948,0.015818384891262156
183,VGRD_800mb,0.517337457172948,0.015818384891262156
184,VGRD_775mb,0.5105051105943432,0.015818384891262156
185,VGRD_775mb,0.5105051105943432,0.015818384891262156
186,VGRD_775mb,0.517337457172948,0.015818384891262156
187,VGRD_775mb,0.517337457172948,0.015818384891262156
188,VGRD_775mb,0.5214230575599933,0.015818384891262156
189,VGRD_775mb,0.5214230575599933,0.015818384891262156
190,VGRD_775mb,0.5024863020090387,0.015818384891262156
191,VGRD_775mb,0.5024863020090387,0.015818384891262156
192,VGRD_750mb,0.517337457172948,0.015818384891262156
193,VGRD_750mb,0.517337457172948,0.015818384891262156
194,VGRD_750mb,0.513308488174278,0.015818384891262156
195,VGRD_750mb,0.513308488174278,0.015818384891262156
196,VGRD_750mb,0.4876351468451294,0.015818384891262156
197,VGRD_750mb,0.4876351468451294,0.015818384891262156
198,VGRD_750mb,0.5105051105943432,0.015818384891262156
199,VGRD_750mb,0.5105051105943432,0.015818384891262156
200,VGRD_725mb,0.5064675281087431,0.015818384891262156
201,VGRD_725mb,0.5064675281087431,0.015818384891262156
202,VGRD_725mb,0.5064675281087431,0.015818384891262156
203,VGRD_725mb,0.5064675281087431,0.015818384891262156
204,VGRD_725mb,0.5064675281087431,0.015818384891262156
205,VGRD_725mb,0.5064675281087431,0.015818384891262156
206,VGRD_725mb,0.517337457172948,0.015818384891262156
207,VGRD_725mb,0.517337457172948,0.015818384891262156
208,VGRD_700mb,0.517337457172948,0.015818384891262156
209,VGRD_700mb,0.517337457172948,0.015818384891262156
210,VGRD_700mb,0.509334981198559,0.015818384891262156
211,VGRD_700mb,0.509334981198559,0.015818384891262156
212,VGRD_700mb,0.513308488174278,0.015818384891262156
213,VGRD_700mb,0.513308488174278,0.015818384891262156
214,VGRD_700mb,0.517337457172948,0.015818384891262156
215,VGRD_700mb,0.517337457172948,0.015818384891262156
216,TKE_975mb,0.5064675281087431,0.015818384891262156
217,TKE_975mb,0.5064675281087431,0.015818384891262156
218,TKE_975mb,0.517337457172948,0.015818384891262156
219,TKE_975mb,0.517337457172948,0.015818384891262156
220,TKE_975mb,0.517337457172948,0.015818384891262156
221,TKE_975mb,0.517337457172948,0.015818384891262156
222,TKE_975mb,0.517337457172948,0.015818384891262156
223,TKE_975mb,0.517337457172948,0.015818384891262156
224,TKE_950mb,0.517337457172948,0.015818384891262156
225,TKE_950mb,0.517337457172948,0.015818384891262156
226,TKE_950mb,0.517337457172948,0.015818384891262156
227,TKE_950mb,0.517337457172948,0.015818384891262156
228,TKE_950mb,0.517337457172948,0.015818384891262156
229,TKE_950mb,0.517337457172948,0.015818384891262156
230,TKE_950mb,0.5214230575599933,0.015818384891262156
231,TKE_950mb,0.5214230575599933,0.015818384891262156
232,TKE_925mb,0.517337457172948,0.015818384891262156
233,TKE_925mb,0.517337457172948,0.015818384891262156
234,TKE_925mb,0.513308488174278,0.015818384891262156
235,TKE_925mb,0.513308488174278,0.015818384891262156
236,TKE_925mb,0.517337457172948,0.015818384891262156
237,TKE_925mb,0.517337457172948,0.015818384891262156
238,TKE_925mb,0.5064675281087431,0.015818384891262156
239,TKE_925mb,0.5064675281087431,0.015818384891262156
240,TKE_900mb,0.5064675281087431,0.015818384891262156
241,TKE_900mb,0.5064675281087431,0.015818384891262156
242,TKE_900mb,0.5064675281087431,0.015818384891262156
243,TKE_900mb,0.5064675281087431,0.015818384891262156
244,TKE_900mb,0.5064675281087431,0.015818384891262156
245,TKE_900mb,0.5064675281087431,0.015818384891262156
246,TKE_900mb,0.5064675281087431,0.015818384891262156
247,TKE_900mb,0.5064675281087431,0.015818384891262156
248,TKE_875mb,0.517337457172948,0.015818384891262156
249,TKE_875mb,0.517337457172948,0.015818384891262156
250,TKE_875mb,0.5214230575599933,0.015818384891262156
251,TKE_875mb,0.5214230575599933,0.015818384891262156
252,TKE_875mb,0.517337457172948,0.015818384891262156
253,TKE_875mb,0.517337457172948,0.015818384891262156
254,TKE_875mb,0.513308488174278,0.015818384891262156
255,TKE_875mb,0.513308488174278,0.015818384891262156
256,TKE_850mb,0.513308488174278,0.015818384891262156
257,TKE_850mb,0.513308488174278,0.015818384891262156
258,TKE_850mb,0.513308488174278,0.015818384891262156
259,TKE_850mb,0.513308488174278,0.015818384891262156
260,TKE_850mb,0.509334981198559,0.015818384891262156
261,TKE_850mb,0.509334981198559,0.015818384891262156
262,TKE_850mb,0.5024863020090387,0.015818384891262156
263,TKE_850mb,0.5024863020090387,0.015818384891262156
264,TKE_825mb,0.4994315125850178,0.015818384891262156
265,TKE_825mb,0.4994315125850178,0.015818384891262156
266,TKE_825mb,0.513308488174278,0.015818384891262156
267,TKE_825mb,0.513308488174278,0.015818384891262156
268,TKE_825mb,0.517337457172948,0.015818384891262156
269,TKE_825mb,0.517337457172948,0.015818384891262156
270,TKE_825mb,0.517337457172948,0.015818384891262156
271,TKE_825mb,0.517337457172948,0.015818384891262156
272,TKE_800mb,0.517337457172948,0.015818384891262156
273,TKE_800mb,0.517337457172948,0.015818384891262156
274,TKE_800mb,0.517337457172948,0.015818384891262156
275,TKE_800mb,0.517337457172948,0.015818384891262156
276,TKE_800mb,0.517337457172948,0.015818384891262156
277,TKE_800mb,0.517337457172948,0.015818384891262156
278,TKE_800mb,0.517337457172948,0.015818384891262156
279,TKE_800mb,0.517337457172948,0.015818384891262156
280,TKE_775mb,0.517337457172948,0.015818384891262156
281,TKE_775mb,0.517337457172948,0.015818384891262156
282,TKE_775mb,0.513308488174278,0.015818384891262156
283,TKE_775mb,0.513308488174278,0.015818384891262156
284,TKE_775mb,0.517337457172948,0.015818384891262156
285,TKE_775mb,0.517337457172948,0.015818384891262156
286,TKE_775mb,0.5064675281087431,0.015818384891262156
287,TKE_775mb,0.5064675281087431,0.015818384891262156
288,TKE_750mb,0.5064675281087431,0.015818384891262156
289,TKE_750mb,0.5064675281087431,0.015818384891262156
290,TKE_750mb,0.5024863020090387,0.015818384891262156
291,TKE_750mb,0.5024863020090387,0.015818384891262156
292,TKE_750mb,0.513308488174278,0.015818384891262156
293,TKE_750mb,0.513308488174278,0.015818384891262156
294,TKE_750mb,0.513308488174278,0.015818384891262156
295,TKE_750mb,0.513308488174278,0.015818384891262156
296,TKE_725mb,0.5064675281087431,0.015818384891262156
297,TKE_725mb,0.5064675281087431,0.015818384891262156
298,TKE_725mb,0.517337457172948,0.015818384891262156
299,TKE_725mb,0.517337457172948,0.015818384891262156
300,TKE_725mb,0.517337457172948,0.015818384891262156
301,TKE_725mb,0.517337457172948,0.015818384891262156
302,TKE_725mb,0.517337457172948,0.015818384891262156
303,TKE_725mb,0.517337457172948,0.015818384891262156
304,TKE_700mb,0.513308488174278,0.015818384891262156
305,TKE_700mb,0.513308488174278,0.015818384891262156
306,TKE_700mb,0.517337457172948,0.015818384891262156
307,TKE_700mb,0.517337457172948,0.015818384891262156
308,TKE_700mb,0.509334981198559,0.015818384891262156
309,TKE_700mb,0.509334981198559,0.015818384891262156
310,TKE_700mb,0.513308488174278,0.015818384891262156
311,TKE_700mb,0.513308488174278,0.015818384891262156
312,Q_975mb,0.517337457172948,0.015818384891262156
313,Q_975mb,0.517337457172948,0.015818384891262156
314,Q_975mb,0.517337457172948,0.015818384891262156
315,Q_975mb,0.517337457172948,0.015818384891262156
316,Q_975mb,0.517337457172948,0.015818384891262156
317,Q_975mb,0.517337457172948,0.015818384891262156
318,Q_975mb,0.5064675281087431,0.015818384891262156
319,Q_975mb,0.5064675281087431,0.015818384891262156
320,Q_950mb,0.5105051105943432,0.015818384891262156
321,Q_950mb,0.5105051105943432,0.015818384891262156
322,Q_950mb,0.5214230575599933,0.015818384891262156
323,Q_950mb,0.5214230575599933,0.015818384891262156
324,Q_950mb,0.517337457172948,0.015818384891262156
325,Q_950mb,0.517337457172948,0.015818384891262156
326,Q_950mb,0.517337457172948,0.015818384891262156
327,Q_950mb,0.517337457172948,0.015818384891262156
328,Q_925mb,0.5015498346410738,0.015818384891262156
329,Q_925mb,0.5015498346410738,0.015818384891262156
330,Q_925mb,0.49544372938186143,0.015818384891262156
331,Q_925mb,0.49544372938186143,0.015818384891262156
332,Q_925mb,0.4946882642194115,0.015818384891262156
333,Q_925mb,0.4946882642194115,0.015818384891262156
334,Q_925mb,0.5214230575599933,0.015818384891262156
335,Q_925mb,0.5214230575599933,0.015818384891262156
336,Q_900mb,0.5024863020090387,0.015818384891262156
337,Q_900mb,0.5024863020090387,0.015818384891262156
338,Q_900mb,0.5024863020090387,0.015818384891262156
339,Q_900mb,0.5024863020090387,0.015818384891262156
340,Q_900mb,0.5054157988548148,0.015818384891262156
341,Q_900mb,0.5054157988548148,0.015818384891262156
342,Q_900mb,0.513308488174278,0.015818384891262156
343,Q_900mb,0.513308488174278,0.015818384891262156
344,Q_875mb,0.513308488174278,0.015818384891262156
345,Q_875mb,0.513308488174278,0.015818384891262156
346,Q_875mb,0.5024863020090387,0.015818384891262156
347,Q_875mb,0.5024863020090387,0.015818384891262156
348,Q_875mb,0.49086920470348583,0.015818384891262156
349,Q_875mb,0.49086920470348583,0.015818384891262156
350,Q_875mb,0.49856026054319547,0.015818384891262156
351,Q_875mb,0.49856026054319547,0.015818384891262156
352,Q_850mb,0.517337457172948,0.015818384891262156
353,Q_850mb,0.517337457172948,0.015818384891262156
354,Q_850mb,0.517337457172948,0.015818384891262156
355,Q_850mb,0.517337457172948,0.015818384891262156
356,Q_850mb,0.49856026054319547,0.015818384891262156
357,Q_850mb,0.49856026054319547,0.015818384891262156
358,Q_850mb,0.513308488174278,0.015818384891262156
359,Q_850mb,0.513308488174278,0.015818384891262156
360,Q_825mb,0.509334981198559,0.015818384891262156
361,Q_825mb,0.509334981198559,0.015818384891262156
362,Q_825mb,0.509334981198559,0.015818384891262156
363,Q_825mb,0.509334981198559,0.015818384891262156
364,Q_825mb,0.513308488174278,0.015818384891262156
365,Q_825mb,0.513308488174278,0.015818384891262156
366,Q_825mb,0.513308488174278,0.015818384891262156
367,Q_825mb,0.513308488174278,0.015818384891262156
368,Q_800mb,0.517337457172948,0.015818384891262156
369,Q_800mb,0.517337457172948,0.015818384891262156
370,Q_800mb,0.517337457172948,0.015818384891262156
371,Q_800mb,0.517337457172948,0.015818384891262156
372,Q_800mb,0.513308488174278,0.015818384891262156
373,Q_800mb,0.513308488174278,0.015818384891262156
374,Q_800mb,0.5214230575599933,0.015818384891262156
375,Q_800mb,0.5214230575599933,0.015818384891262156
376,Q_775mb,0.517337457172948,0.015818384891262156
377,Q_775mb,0.517337457172948,0.015818384891262156
378,Q_775mb,0.509334981198559,0.015818384891262156
379,Q_775mb,0.509334981198559,0.015818384891262156
380,Q_775mb,0.49856026054319547,0.015818384891262156
381,Q_775mb,0.49856026054319547,0.015818384891262156
382,Q_775mb,0.513308488174278,0.015818384891262156
383,Q_775mb,0.513308488174278,0.015818384891262156
384,Q_750mb,0.513308488174278,0.015818384891262156
385,Q_750mb,0.513308488174278,0.015818384891262156
386,Q_750mb,0.513308488174278,0.015818384891262156
387,Q_750mb,0.513308488174278,0.015818384891262156
388,Q_750mb,0.513308488174278,0.015818384891262156
389,Q_750mb,0.513308488174278,0.015818384891262156
390,Q_750mb,0.513308488174278,0.015818384891262156
391,Q_750mb,0.513308488174278,0.015818384891262156
392,Q_725mb,0.513308488174278,0.015818384891262156
393,Q_725mb,0.513308488174278,0.015818384891262156
394,Q_725mb,0.513308488174278,0.015818384891262156
395,Q_725mb,0.513308488174278,0.015818384891262156
396,Q_725mb,0.509334981198559,0.015818384891262156
397,Q_725mb,0.509334981198559,0.015818384891262156
398,Q_725mb,0.509334981198559,0.015818384891262156
399,Q_725mb,0.509334981198559,0.015818384891262156
400,Q_700mb,0.509334981198559,0.015818384891262156
401,Q_700mb,0.509334981198559,0.015818384891262156
402,Q_700mb,0.513308488174278,0.015818384891262156
403,Q_700mb,0.513308488174278,0.015818384891262156
404,Q_700mb,0.517337457172948,0.015818384891262156
405,Q_700mb,0.517337457172948,0.015818384891262156
406,Q_700mb,0.517337457172948,0.015818384891262156
407,Q_700mb,0.517337457172948,0.015818384891262156
408,TMP_2maboveground,0.5255664918068249,0.015818384891262156
409,TMP_2maboveground,0.5255664918068249,0.015818384891262156
410,TMP_2maboveground,0.5105051105943432,0.015818384891262156
411,TMP_2maboveground,0.5105051105943432,0.015818384891262156
412,TMP_2maboveground,0.5105051105943432,0.015818384891262156
413,TMP_2maboveground,0.5105051105943432,0.015818384891262156
414,TMP_2maboveground,0.5105051105943432,0.015818384891262156
415,TMP_2maboveground,0.5105051105943432,0.015818384891262156
416,TMP_975mb,0.5255664918068249,0.015818384891262156
417,TMP_975mb,0.5255664918068249,0.015818384891262156
418,TMP_975mb,0.514600254627896,0.015818384891262156
419,TMP_975mb,0.514600254627896,0.015818384891262156
420,TMP_975mb,0.5105051105943432,0.015818384891262156
421,TMP_975mb,0.5105051105943432,0.015818384891262156
422,TMP_975mb,0.5214230575599933,0.015818384891262156
423,TMP_975mb,0.5214230575599933,0.015818384891262156
424,TMP_950mb,0.5214230575599933,0.015818384891262156
425,TMP_950mb,0.5214230575599933,0.015818384891262156
426,TMP_950mb,0.5214230575599933,0.015818384891262156
427,TMP_950mb,0.5214230575599933,0.015818384891262156
428,TMP_950mb,0.517337457172948,0.015818384891262156
429,TMP_950mb,0.517337457172948,0.015818384891262156
430,TMP_950mb,0.5255664918068249,0.015818384891262156
431,TMP_950mb,0.5255664918068249,0.015818384891262156
432,TMP_925mb,0.5214230575599933,0.015818384891262156
433,TMP_925mb,0.5214230575599933,0.015818384891262156
434,TMP_925mb,0.517337457172948,0.015818384891262156
435,TMP_925mb,0.517337457172948,0.015818384891262156
436,TMP_925mb,0.5034765555357461,0.015818384891262156
437,TMP_925mb,0.5034765555357461,0.015818384891262156
438,TMP_925mb,0.5214230575599933,0.015818384891262156
439,TMP_925mb,0.5214230575599933,0.015818384891262156
440,TMP_900mb,0.517337457172948,0.015818384891262156
441,TMP_900mb,0.517337457172948,0.015818384891262156
442,TMP_900mb,0.5064675281087431,0.015818384891262156
443,TMP_900mb,0.5064675281087431,0.015818384891262156
444,TMP_900mb,0.49856026054319547,0.015818384891262156
445,TMP_900mb,0.49856026054319547,0.015818384891262156
446,TMP_900mb,0.517337457172948,0.015818384891262156
447,TMP_900mb,0.517337457172948,0.015818384891262156
448,TMP_875mb,0.517337457172948,0.015818384891262156
449,TMP_875mb,0.517337457172948,0.015818384891262156
450,TMP_875mb,0.5105051105943432,0.015818384891262156
451,TMP_875mb,0.5105051105943432,0.015818384891262156
452,TMP_875mb,0.517337457172948,0.015818384891262156
453,TMP_875mb,0.517337457172948,0.015818384891262156
454,TMP_875mb,0.517337457172948,0.015818384891262156
455,TMP_875mb,0.517337457172948,0.015818384891262156
456,TMP_850mb,0.517337457172948,0.015818384891262156
457,TMP_850mb,0.517337457172948,0.015818384891262156
458,TMP_850mb,0.5214230575599933,0.015818384891262156
459,TMP_850mb,0.5214230575599933,0.015818384891262156
460,TMP_850mb,0.509334981198559,0.015818384891262156
461,TMP_850mb,0.509334981198559,0.015818384891262156
462,TMP_850mb,0.5214230575599933,0.015818384891262156
463,TMP_850mb,0.5214230575599933,0.015818384891262156
464,TMP_825mb,0.5064675281087431,0.015818384891262156
465,TMP_825mb,0.5064675281087431,0.015818384891262156
466,TMP_825mb,0.517337457172948,0.015818384891262156
467,TMP_825mb,0.517337457172948,0.015818384891262156
468,TMP_825mb,0.517337457172948,0.015818384891262156
469,TMP_825mb,0.517337457172948,0.015818384891262156
470,TMP_825mb,0.5214230575599933,0.015818384891262156
471,TMP_825mb,0.5214230575599933,0.015818384891262156
472,TMP_800mb,0.5064675281087431,0.015818384891262156
473,TMP_800mb,0.5064675281087431,0.015818384891262156
474,TMP_800mb,0.5255664918068249,0.015818384891262156
475,TMP_800mb,0.5255664918068249,0.015818384891262156
476,TMP_800mb,0.5255664918068249,0.015818384891262156
477,TMP_800mb,0.5255664918068249,0.015818384891262156
478,TMP_800mb,0.5064675281087431,0.015818384891262156
479,TMP_800mb,0.5064675281087431,0.015818384891262156
480,TMP_775mb,0.5064675281087431,0.015818384891262156
481,TMP_775mb,0.5064675281087431,0.015818384891262156
482,TMP_775mb,0.509334981198559,0.015818384891262156
483,TMP_775mb,0.509334981198559,0.015818384891262156
484,TMP_775mb,0.513308488174278,0.015818384891262156
485,TMP_775mb,0.513308488174278,0.015818384891262156
486,TMP_775mb,0.5105051105943432,0.015818384891262156
487,TMP_775mb,0.5105051105943432,0.015818384891262156
488,TMP_750mb,0.5214230575599933,0.015818384891262156
489,TMP_750mb,0.5214230575599933,0.015818384891262156
490,TMP_750mb,0.514600254627896,0.015818384891262156
491,TMP_750mb,0.514600254627896,0.015818384891262156
492,TMP_750mb,0.5214230575599933,0.015818384891262156
493,TMP_750mb,0.5214230575599933,0.015818384891262156
494,TMP_750mb,0.5105051105943432,0.015818384891262156
495,TMP_750mb,0.5105051105943432,0.015818384891262156
496,TMP_725mb,0.5024863020090387,0.015818384891262156
497,TMP_725mb,0.5024863020090387,0.015818384891262156
498,TMP_725mb,0.513308488174278,0.015818384891262156
499,TMP_725mb,0.513308488174278,0.015818384891262156
500,TMP_725mb,0.5064675281087431,0.015818384891262156
501,TMP_725mb,0.5064675281087431,0.015818384891262156
502,TMP_725mb,0.5105051105943432,0.015818384891262156
503,TMP_725mb,0.5105051105943432,0.015818384891262156
504,TMP_700mb,0.517337457172948,0.015818384891262156
505,TMP_700mb,0.517337457172948,0.015818384891262156
506,TMP_700mb,0.513308488174278,0.015818384891262156
507,TMP_700mb,0.513308488174278,0.015818384891262156
508,TMP_700mb,0.513308488174278,0.015818384891262156
509,TMP_700mb,0.513308488174278,0.015818384891262156
510,TMP_700mb,0.517337457172948,0.015818384891262156
511,TMP_700mb,0.517337457172948,0.015818384891262156
512,DPT_2maboveground,0.517337457172948,0.015818384891262156
513,DPT_2maboveground,0.517337457172948,0.015818384891262156
514,DPT_2maboveground,0.517337457172948,0.015818384891262156
515,DPT_2maboveground,0.517337457172948,0.015818384891262156
516,DPT_2maboveground,0.5064675281087431,0.015818384891262156
517,DPT_2maboveground,0.5064675281087431,0.015818384891262156
518,DPT_2maboveground,0.5064675281087431,0.015818384891262156
519,DPT_2maboveground,0.5064675281087431,0.015818384891262156
520,RH_2maboveground,0.517337457172948,0.015818384891262156
521,RH_2maboveground,0.517337457172948,0.015818384891262156
522,RH_2maboveground,0.517337457172948,0.015818384891262156
523,RH_2maboveground,0.517337457172948,0.015818384891262156
524,RH_2maboveground,0.5214230575599933,0.015818384891262156
525,RH_2maboveground,0.5214230575599933,0.015818384891262156
526,RH_2maboveground,0.5214230575599933,0.015818384891262156
527,RH_2maboveground,0.5214230575599933,0.015818384891262156
528,RH_975mb,0.5214230575599933,0.015818384891262156
529,RH_975mb,0.5214230575599933,0.015818384891262156
530,RH_975mb,0.517337457172948,0.015818384891262156
531,RH_975mb,0.517337457172948,0.015818384891262156
532,RH_975mb,0.5214230575599933,0.015818384891262156
533,RH_975mb,0.5214230575599933,0.015818384891262156
534,RH_975mb,0.517337457172948,0.015818384891262156
535,RH_975mb,0.517337457172948,0.015818384891262156
536,RH_950mb,0.5214230575599933,0.015818384891262156
537,RH_950mb,0.5214230575599933,0.015818384891262156
538,RH_950mb,0.5214230575599933,0.015818384891262156
539,RH_950mb,0.5214230575599933,0.015818384891262156
540,RH_950mb,0.5255664918068249,0.015818384891262156
541,RH_950mb,0.5255664918068249,0.015818384891262156
542,RH_950mb,0.5255664918068249,0.015818384891262156
543,RH_950mb,0.5255664918068249,0.015818384891262156
544,RH_925mb,0.5105051105943432,0.015818384891262156
545,RH_925mb,0.5105051105943432,0.015818384891262156
546,RH_925mb,0.517337457172948,0.015818384891262156
547,RH_925mb,0.517337457172948,0.015818384891262156
548,RH_925mb,0.5064675281087431,0.015818384891262156
549,RH_925mb,0.5064675281087431,0.015818384891262156
550,RH_925mb,0.5024863020090387,0.015818384891262156
551,RH_925mb,0.5024863020090387,0.015818384891262156
552,RH_900mb,0.513308488174278,0.015818384891262156
553,RH_900mb,0.513308488174278,0.015818384891262156
554,RH_900mb,0.5024863020090387,0.015818384891262156
555,RH_900mb,0.5024863020090387,0.015818384891262156
556,RH_900mb,0.514600254627896,0.015818384891262156
557,RH_900mb,0.514600254627896,0.015818384891262156
558,RH_900mb,0.5064675281087431,0.015818384891262156
559,RH_900mb,0.5064675281087431,0.015818384891262156
560,RH_875mb,0.5214230575599933,0.015818384891262156
561,RH_875mb,0.5214230575599933,0.015818384891262156
562,RH_875mb,0.517337457172948,0.015818384891262156
563,RH_875mb,0.517337457172948,0.015818384891262156
564,RH_875mb,0.517337457172948,0.015818384891262156
565,RH_875mb,0.517337457172948,0.015818384891262156
566,RH_875mb,0.509334981198559,0.015818384891262156
567,RH_875mb,0.509334981198559,0.015818384891262156
568,RH_850mb,0.5024863020090387,0.015818384891262156
569,RH_850mb,0.5024863020090387,0.015818384891262156
570,RH_850mb,0.514600254627896,0.015818384891262156
571,RH_850mb,0.514600254627896,0.015818384891262156
572,RH_850mb,0.5064675281087431,0.015818384891262156
573,RH_850mb,0.5064675281087431,0.015818384891262156
574,RH_850mb,0.513308488174278,0.015818384891262156
575,RH_850mb,0.513308488174278,0.015818384891262156
576,RH_825mb,0.517337457172948,0.015818384891262156
577,RH_825mb,0.517337457172948,0.015818384891262156
578,RH_825mb,0.517337457172948,0.015818384891262156
579,RH_825mb,0.517337457172948,0.015818384891262156
580,RH_825mb,0.517337457172948,0.015818384891262156
581,RH_825mb,0.517337457172948,0.015818384891262156
582,RH_825mb,0.5064675281087431,0.015818384891262156
583,RH_825mb,0.5064675281087431,0.015818384891262156
584,RH_800mb,0.5105051105943432,0.015818384891262156
585,RH_800mb,0.5105051105943432,0.015818384891262156
586,RH_800mb,0.5105051105943432,0.015818384891262156
587,RH_800mb,0.5105051105943432,0.015818384891262156
588,RH_800mb,0.5064675281087431,0.015818384891262156
589,RH_800mb,0.5064675281087431,0.015818384891262156
590,RH_800mb,0.5214230575599933,0.015818384891262156
591,RH_800mb,0.5214230575599933,0.015818384891262156
592,RH_775mb,0.5214230575599933,0.015818384891262156
593,RH_775mb,0.5214230575599933,0.015818384891262156
594,RH_775mb,0.5105051105943432,0.015818384891262156
595,RH_775mb,0.5105051105943432,0.015818384891262156
596,RH_775mb,0.5255664918068249,0.015818384891262156
597,RH_775mb,0.5255664918068249,0.015818384891262156
598,RH_775mb,0.5239816981777065,0.015818384891262156
599,RH_775mb,0.5239816981777065,0.015818384891262156
600,RH_750mb,0.513308488174278,0.015818384891262156
601,RH_750mb,0.513308488174278,0.015818384891262156
602,RH_750mb,0.517337457172948,0.015818384891262156
603,RH_750mb,0.517337457172948,0.015818384891262156
604,RH_750mb,0.5024863020090387,0.015818384891262156
605,RH_750mb,0.5024863020090387,0.015818384891262156
606,RH_750mb,0.5064675281087431,0.015818384891262156
607,RH_750mb,0.5064675281087431,0.015818384891262156
608,RH_725mb,0.517337457172948,0.015818384891262156
609,RH_725mb,0.517337457172948,0.015818384891262156
610,RH_725mb,0.5064675281087431,0.015818384891262156
611,RH_725mb,0.5064675281087431,0.015818384891262156
612,RH_725mb,0.5255664918068249,0.015818384891262156
613,RH_725mb,0.5255664918068249,0.015818384891262156
614,RH_725mb,0.5064675281087431,0.015818384891262156
615,RH_725mb,0.5064675281087431,0.015818384891262156
616,RH_700mb,0.5064675281087431,0.015818384891262156
617,RH_700mb,0.5064675281087431,0.015818384891262156
618,RH_700mb,0.517337457172948,0.015818384891262156
619,RH_700mb,0.517337457172948,0.015818384891262156
620,RH_700mb,0.5064675281087431,0.015818384891262156
621,RH_700mb,0.5064675281087431,0.015818384891262156
622,RH_700mb,0.5214230575599933,0.015818384891262156
623,RH_700mb,0.5214230575599933,0.015818384891262156
624,Q_surface,0.5214230575599933,0.015818384891262156
625,Q_surface,0.5214230575599933,0.015818384891262156
626,Q_surface,0.5214230575599933,0.015818384891262156
627,Q_surface,0.5214230575599933,0.015818384891262156
628,Q_surface,0.5246054381610111,0.015818384891262156
629,Q_surface,0.5246054381610111,0.015818384891262156
630,Q_surface,0.514600254627896,0.015818384891262156
631,Q_surface,0.514600254627896,0.015818384891262156
632,LCLT,0.514600254627896,0.015818384891262156
633,LCLT,0.514600254627896,0.015818384891262156
634,LCLT,0.5064675281087431,0.015818384891262156
635,LCLT,0.5064675281087431,0.015818384891262156
636,LCLT,0.5214230575599933,0.015818384891262156
637,LCLT,0.5214230575599933,0.015818384891262156
638,LCLT,0.5064675281087431,0.015818384891262156
639,LCLT,0.5064675281087431,0.015818384891262156
640,VIS_surface,0.5064675281087431,0.015818384891262156
641,VIS_surface,0.5064675281087431,0.015818384891262156
642,VIS_surface,0.5105051105943432,0.015818384891262156
643,VIS_surface,0.5105051105943432,0.015818384891262156
644,VIS_surface,0.4994315125850178,0.015818384891262156
645,VIS_surface,0.4994315125850178,0.015818384891262156
646,VIS_surface,0.514600254627896,0.015818384891262156
647,VIS_surface,0.514600254627896,0.015818384891262156
648,VVEL_975mb,0.4921919785616112,0.015818384891262156
649,VVEL_975mb,0.4921919785616112,0.015818384891262156
650,VVEL_975mb,0.5187541999808001,0.015818384891262156
651,VVEL_975mb,0.5187541999808001,0.015818384891262156
652,VVEL_975mb,0.5187541999808001,0.015818384891262156
653,VVEL_975mb,0.5187541999808001,0.015818384891262156
654,VVEL_975mb,0.5075801004233805,0.015818384891262156
655,VVEL_975mb,0.5075801004233805,0.015818384891262156
656,VVEL_950mb,0.49544372938186143,0.015818384891262156
657,VVEL_950mb,0.49544372938186143,0.015818384891262156
658,VVEL_950mb,0.2654205093919717,0.015818384891262156
659,VVEL_950mb,0.2654205093919717,0.015818384891262156
660,VVEL_950mb,0.5045253660534007,0.015818384891262156
661,VVEL_950mb,0.5045253660534007,0.015818384891262156
662,VVEL_950mb,0.5187541999808001,0.015818384891262156
663,VVEL_950mb,0.5187541999808001,0.015818384891262156
664,VVEL_925mb,0.5045253660534007,0.015818384891262156
665,VVEL_925mb,0.5045253660534007,0.015818384891262156
666,VVEL_925mb,0.5087589527663782,0.015818384891262156
667,VVEL_925mb,0.5087589527663782,0.015818384891262156
668,VVEL_925mb,0.5003539066387279,0.015818384891262156
669,VVEL_925mb,0.5003539066387279,0.015818384891262156
670,VVEL_925mb,0.47734420244701675,0.015818384891262156
671,VVEL_925mb,0.47734420244701675,0.015818384891262156
672,VVEL_900mb,0.5087589527663782,0.015818384891262156
673,VVEL_900mb,0.5087589527663782,0.015818384891262156
674,VVEL_900mb,0.49709069020866775,0.015818384891262156
675,VVEL_900mb,0.49709069020866775,0.015818384891262156
676,VVEL_900mb,0.5130560651226783,0.015818384891262156
677,VVEL_900mb,0.5130560651226783,0.015818384891262156
678,VVEL_900mb,0.4962432169194379,0.015818384891262156
679,VVEL_900mb,0.4962432169194379,0.015818384891262156
680,VVEL_875mb,0.46912602580364837,0.015818384891262156
681,VVEL_875mb,0.46912602580364837,0.015818384891262156
682,VVEL_875mb,0.48819891109069213,0.015818384891262156
683,VVEL_875mb,0.48819891109069213,0.015818384891262156
684,VVEL_875mb,0.5064675281087431,0.015818384891262156
685,VVEL_875mb,0.5064675281087431,0.015818384891262156
686,VVEL_875mb,0.5034765555357461,0.015818384891262156
687,VVEL_875mb,0.5034765555357461,0.015818384891262156
688,VVEL_850mb,0.483812032912113,0.015818384891262156
689,VVEL_850mb,0.483812032912113,0.015818384891262156
690,VVEL_850mb,0.4994315125850178,0.015818384891262156
691,VVEL_850mb,0.4994315125850178,0.015818384891262156
692,VVEL_850mb,0.5034765555357461,0.015818384891262156
693,VVEL_850mb,0.5034765555357461,0.015818384891262156
694,VVEL_850mb,0.5117434256296091,0.015818384891262156
695,VVEL_850mb,0.5117434256296091,0.015818384891262156
696,VVEL_825mb,0.5290214400366888,0.015818384891262156
697,VVEL_825mb,0.5290214400366888,0.015818384891262156
698,VVEL_825mb,0.5130560651226783,0.015818384891262156
699,VVEL_825mb,0.5130560651226783,0.015818384891262156
700,VVEL_825mb,0.5218466731656215,0.015818384891262156
701,VVEL_825mb,0.5218466731656215,0.015818384891262156
702,VVEL_825mb,0.5315817874738074,0.015818384891262156
703,VVEL_825mb,0.5315817874738074,0.015818384891262156
704,VVEL_800mb,0.5075801004233805,0.015818384891262156
705,VVEL_800mb,0.5075801004233805,0.015818384891262156
706,VVEL_800mb,0.4994315125850178,0.015818384891262156
707,VVEL_800mb,0.4994315125850178,0.015818384891262156
708,VVEL_800mb,0.5034765555357461,0.015818384891262156
709,VVEL_800mb,0.5034765555357461,0.015818384891262156
710,VVEL_800mb,0.4994315125850178,0.015818384891262156
711,VVEL_800mb,0.4994315125850178,0.015818384891262156
712,VVEL_775mb,0.4994315125850178,0.015818384891262156
713,VVEL_775mb,0.4994315125850178,0.015818384891262156
714,VVEL_775mb,0.5214230575599933,0.015818384891262156
715,VVEL_775mb,0.5214230575599933,0.015818384891262156
716,VVEL_775mb,0.517337457172948,0.015818384891262156
717,VVEL_775mb,0.517337457172948,0.015818384891262156
718,VVEL_775mb,0.5045253660534007,0.015818384891262156
719,VVEL_775mb,0.5045253660534007,0.015818384891262156
720,VVEL_750mb,0.517337457172948,0.015818384891262156
721,VVEL_750mb,0.517337457172948,0.015818384891262156
722,VVEL_750mb,0.509334981198559,0.015818384891262156
723,VVEL_750mb,0.509334981198559,0.015818384891262156
724,VVEL_750mb,0.513308488174278,0.015818384891262156
725,VVEL_750mb,0.513308488174278,0.015818384891262156
726,VVEL_750mb,0.5105051105943432,0.015818384891262156
727,VVEL_750mb,0.5105051105943432,0.015818384891262156
728,VVEL_725mb,0.49544372938186143,0.015818384891262156
729,VVEL_725mb,0.49544372938186143,0.015818384891262156
730,VVEL_725mb,0.49544372938186143,0.015818384891262156
731,VVEL_725mb,0.49544372938186143,0.015818384891262156
732,VVEL_725mb,0.4994315125850178,0.015818384891262156
733,VVEL_725mb,0.4994315125850178,0.015818384891262156
734,VVEL_725mb,0.4994315125850178,0.015818384891262156
735,VVEL_725mb,0.4994315125850178,0.015818384891262156
736,VVEL_700mb,0.4994315125850178,0.015818384891262156
737,VVEL_700mb,0.4994315125850178,0.015818384891262156
738,VVEL_700mb,0.4994315125850178,0.015818384891262156
739,VVEL_700mb,0.4994315125850178,0.015818384891262156
740,VVEL_700mb,0.4994315125850178,0.015818384891262156
741,VVEL_700mb,0.4994315125850178,0.015818384891262156
742,VVEL_700mb,0.4994315125850178,0.015818384891262156
743,VVEL_700mb,0.4994315125850178,0.015818384891262156
744,analysed_sst,0.5239816981777065,0.015818384891262156
745,analysed_sst,0.5239816981777065,0.015818384891262156
746,analysed_sst,0.49151199865749284,0.015818384891262156
747,analysed_sst,0.49151199865749284,0.015818384891262156
748,analysed_sst,0.4994315125850178,0.015818384891262156
749,analysed_sst,0.4994315125850178,0.015818384891262156
750,analysed_sst,0.4756919512209839,0.015818384891262156
751,analysed_sst,0.4756919512209839,0.015818384891262156
752,TMP-DPT,0.4946882642194115,0.015818384891262156
753,TMP-DPT,0.4946882642194115,0.015818384891262156
754,TMP-DPT,0.5175134658392919,0.015818384891262156
755,TMP-DPT,0.5175134658392919,0.015818384891262156
756,TMP-DPT,0.513308488174278,0.015818384891262156
757,TMP-DPT,0.513308488174278,0.015818384891262156
758,TMP-DPT,0.4649783496981155,0.015818384891262156
759,TMP-DPT,0.4649783496981155,0.015818384891262156
760,TMP-SST,0.5187541999808001,0.015818384891262156
761,TMP-SST,0.5187541999808001,0.015818384891262156
762,TMP-SST,0.5304454964010116,0.015818384891262156
763,TMP-SST,0.5304454964010116,0.015818384891262156
764,TMP-SST,0.520254719512023,0.015818384891262156
765,TMP-SST,0.520254719512023,0.015818384891262156
766,TMP-SST,0.5015498346410738,0.015818384891262156
767,TMP-SST,0.5015498346410738,0.015818384891262156
768,analysed_sst,0.5214230575599933,0.015818384891262156
769,analysed_sst,0.5214230575599933,0.015818384891262156
